ISO-10303-21;
HEADER;
FILE_DESCRIPTION (( 'STEP AP214' ),
    '1' );
FILE_NAME ('robot_arm_base_v1.STEP',
    '2026-06-17T00:06:56',
    ( '' ),
    ( '' ),
    'SwSTEP 2.0',
    'SolidWorks 2025',
    '' );
FILE_SCHEMA (( 'AUTOMOTIVE_DESIGN' ));
ENDSEC;

DATA;
#1 = CARTESIAN_POINT ( 'NONE',  ( -73.59033170281239222, 0.000000000000000000, 22.65972373772572723 ) ) ;
#2 = VECTOR ( 'NONE', #2054, 1000.000000000000000 ) ;
#3 = ORIENTED_EDGE ( 'NONE', *, *, #2196, .T. ) ;
#4 = CARTESIAN_POINT ( 'NONE',  ( 56.71566630909902074, 65.00000000000000000, -14.33817265605800806 ) ) ;
#5 = DIRECTION ( 'NONE',  ( 0.000000000000000000, 1.000000000000000000, 0.000000000000000000 ) ) ;
#6 = ORIENTED_EDGE ( 'NONE', *, *, #3718, .F. ) ;
#7 = DIRECTION ( 'NONE',  ( 0.000000000000000000, 0.000000000000000000, -1.000000000000000000 ) ) ;
#8 = VERTEX_POINT ( 'NONE', #2803 ) ;
#9 = CARTESIAN_POINT ( 'NONE',  ( 16.98060280924200072, 14.88749537471627882, -73.05615774163145204 ) ) ;
#10 = ADVANCED_FACE ( 'NONE', ( #20 ), #2437, .F. ) ;
#11 = CARTESIAN_POINT ( 'NONE',  ( -53.74582414870485536, 15.00000000000000178, -53.48049966883459660 ) ) ;
#12 = ADVANCED_FACE ( 'NONE', ( #3793 ), #309, .T. ) ;
#13 = ORIENTED_EDGE ( 'NONE', *, *, #4228, .T. ) ;
#14 = DIRECTION ( 'NONE',  ( 0.000000000000000000, 0.000000000000000000, 1.000000000000000000 ) ) ;
#15 = CARTESIAN_POINT ( 'NONE',  ( 14.45781687672228699, 0.000000000000000000, 75.63049339492083334 ) ) ;
#16 = PLANE ( 'NONE',  #1374 ) ;
#17 = ORIENTED_EDGE ( 'NONE', *, *, #1616, .T. ) ;
#18 = CARTESIAN_POINT ( 'NONE',  ( 14.08228916563859201, 13.82194042948881041, 73.66606499505276417 ) ) ;
#19 = LINE ( 'NONE', #1732, #269 ) ;
#20 = FACE_OUTER_BOUND ( 'NONE', #3098, .T. ) ;
#21 = DIRECTION ( 'NONE',  ( -0.000000000000000000, 1.000000000000000000, -0.000000000000000000 ) ) ;
#22 = VECTOR ( 'NONE', #995, 1000.000000000000114 ) ;
#23 = CYLINDRICAL_SURFACE ( 'NONE', #3175, 2.000000000000001776 ) ;
#24 = EDGE_CURVE ( 'NONE', #2259, #3032, #4188, .T. ) ;
#25 = ORIENTED_EDGE ( 'NONE', *, *, #3684, .T. ) ;
#26 = CARTESIAN_POINT ( 'NONE',  ( 56.71566630909902074, 55.00000000000000000, -10.33817265605800806 ) ) ;
#27 = ORIENTED_EDGE ( 'NONE', *, *, #245, .F. ) ;
#28 = CARTESIAN_POINT ( 'NONE',  ( 18.97781291412168869, 14.45308281131670114, -74.18412324562275728 ) ) ;
#29 = EDGE_LOOP ( 'NONE', ( #3699, #481, #1379, #3017, #4467, #619 ) ) ;
#30 = CARTESIAN_POINT ( 'NONE',  ( 72.19369915708359997, 65.00000000000000000, -10.05755057925695084 ) ) ;
#31 = VERTEX_POINT ( 'NONE', #4519 ) ;
#32 = VECTOR ( 'NONE', #1446, 1000.000000000000000 ) ;
#33 = CARTESIAN_POINT ( 'NONE',  ( 15.22834599518689203, 14.76896567921105152, 73.76749856088959234 ) ) ;
#34 = EDGE_CURVE ( 'NONE', #845, #2281, #4273, .T. ) ;
#35 = LINE ( 'NONE', #781, #32 ) ;
#36 = EDGE_CURVE ( 'NONE', #2642, #4155, #2032, .T. ) ;
#37 = DIRECTION ( 'NONE',  ( 0.8749263230474013664, 0.000000000000000000, -0.4842560575137437318 ) ) ;
#38 = AXIS2_PLACEMENT_3D ( 'NONE', #1493, #2870, #4323 ) ;
#39 = EDGE_CURVE ( 'NONE', #2274, #2862, #76, .T. ) ;
#40 = ORIENTED_EDGE ( 'NONE', *, *, #3033, .F. ) ;
#41 = CARTESIAN_POINT ( 'NONE',  ( 56.29155138064857766, 14.64327055311554382, -50.73830527092909648 ) ) ;
#42 = AXIS2_PLACEMENT_3D ( 'NONE', #709, #2166, #2906 ) ;
#43 = DIRECTION ( 'NONE',  ( 0.000000000000000000, 0.000000000000000000, 1.000000000000000000 ) ) ;
#44 = DIRECTION ( 'NONE',  ( 0.000000000000000000, 1.000000000000000000, 0.000000000000000000 ) ) ;
#45 = ORIENTED_EDGE ( 'NONE', *, *, #2956, .T. ) ;
#46 = CARTESIAN_POINT ( 'NONE',  ( 73.04445348902481783, 15.00000000000000000, 22.23502020015192926 ) ) ;
#47 = DIRECTION ( 'NONE',  ( -0.000000000000000000, 1.000000000000000000, -0.000000000000000000 ) ) ;
#48 = VERTEX_POINT ( 'NONE', #724 ) ;
#49 = CARTESIAN_POINT ( 'NONE',  ( -70.83782826537046162, 65.00000000000000000, -24.63741233664532615 ) ) ;
#50 = B_SPLINE_CURVE_WITH_KNOTS ( 'NONE', 3,
 ( #127, #147, #4338, #1215, #479, #103, #1920, #3311, #1241, #2624, #1486, #173, #1577, #4386, #4038, #896, #1854, #3247, #1507, #2912, #1164, #2552, #3966, #2930 ),
 .UNSPECIFIED., .F., .F.,
 ( 4, 2, 2, 2, 2, 2, 2, 2, 2, 2, 2, 4 ),
 ( 0.000000000000000000, 0.0009649573973957994381, 0.001447436096093691026, 0.001929914794791583047, 0.002412393493489475068, 0.002894872192187366872, 0.003859829589583128363, 0.004824786986978889421, 0.005789744384374651345, 0.006754701781770413270, 0.007237180480468294666, 0.007719659179166174327 ),
 .UNSPECIFIED. ) ;
#51 = ORIENTED_EDGE ( 'NONE', *, *, #2344, .T. ) ;
#52 = ORIENTED_EDGE ( 'NONE', *, *, #3436, .F. ) ;
#53 = CARTESIAN_POINT ( 'NONE',  ( 19.94364525996538973, 15.00710262026254860, -73.69994806235631302 ) ) ;
#54 = DIRECTION ( 'NONE',  ( 0.000000000000000000, 1.000000000000000000, 0.000000000000000000 ) ) ;
#55 = VERTEX_POINT ( 'NONE', #3511 ) ;
#56 = AXIS2_PLACEMENT_3D ( 'NONE', #4561, #676, #3122 ) ;
#57 = CARTESIAN_POINT ( 'NONE',  ( 56.55533772385706470, 15.00000000000000000, -51.36724418284935467 ) ) ;
#58 = DIRECTION ( 'NONE',  ( 0.000000000000000000, 0.000000000000000000, 1.000000000000000000 ) ) ;
#59 = FACE_OUTER_BOUND ( 'NONE', #932, .T. ) ;
#60 = VECTOR ( 'NONE', #1144, 1000.000000000000000 ) ;
#61 = VERTEX_POINT ( 'NONE', #699 ) ;
#62 = ADVANCED_FACE ( 'NONE', ( #2094 ), #3464, .F. ) ;
#63 = CARTESIAN_POINT ( 'NONE',  ( 55.59315134522775281, 15.05990042397339046, -51.87501972191070365 ) ) ;
#64 = AXIS2_PLACEMENT_3D ( 'NONE', #3683, #3335, #2374 ) ;
#65 = DIRECTION ( 'NONE',  ( -0.000000000000000000, 1.000000000000000000, -0.000000000000000000 ) ) ;
#66 = CARTESIAN_POINT ( 'NONE',  ( -56.75553909973208988, 13.82194042948881041, 49.02865265840764408 ) ) ;
#67 = AXIS2_PLACEMENT_3D ( 'NONE', #4379, #3421, #2278 ) ;
#68 = EDGE_CURVE ( 'NONE', #1848, #2520, #4511, .T. ) ;
#69 =( BOUNDED_CURVE ( )  B_SPLINE_CURVE ( 3, ( #2503, #3620, #3555, #815 ),
 .UNSPECIFIED., .F., .F. ) 
 B_SPLINE_CURVE_WITH_KNOTS ( ( 4, 4 ),
 ( 4.336808689942017736E-16, 0.4873002987982598677 ),
 .UNSPECIFIED. ) 
 CURVE ( )  GEOMETRIC_REPRESENTATION_ITEM ( )  RATIONAL_B_SPLINE_CURVE ( ( 1.000000000000000000, 0.9803092372214117223, 0.9803092372214117223, 1.000000000000000000 ) ) 
 REPRESENTATION_ITEM ( '' )  );
#70 = CARTESIAN_POINT ( 'NONE',  ( 72.72683701911367393, 0.000000000000000000, 23.29440999895586373 ) ) ;
#71 = DIRECTION ( 'NONE',  ( 0.000000000000000000, 0.000000000000000000, 1.000000000000000000 ) ) ;
#72 = DIRECTION ( 'NONE',  ( 0.000000000000000000, 1.000000000000000000, 0.000000000000000000 ) ) ;
#73 = VERTEX_POINT ( 'NONE', #998 ) ;
#74 = DIRECTION ( 'NONE',  ( -0.9998364509556316726, 0.000000000000000000, -0.01808511378030502534 ) ) ;
#75 = EDGE_LOOP ( 'NONE', ( #782, #3, #98, #591 ) ) ;
#76 = CIRCLE ( 'NONE', #1700, 1.250000000000001110 ) ;
#77 = DIRECTION ( 'NONE',  ( -0.8568412092670970592, -0.000000000000000000, -0.5155803934418945467 ) ) ;
#78 = CARTESIAN_POINT ( 'NONE',  ( 23.13402867837321963, 65.00000000000000000, -8.194495601027412590 ) ) ;
#79 = VERTEX_POINT ( 'NONE', #632 ) ;
#80 = CARTESIAN_POINT ( 'NONE',  ( -54.25424192750605812, 15.49475399352869864, -50.46487092805746499 ) ) ;
#81 = CARTESIAN_POINT ( 'NONE',  ( 16.46276242146669588, 15.21500962731349738, 73.35985218391699902 ) ) ;
#82 = EDGE_CURVE ( 'NONE', #491, #2545, #2390, .T. ) ;
#83 = CARTESIAN_POINT ( 'NONE',  ( -19.94364525996587645, 15.00710262026253794, 73.69994806235615670 ) ) ;
#84 = EDGE_LOOP ( 'NONE', ( #1972, #446, #3876, #177 ) ) ;
#85 = FACE_BOUND ( 'NONE', #146, .T. ) ;
#86 = ORIENTED_EDGE ( 'NONE', *, *, #4064, .F. ) ;
#87 = CARTESIAN_POINT ( 'NONE',  ( 55.64337023726217524, 15.45328883575763612, -49.01387496348038297 ) ) ;
#88 = DIRECTION ( 'NONE',  ( 0.000000000000000000, 0.000000000000000000, 1.000000000000000000 ) ) ;
#89 = CARTESIAN_POINT ( 'NONE',  ( 55.80054771489135845, 0.000000000000000000, -50.11286137029232179 ) ) ;
#90 = DIRECTION ( 'NONE',  ( 0.000000000000000000, 0.000000000000000000, -1.000000000000000000 ) ) ;
#91 = CARTESIAN_POINT ( 'NONE',  ( 71.84556966034087111, 13.52695396056561528, 23.29440999895586017 ) ) ;
#92 = ORIENTED_EDGE ( 'NONE', *, *, #4474, .T. ) ;
#93 = ORIENTED_EDGE ( 'NONE', *, *, #4496, .T. ) ;
#94 = CARTESIAN_POINT ( 'NONE',  ( 14.45781687672228699, 65.00000000000000000, 73.63049339492083334 ) ) ;
#95 =( BOUNDED_CURVE ( )  B_SPLINE_CURVE ( 3, ( #1475, #2872, #2892, #1126 ),
 .UNSPECIFIED., .F., .F. ) 
 B_SPLINE_CURVE_WITH_KNOTS ( ( 4, 4 ),
 ( 3.141592653589793560, 4.712388980384691450 ),
 .UNSPECIFIED. ) 
 CURVE ( )  GEOMETRIC_REPRESENTATION_ITEM ( )  RATIONAL_B_SPLINE_CURVE ( ( 1.000000000000000000, 0.8047378541243646044, 0.8047378541243646044, 1.000000000000000000 ) ) 
 REPRESENTATION_ITEM ( '' )  );
#96 = EDGE_CURVE ( 'NONE', #3450, #61, #4113, .T. ) ;
#98 = ORIENTED_EDGE ( 'NONE', *, *, #1557, .F. ) ;
#97 = AXIS2_PLACEMENT_3D ( 'NONE', #3393, #3720, #1591 ) ;
#99 = CARTESIAN_POINT ( 'NONE',  ( 175.3329403931203672, -7.119832299250228314E-06, -16.82410904033793031 ) ) ;
#100 = VERTEX_POINT ( 'NONE', #4541 ) ;
#101 = CARTESIAN_POINT ( 'NONE',  ( -53.85507452722801247, 15.00000000000000000, -52.19799754460623120 ) ) ;
#102 = ORIENTED_EDGE ( 'NONE', *, *, #2010, .T. ) ;
#103 = CARTESIAN_POINT ( 'NONE',  ( 59.00480812137455189, 54.69834219174469325, -11.05439705586682919 ) ) ;
#104 = DIRECTION ( 'NONE',  ( 0.000000000000000000, 1.000000000000000000, 0.000000000000000000 ) ) ;
#105 = CARTESIAN_POINT ( 'NONE',  ( 73.04445348902481783, 15.00000000000000000, 22.23502020015192926 ) ) ;
#106 = ORIENTED_EDGE ( 'NONE', *, *, #2911, .T. ) ;
#107 = EDGE_CURVE ( 'NONE', #1455, #1627, #2609, .T. ) ;
#108 = CARTESIAN_POINT ( 'NONE',  ( 14.08228916563859023, 0.000000000000000000, 73.66606499505276417 ) ) ;
#109 = AXIS2_PLACEMENT_3D ( 'NONE', #1781, #385, #3169 ) ;
#110 = CARTESIAN_POINT ( 'NONE',  ( 72.13232916392099980, 15.00000000000000000, -20.54086389097971832 ) ) ;
#111 = CARTESIAN_POINT ( 'NONE',  ( -174.3134963854919590, -1.977872705736595238, -23.13126251145404666 ) ) ;
#112 = CIRCLE ( 'NONE', #1146, 75.00000000000001421 ) ;
#113 = CARTESIAN_POINT ( 'NONE',  ( -30.61945559756750157, 50.00000000000000000, 2.935579350582935287 ) ) ;
#114 = DIRECTION ( 'NONE',  ( 0.9998364509556316726, -0.000000000000000000, 0.01808511378030502534 ) ) ;
#115 = VERTEX_POINT ( 'NONE', #2786 ) ;
#116 = DIRECTION ( 'NONE',  ( -0.8749263230474039199, -0.000000000000000000, 0.4842560575137391798 ) ) ;
#117 = AXIS2_PLACEMENT_3D ( 'NONE', #1939, #199, #2948 ) ;
#118 = EDGE_CURVE ( 'NONE', #2587, #1306, #1340, .T. ) ;
#119 = VERTEX_POINT ( 'NONE', #3906 ) ;
#120 = CARTESIAN_POINT ( 'NONE',  ( -56.06280114672030379, 15.00000000000000000, 53.17540194660406172 ) ) ;
#121 = ORIENTED_EDGE ( 'NONE', *, *, #710, .F. ) ;
#122 = EDGE_CURVE ( 'NONE', #3963, #459, #3187, .T. ) ;
#123 = ORIENTED_EDGE ( 'NONE', *, *, #3649, .F. ) ;
#124 = LINE ( 'NONE', #30, #4380 ) ;
#125 = ORIENTED_EDGE ( 'NONE', *, *, #2791, .T. ) ;
#126 = ADVANCED_FACE ( 'NONE', ( #420 ), #3974, .T. ) ;
#127 = CARTESIAN_POINT ( 'NONE',  ( 57.56290006525726710, 55.00000000000000000, -10.42892784888284297 ) ) ;
#128 = CARTESIAN_POINT ( 'NONE',  ( 72.22704816959989671, 15.26352126214768923, -19.97591044019298678 ) ) ;
#129 = VERTEX_POINT ( 'NONE', #4233 ) ;
#130 = CARTESIAN_POINT ( 'NONE',  ( 54.65567818544267453, 14.86417934356172843, 51.42792490631867253 ) ) ;
#131 = CARTESIAN_POINT ( 'NONE',  ( 56.03517999499842972, 15.49482668900824756, -48.47827082444387514 ) ) ;
#132 = AXIS2_PLACEMENT_3D ( 'NONE', #1124, #4274, #1860 ) ;
#133 = PLANE ( 'NONE',  #3929 ) ;
#134 = DIRECTION ( 'NONE',  ( 5.329070518200751394E-15, 0.000000000000000000, 1.000000000000000000 ) ) ;
#135 = VECTOR ( 'NONE', #2377, 1000.000000000000000 ) ;
#136 = CARTESIAN_POINT ( 'NONE',  ( -24.13000000000000256, 25.00000000000000000, -21.10999999999998877 ) ) ;
#137 = CARTESIAN_POINT ( 'NONE',  ( 161.8887207428489887, 0.000000000000000000, -19.06224896175727679 ) ) ;
#138 = ORIENTED_EDGE ( 'NONE', *, *, #2093, .T. ) ;
#139 = CARTESIAN_POINT ( 'NONE',  ( 64.43596851727775743, 0.000000000000000000, -149.7308692303512601 ) ) ;
#140 = VECTOR ( 'NONE', #1483, 1000.000000000000000 ) ;
#141 = ORIENTED_EDGE ( 'NONE', *, *, #4400, .F. ) ;
#142 = DIRECTION ( 'NONE',  ( 0.000000000000000000, 1.000000000000000000, 0.000000000000000000 ) ) ;
#143 = ORIENTED_EDGE ( 'NONE', *, *, #748, .F. ) ;
#144 = CARTESIAN_POINT ( 'NONE',  ( 58.30485780803712004, 54.96053026059914259, 9.918189318064953852 ) ) ;
#145 = VECTOR ( 'NONE', #2517, 1000.000000000000000 ) ;
#146 = EDGE_LOOP ( 'NONE', ( #501, #1902 ) ) ;
#147 = CARTESIAN_POINT ( 'NONE',  ( 57.88281119099239191, 55.00000000000000711, -10.49826080654154836 ) ) ;
#148 = EDGE_CURVE ( 'NONE', #3040, #1718, #2273, .T. ) ;
#149 = ORIENTED_EDGE ( 'NONE', *, *, #531, .F. ) ;
#150 = CARTESIAN_POINT ( 'NONE',  ( 72.13874159603375347, 14.80485542351246409, -21.26119432752169658 ) ) ;
#151 = VERTEX_POINT ( 'NONE', #1495 ) ;
#152 = DIRECTION ( 'NONE',  ( -0.2230034993739967164, 0.000000000000000000, 0.9748176441093748812 ) ) ;
#153 = DIRECTION ( 'NONE',  ( -0.000000000000000000, -1.000000000000000000, 0.000000000000000000 ) ) ;
#154 = DIRECTION ( 'NONE',  ( 0.000000000000000000, -0.000000000000000000, 1.000000000000000000 ) ) ;
#155 = CARTESIAN_POINT ( 'NONE',  ( 60.59366058664425481, 25.00000000000000000, -15.31856052997650330 ) ) ;
#156 = ORIENTED_EDGE ( 'NONE', *, *, #3911, .T. ) ;
#157 = EDGE_LOOP ( 'NONE', ( #2649, #1511, #948 ) ) ;
#158 = DIRECTION ( 'NONE',  ( 0.9998364509556316726, 0.000000000000000000, 0.01808511378030502534 ) ) ;
#159 = PLANE ( 'NONE',  #1457 ) ;
#160 = LINE ( 'NONE', #2248, #4067 ) ;
#161 = EDGE_LOOP ( 'NONE', ( #4260, #3384, #673, #1764 ) ) ;
#162 = LINE ( 'NONE', #819, #485 ) ;
#163 = B_SPLINE_CURVE_WITH_KNOTS ( 'NONE', 3,
 ( #4326, #1177, #397, #443, #3598, #467 ),
 .UNSPECIFIED., .F., .F.,
 ( 4, 2, 4 ),
 ( 0.000000000000000000, 0.0009917329949729353656, 0.001983465989945870731 ),
 .UNSPECIFIED. ) ;
#164 = ORIENTED_EDGE ( 'NONE', *, *, #3887, .T. ) ;
#165 = ORIENTED_EDGE ( 'NONE', *, *, #2847, .F. ) ;
#166 = CARTESIAN_POINT ( 'NONE',  ( 0.000000000000000000, 45.00000000000000000, 0.000000000000000000 ) ) ;
#167 = EDGE_CURVE ( 'NONE', #3288, #2529, #445, .T. ) ;
#168 = VERTEX_POINT ( 'NONE', #3618 ) ;
#169 = FACE_OUTER_BOUND ( 'NONE', #2033, .T. ) ;
#170 = ORIENTED_EDGE ( 'NONE', *, *, #4123, .F. ) ;
#171 = CARTESIAN_POINT ( 'NONE',  ( 60.63466022819326184, 53.17918502256945601, 12.26698249713476585 ) ) ;
#172 = EDGE_LOOP ( 'NONE', ( #1138, #4101 ) ) ;
#173 = CARTESIAN_POINT ( 'NONE',  ( 60.01389972172028564, 53.95145362274925560, -12.05851767551448361 ) ) ;
#174 = EDGE_LOOP ( 'NONE', ( #2419, #2695, #991, #1485 ) ) ;
#175 = CARTESIAN_POINT ( 'NONE',  ( 71.86572852551338997, 14.86417934356135184, -21.61924331649888487 ) ) ;
#176 = AXIS2_PLACEMENT_3D ( 'NONE', #286, #629, #190 ) ;
#177 = ORIENTED_EDGE ( 'NONE', *, *, #1517, .T. ) ;
#178 = DIRECTION ( 'NONE',  ( -0.8660254037844363761, 0.000000000000000000, 0.5000000000000039968 ) ) ;
#179 = EDGE_CURVE ( 'NONE', #2254, #3170, #1985, .T. ) ;
#180 = FACE_OUTER_BOUND ( 'NONE', #3677, .T. ) ;
#181 = DIRECTION ( 'NONE',  ( -1.000000000000000000, 0.000000000000000000, 0.000000000000000000 ) ) ;
#182 = EDGE_CURVE ( 'NONE', #2324, #1111, #3225, .T. ) ;
#183 = DIRECTION ( 'NONE',  ( -3.469446951953614189E-15, 0.000000000000000000, -1.000000000000000000 ) ) ;
#185 = CARTESIAN_POINT ( 'NONE',  ( -73.79703210361148535, 15.00000000000000000, 19.59196809082504842 ) ) ;
#184 = CIRCLE ( 'NONE', #4293, 75.00000000000001421 ) ;
#186 = EDGE_CURVE ( 'NONE', #3559, #4082, #4118, .T. ) ;
#187 = CARTESIAN_POINT ( 'NONE',  ( -16.72526245305026293, 13.82249539609410682, 73.11132330820302627 ) ) ;
#188 = PRODUCT_DEFINITION_FORMATION_WITH_SPECIFIED_SOURCE ( 'ANY', '', #537, .NOT_KNOWN. ) ;
#189 = CIRCLE ( 'NONE', #1660, 4.000000000000000000 ) ;
#190 = DIRECTION ( 'NONE',  ( 0.8660254037844328234, 0.000000000000000000, -0.5000000000000101030 ) ) ;
#191 = ORIENTED_EDGE ( 'NONE', *, *, #4427, .T. ) ;
#192 = CARTESIAN_POINT ( 'NONE',  ( 73.10096304599312589, 0.000000000000000000, -160.2520691426763904 ) ) ;
#193 = EDGE_LOOP ( 'NONE', ( #361, #1991, #2879, #4546 ) ) ;
#194 = LINE ( 'NONE', #4473, #2264 ) ;
#195 = STYLED_ITEM ( 'NONE', ( #1974 ), #4098 ) ;
#196 = ORIENTED_EDGE ( 'NONE', *, *, #988, .F. ) ;
#197 = CARTESIAN_POINT ( 'NONE',  ( -17.75326627275738645, 13.65714802978490283, 73.13599447672794440 ) ) ;
#198 = VERTEX_POINT ( 'NONE', #1108 ) ;
#199 = DIRECTION ( 'NONE',  ( 0.000000000000000000, 1.000000000000000000, 0.000000000000000000 ) ) ;
#200 = CIRCLE ( 'NONE', #2242, 2.000000000000001776 ) ;
#201 = EDGE_LOOP ( 'NONE', ( #2076, #3272, #2993, #1598, #1934, #2589, #705, #867, #763, #2626 ) ) ;
#202 = CARTESIAN_POINT ( 'NONE',  ( 38.66852950814161716, 15.00000000000000000, -64.26309069503258797 ) ) ;
#203 = CARTESIAN_POINT ( 'NONE',  ( 16.29495147479144279, 14.45336097005394826, 74.81967735023553701 ) ) ;
#204 = ORIENTED_EDGE ( 'NONE', *, *, #3541, .F. ) ;
#205 = CARTESIAN_POINT ( 'NONE',  ( -71.49870072495494355, 14.76896567921141035, -23.69561479099536783 ) ) ;
#206 = CARTESIAN_POINT ( 'NONE',  ( 8.970000000000002416, 31.00000000000000000, 31.75000000000000711 ) ) ;
#207 = DIRECTION ( 'NONE',  ( 0.8660254037844328234, 0.000000000000000000, -0.5000000000000099920 ) ) ;
#208 = PLANE ( 'NONE',  #1583 ) ;
#209 = EDGE_CURVE ( 'NONE', #818, #115, #2127, .T. ) ;
#210 = CARTESIAN_POINT ( 'NONE',  ( 18.82271466184043263, 55.00000000000000000, 8.980342722836025970 ) ) ;
#211 = CARTESIAN_POINT ( 'NONE',  ( -58.90763308432005374, 54.50782557484527047, -13.46908820565913700 ) ) ;
#212 = AXIS2_PLACEMENT_3D ( 'NONE', #3035, #1293, #3441 ) ;
#213 = LINE ( 'NONE', #2663, #22 ) ;
#214 = ORIENTED_EDGE ( 'NONE', *, *, #167, .T. ) ;
#215 = CARTESIAN_POINT ( 'NONE',  ( -16.20766952281762485, 13.25176592379589202, -74.66198127989325428 ) ) ;
#216 = EDGE_CURVE ( 'NONE', #2542, #614, #2420, .T. ) ;
#217 = VECTOR ( 'NONE', #2402, 1000.000000000000000 ) ;
#218 = EDGE_LOOP ( 'NONE', ( #2047, #2184 ) ) ;
#219 = VERTEX_POINT ( 'NONE', #1885 ) ;
#220 = CARTESIAN_POINT ( 'NONE',  ( -24.13000000000000256, 31.00000000000000000, -24.60999999999998877 ) ) ;
#221 = VECTOR ( 'NONE', #3216, 1000.000000000000114 ) ;
#222 = ORIENTED_EDGE ( 'NONE', *, *, #1006, .F. ) ;
#223 = LINE ( 'NONE', #313, #560 ) ;
#224 = CARTESIAN_POINT ( 'NONE',  ( 59.89153215553148613, 54.20345616686643098, 11.03256961552248328 ) ) ;
#225 = ORIENTED_EDGE ( 'NONE', *, *, #1898, .F. ) ;
#226 =( BOUNDED_CURVE ( )  B_SPLINE_CURVE ( 3, ( #137, #3644, #4280, #1128 ),
 .UNSPECIFIED., .F., .F. ) 
 B_SPLINE_CURVE_WITH_KNOTS ( ( 4, 4 ),
 ( 4.712388980384689674, 6.280502120815710576 ),
 .UNSPECIFIED. ) 
 CURVE ( )  GEOMETRIC_REPRESENTATION_ITEM ( )  RATIONAL_B_SPLINE_CURVE ( ( 1.000000000000000000, 0.8053698627917786901, 0.8053698627917786901, 1.000000000000000000 ) ) 
 REPRESENTATION_ITEM ( '' )  );
#227 = CARTESIAN_POINT ( 'NONE',  ( -24.13000000000000256, 25.00000000000000000, -21.10999999999998877 ) ) ;
#228 = CARTESIAN_POINT ( 'NONE',  ( -18.92999999999999616, 25.00000000000000000, 31.75000000000000711 ) ) ;
#229 = AXIS2_PLACEMENT_3D ( 'NONE', #950, #1954, #927 ) ;
#230 = EDGE_CURVE ( 'NONE', #2204, #4117, #4211, .T. ) ;
#231 = DIRECTION ( 'NONE',  ( 0.000000000000000000, 0.000000000000000000, -1.000000000000000000 ) ) ;
#232 = CARTESIAN_POINT ( 'NONE',  ( -70.83782826537046162, 13.82194042948880330, -24.63741233664532615 ) ) ;
#233 = EDGE_CURVE ( 'NONE', #4390, #2616, #2493, .T. ) ;
#234 = DIRECTION ( 'NONE',  ( -0.000000000000000000, -1.000000000000000000, -0.000000000000000000 ) ) ;
#235 = CARTESIAN_POINT ( 'NONE',  ( 107.3419720074407735, 4.298423953123442117E-15, -139.6484932627409137 ) ) ;
#236 = ORIENTED_EDGE ( 'NONE', *, *, #68, .T. ) ;
#237 = LINE ( 'NONE', #2681, #3011 ) ;
#238 = PLANE ( 'NONE',  #212 ) ;
#239 = CARTESIAN_POINT ( 'NONE',  ( -14.33949745783988661, 14.88768880342959022, -73.62011976615895037 ) ) ;
#240 = ORIENTED_EDGE ( 'NONE', *, *, #3659, .T. ) ;
#241 = LINE ( 'NONE', #980, #516 ) ;
#242 = EDGE_LOOP ( 'NONE', ( #2854, #1003 ) ) ;
#243 = EDGE_CURVE ( 'NONE', #3170, #2035, #2220, .T. ) ;
#244 = CARTESIAN_POINT ( 'NONE',  ( -24.13000000000000256, 25.00000000000000000, -22.35999999999999233 ) ) ;
#245 = EDGE_CURVE ( 'NONE', #1113, #4416, #95, .T. ) ;
#246 = CARTESIAN_POINT ( 'NONE',  ( -71.38728062746005776, 0.000000000000000000, 161.2832299295596670 ) ) ;
#247 = VERTEX_POINT ( 'NONE', #70 ) ;
#248 = ORIENTED_EDGE ( 'NONE', *, *, #3572, .T. ) ;
#249 = FACE_OUTER_BOUND ( 'NONE', #4054, .T. ) ;
#250 =( BOUNDED_CURVE ( )  B_SPLINE_CURVE ( 3, ( #4186, #3147, #3185, #2848 ),
 .UNSPECIFIED., .F., .F. ) 
 B_SPLINE_CURVE_WITH_KNOTS ( ( 4, 4 ),
 ( 4.712388980384689674, 6.283185307179586232 ),
 .UNSPECIFIED. ) 
 CURVE ( )  GEOMETRIC_REPRESENTATION_ITEM ( )  RATIONAL_B_SPLINE_CURVE ( ( 1.000000000000000000, 0.8047378541243649375, 0.8047378541243649375, 1.000000000000000000 ) ) 
 REPRESENTATION_ITEM ( '' )  );
#251 = DIRECTION ( 'NONE',  ( 0.000000000000000000, 1.000000000000000000, 0.000000000000000000 ) ) ;
#252 = AXIS2_PLACEMENT_3D ( 'NONE', #4191, #3514, #383 ) ;
#253 = LINE ( 'NONE', #924, #1904 ) ;
#254 = DIRECTION ( 'NONE',  ( 0.2230034993739967164, -0.000000000000000000, -0.9748176441093748812 ) ) ;
#255 = EDGE_CURVE ( 'NONE', #2616, #912, #4277, .T. ) ;
#256 = APPLICATION_CONTEXT ( 'automotive_design' ) ;
#257 = CARTESIAN_POINT ( 'NONE',  ( -56.29568908080456424, 13.65660588018482180, 49.94854867823799793 ) ) ;
#258 = CARTESIAN_POINT ( 'NONE',  ( -58.56643612684253242, 54.69834208310865620, -13.18103436426822483 ) ) ;
#259 = AXIS2_PLACEMENT_3D ( 'NONE', #1361, #328, #3836 ) ;
#260 = DIRECTION ( 'NONE',  ( -0.01808511378031029543, -0.000000000000000000, 0.9998364509556315616 ) ) ;
#261 = CARTESIAN_POINT ( 'NONE',  ( 72.19369915708359997, 65.00000000000000000, -10.05755057925695084 ) ) ;
#262 = VECTOR ( 'NONE', #254, 1000.000000000000000 ) ;
#263 = ORIENTED_EDGE ( 'NONE', *, *, #1561, .T. ) ;
#264 = CIRCLE ( 'NONE', #3927, 1.250000000000001110 ) ;
#265 = LINE ( 'NONE', #2367, #3812 ) ;
#266 = EDGE_CURVE ( 'NONE', #1016, #4435, #2348, .T. ) ;
#267 = ORIENTED_EDGE ( 'NONE', *, *, #1601, .F. ) ;
#268 = CARTESIAN_POINT ( 'NONE',  ( 175.3328929353346268, 0.000000000000000000, -16.82232082114918370 ) ) ;
#269 = VECTOR ( 'NONE', #1086, 1000.000000000000000 ) ;
#270 = SHAPE_DEFINITION_REPRESENTATION ( #4432, #4071 ) ;
#271 = EDGE_CURVE ( 'NONE', #1094, #3989, #3370, .T. ) ;
#272 = ORIENTED_EDGE ( 'NONE', *, *, #3626, .F. ) ;
#273 = FACE_OUTER_BOUND ( 'NONE', #4536, .T. ) ;
#274 = CIRCLE ( 'NONE', #2530, 75.00000000000001421 ) ;
#275 = EDGE_CURVE ( 'NONE', #400, #2542, #582, .T. ) ;
#276 = ORIENTED_EDGE ( 'NONE', *, *, #3427, .F. ) ;
#277 = FACE_OUTER_BOUND ( 'NONE', #1048, .T. ) ;
#278 = EDGE_CURVE ( 'NONE', #2324, #839, #237, .T. ) ;
#279 = CARTESIAN_POINT ( 'NONE',  ( -71.87838219990278787, 14.68811650807115576, -23.46365201940826140 ) ) ;
#280 = CARTESIAN_POINT ( 'NONE',  ( -61.25821921836689654, 51.00000000000000711, 12.39679709418949116 ) ) ;
#281 = CARTESIAN_POINT ( 'NONE',  ( -17.17126945179826336, 0.000000000000000000, 73.06095859642175583 ) ) ;
#282 = CARTESIAN_POINT ( 'NONE',  ( -110.8668323402664839, 0.000000000000000000, -270.9495791364064985 ) ) ;
#283 = ORIENTED_EDGE ( 'NONE', *, *, #4228, .F. ) ;
#284 = CARTESIAN_POINT ( 'NONE',  ( -55.76713390934622083, 15.00709905046796244, 52.14881537078436935 ) ) ;
#285 = CYLINDRICAL_SURFACE ( 'NONE', #4173, 2.000000000000001776 ) ;
#286 = CARTESIAN_POINT ( 'NONE',  ( 0.000000000000000000, 15.00000000000000000, 0.000000000000000000 ) ) ;
#287 = CARTESIAN_POINT ( 'NONE',  ( -18.51466392210081224, 13.46781019960188708, 73.41441759458882643 ) ) ;
#288 = DIRECTION ( 'NONE',  ( -0.000000000000000000, 1.000000000000000000, -0.000000000000000000 ) ) ;
#289 = CARTESIAN_POINT ( 'NONE',  ( 55.77831909150363288, 15.00000000000000000, -52.14084222697090354 ) ) ;
#290 = ORIENTED_EDGE ( 'NONE', *, *, #662, .F. ) ;
#291 = CARTESIAN_POINT ( 'NONE',  ( -57.33769318839140539, 55.00000000000000000, 11.60340208016136287 ) ) ;
#292 = AXIS2_PLACEMENT_3D ( 'NONE', #4095, #3371, #1639 ) ;
#293 = CARTESIAN_POINT ( 'NONE',  ( 102.2318813635808965, 0.000000000000000000, 143.4333256102762277 ) ) ;
#294 = ORIENTED_EDGE ( 'NONE', *, *, #396, .F. ) ;
#295 = DIRECTION ( 'NONE',  ( 0.8749263230474004782, 0.000000000000000000, -0.4842560575137452861 ) ) ;
#296 = AXIS2_PLACEMENT_3D ( 'NONE', #2719, #3385, #3425 ) ;
#297 = CIRCLE ( 'NONE', #2485, 2.000000000000001776 ) ;
#298 = LINE ( 'NONE', #3157, #2321 ) ;
#299 = VECTOR ( 'NONE', #2325, 1000.000000000000000 ) ;
#300 = CARTESIAN_POINT ( 'NONE',  ( -72.34194129345644342, 13.37792493363026125, -23.32056250828097888 ) ) ;
#301 = DIRECTION ( 'NONE',  ( -0.9887746132728447712, 0.1483404529302446706, -0.01788502646310825145 ) ) ;
#302 = CARTESIAN_POINT ( 'NONE',  ( -17.19066629029713411, 25.00000000000000000, -60.08935839643856269 ) ) ;
#303 = CARTESIAN_POINT ( 'NONE',  ( 55.89876901896938932, 14.84780634947903266, -50.00416848632581690 ) ) ;
#304 = ORIENTED_EDGE ( 'NONE', *, *, #4491, .T. ) ;
#305 = AXIS2_PLACEMENT_3D ( 'NONE', #1064, #3445, #2365 ) ;
#306 = LINE ( 'NONE', #3121, #4251 ) ;
#307 = CARTESIAN_POINT ( 'NONE',  ( 0.000000000000000000, 15.00000000000000000, 0.000000000000000000 ) ) ;
#308 = DIRECTION ( 'NONE',  ( 0.000000000000000000, 1.000000000000000000, 0.000000000000000000 ) ) ;
#309 = PLANE ( 'NONE',  #379 ) ;
#310 = CARTESIAN_POINT ( 'NONE',  ( -30.35722144775308351, 65.00000000000000000, -9.162049188273725164 ) ) ;
#311 = CARTESIAN_POINT ( 'NONE',  ( 73.55416147525176029, 0.000000000000000000, -20.66005083581446655 ) ) ;
#312 = ORIENTED_EDGE ( 'NONE', *, *, #3565, .T. ) ;
#313 = CARTESIAN_POINT ( 'NONE',  ( -73.55416147525176029, 15.00000000000000000, 20.66005083581446655 ) ) ;
#314 = ADVANCED_FACE ( 'NONE', ( #3691 ), #2320, .F. ) ;
#315 = ORIENTED_EDGE ( 'NONE', *, *, #2770, .F. ) ;
#316 = CYLINDRICAL_SURFACE ( 'NONE', #2123, 2.400000000000001243 ) ;
#317 = ORIENTED_EDGE ( 'NONE', *, *, #3648, .F. ) ;
#318 = CARTESIAN_POINT ( 'NONE',  ( -19.69525054134301456, 15.00000000000000000, 73.48337961404656937 ) ) ;
#319 = ORIENTED_EDGE ( 'NONE', *, *, #2139, .F. ) ;
#320 = LINE ( 'NONE', #1724, #1028 ) ;
#321 = DIRECTION ( 'NONE',  ( -0.8568412092670970592, -0.000000000000000000, -0.5155803934418945467 ) ) ;
#322 = CARTESIAN_POINT ( 'NONE',  ( 54.43124815273069572, 14.76874022893879612, 52.06504351945933706 ) ) ;
#323 = ORIENTED_EDGE ( 'NONE', *, *, #886, .T. ) ;
#324 = EDGE_CURVE ( 'NONE', #2472, #428, #2003, .T. ) ;
#325 = VECTOR ( 'NONE', #834, 1000.000000000000114 ) ;
#326 = CARTESIAN_POINT ( 'NONE',  ( -74.62648367391068405, 15.00000000000000000, -21.32811664136195162 ) ) ;
#327 = DIRECTION ( 'NONE',  ( -0.000000000000000000, -1.000000000000000000, -0.000000000000000000 ) ) ;
#328 = DIRECTION ( 'NONE',  ( -0.000000000000000000, -1.000000000000000000, 0.000000000000000000 ) ) ;
#329 = ADVANCED_FACE ( 'NONE', ( #2961 ), #1984, .T. ) ;
#330 = CARTESIAN_POINT ( 'NONE',  ( -72.76300724667429165, 0.000000000000000000, -23.29473709704460660 ) ) ;
#331 = EDGE_CURVE ( 'NONE', #2809, #1555, #3034, .T. ) ;
#333 = DIRECTION ( 'NONE',  ( 0.000000000000000000, 0.000000000000000000, 1.000000000000000000 ) ) ;
#332 = AXIS2_PLACEMENT_3D ( 'NONE', #4066, #4438, #231 ) ;
#334 = CARTESIAN_POINT ( 'NONE',  ( 75.34923166450849408, 15.00000000000000178, -18.62904340932023572 ) ) ;
#335 = CARTESIAN_POINT ( 'NONE',  ( -18.92999999999999616, 25.00000000000000000, 30.50000000000000711 ) ) ;
#336 = ORIENTED_EDGE ( 'NONE', *, *, #1056, .F. ) ;
#337 = CARTESIAN_POINT ( 'NONE',  ( -162.4248716844553542, 15.00000000000000000, -185.2654582096964191 ) ) ;
#338 = VECTOR ( 'NONE', #1333, 1000.000000000000000 ) ;
#339 = B_SPLINE_CURVE_WITH_KNOTS ( 'NONE', 3,
 ( #3668, #4121, #975, #536, #3643, #3346 ),
 .UNSPECIFIED., .F., .F.,
 ( 4, 2, 4 ),
 ( -8.944528321149960626E-06, 0.0009833539879794562372, 0.001975652504280062203 ),
 .UNSPECIFIED. ) ;
#340 = EDGE_LOOP ( 'NONE', ( #294, #3504, #2209, #214 ) ) ;
#341 = CARTESIAN_POINT ( 'NONE',  ( 18.14085186011602957, 13.55526982450923512, -73.29910811604766252 ) ) ;
#342 = VECTOR ( 'NONE', #1112, 1000.000000000000000 ) ;
#343 = CARTESIAN_POINT ( 'NONE',  ( 22.87179452855879447, 55.00000000000000000, 6.303132937829255766 ) ) ;
#344 = ORIENTED_EDGE ( 'NONE', *, *, #2559, .T. ) ;
#345 = CIRCLE ( 'NONE', #1297, 75.00000000000001421 ) ;
#346 = CARTESIAN_POINT ( 'NONE',  ( -26.66984385664081714, 50.00000000000000000, 8.157470045832143413 ) ) ;
#347 = CIRCLE ( 'NONE', #42, 2.000000000000001776 ) ;
#348 = DIRECTION ( 'NONE',  ( 0.000000000000000000, -0.000000000000000000, 1.000000000000000000 ) ) ;
#349 = DIRECTION ( 'NONE',  ( -0.4788984193720284277, -0.1483404529302446706, -0.8652464469429637095 ) ) ;
#350 = ORIENTED_EDGE ( 'NONE', *, *, #1228, .F. ) ;
#351 = DIRECTION ( 'NONE',  ( 0.000000000000000000, -1.000000000000000000, 0.000000000000000000 ) ) ;
#352 = CARTESIAN_POINT ( 'NONE',  ( 74.29368106236820779, 13.02212729426340587, 23.32242403533427577 ) ) ;
#353 = CARTESIAN_POINT ( 'NONE',  ( -70.92664267606906492, 14.88768880342861323, -24.39169080708992610 ) ) ;
#354 = EDGE_CURVE ( 'NONE', #2509, #2789, #3321, .T. ) ;
#355 = DIRECTION ( 'NONE',  ( 0.000000000000000000, 1.000000000000000000, 0.000000000000000000 ) ) ;
#356 = CARTESIAN_POINT ( 'NONE',  ( 66.24311681410468111, 0.000000000000000000, 163.3524625437930240 ) ) ;
#357 = ADVANCED_FACE ( 'NONE', ( #4094 ), #1908, .T. ) ;
#358 = CARTESIAN_POINT ( 'NONE',  ( -60.25133952642455881, 54.20345643223509313, 8.859416359448136546 ) ) ;
#359 = DIRECTION ( 'NONE',  ( 0.8568412092670993907, 0.000000000000000000, 0.5155803934418909940 ) ) ;
#360 = ADVANCED_FACE ( 'NONE', ( #2340 ), #3391, .F. ) ;
#361 = ORIENTED_EDGE ( 'NONE', *, *, #3318, .F. ) ;
#362 = CYLINDRICAL_SURFACE ( 'NONE', #4152, 75.00000000000001421 ) ;
#363 = ORIENTED_EDGE ( 'NONE', *, *, #3178, .T. ) ;
#364 = ORIENTED_EDGE ( 'NONE', *, *, #1948, .F. ) ;
#365 = CARTESIAN_POINT ( 'NONE',  ( 18.81387817986934152, 15.26352126214742455, -72.53841377533449020 ) ) ;
#366 = ORIENTED_EDGE ( 'NONE', *, *, #4187, .F. ) ;
#367 = CARTESIAN_POINT ( 'NONE',  ( -53.77173528019639548, 15.00000000000000178, -52.51322694200722907 ) ) ;
#368 = ORIENTED_EDGE ( 'NONE', *, *, #2614, .T. ) ;
#369 = AXIS2_PLACEMENT_3D ( 'NONE', #4017, #3388, #1999 ) ;
#370 = DIRECTION ( 'NONE',  ( -0.1483641837633012661, 0.9889327929522053751, 0.000000000000000000 ) ) ;
#371 = CIRCLE ( 'NONE', #3581, 62.50000000000000000 ) ;
#372 = CARTESIAN_POINT ( 'NONE',  ( 14.45781687672228699, 65.00000000000000000, 75.63049339492083334 ) ) ;
#373 = CARTESIAN_POINT ( 'NONE',  ( 55.69871066774256008, 15.00000000000000000, -50.22602542458545116 ) ) ;
#374 = VERTEX_POINT ( 'NONE', #210 ) ;
#375 = EDGE_CURVE ( 'NONE', #2639, #2809, #3369, .T. ) ;
#376 =( BOUNDED_SURFACE ( )  B_SPLINE_SURFACE ( 3, 2, ( 
 ( #3503, #3810, #393 ),
 ( #1773, #3161, #1791 ),
 ( #3181, #1447, #1749 ),
 ( #2083, #2843, #990 ),
 ( #2045, #3437, #3458 ),
 ( #2066, #322, #1726 ),
 ( #3119, #4535, #2558 ),
 ( #3295, #130, #482 ),
 ( #3969, #1512, #1121 ),
 ( #3990, #2934, #1532 ) ),
 .UNSPECIFIED., .F., .F., .F. ) 
 B_SPLINE_SURFACE_WITH_KNOTS ( ( 4, 2, 2, 2, 4 ),
 ( 3, 3 ),
 ( 1.570796326794897002, 1.886178818226032394, 2.201561309657167786, 2.516943801088303179, 2.832326292519438571 ),
 ( 0.000000000000000000, 0.6860329862470317952 ),
 .UNSPECIFIED. ) 
 GEOMETRIC_REPRESENTATION_ITEM ( )  RATIONAL_B_SPLINE_SURFACE ( (
 ( 1.000000000000000000, 0.7990655904459020853, 0.8738264469441678894),
 ( 1.000000000000000000, 0.8028488174606814853, 0.8762020639205276851),
 ( 1.000000000000000000, 0.8065843899716840237, 0.8785477570124020641),
 ( 1.000000000000000000, 0.8136162608980379574, 0.8829633080440892900),
 ( 1.000000000000000000, 0.8169111372011208516, 0.8850322729912178943),
 ( 1.000000000000000000, 0.8227695216767199060, 0.8887109519496592114),
 ( 1.000000000000000000, 0.8253326411502338589, 0.8903204218836415773),
 ( 1.000000000000000000, 0.8295123856661421602, 0.8929450256914617245),
 ( 1.000000000000000000, 0.8311301589549038304, 0.8939608805882655052),
 ( 1.000000000000000000, 0.8322064199149041830, 0.8946367014675258300) ) ) 
 REPRESENTATION_ITEM ( '' )  SURFACE ( )  );
#377 = CARTESIAN_POINT ( 'NONE',  ( 53.79084823102851232, 15.00000000000000000, 53.79827710972540444 ) ) ;
#378 = LINE ( 'NONE', #1712, #414 ) ;
#379 = AXIS2_PLACEMENT_3D ( 'NONE', #979, #1713, #2113 ) ;
#380 = CARTESIAN_POINT ( 'NONE',  ( -56.08289422192699192, 14.66597966499555383, 49.79737346011603449 ) ) ;
#381 = DIRECTION ( 'NONE',  ( -0.000000000000000000, 1.000000000000000000, -0.000000000000000000 ) ) ;
#382 = CARTESIAN_POINT ( 'NONE',  ( -58.62540248703251677, 54.96053027551904080, 7.803146306095457341 ) ) ;
#383 = DIRECTION ( 'NONE',  ( 0.000000000000000000, 0.000000000000000000, 1.000000000000000000 ) ) ;
#384 = EDGE_LOOP ( 'NONE', ( #1943, #1500, #1506, #3984 ) ) ;
#385 = DIRECTION ( 'NONE',  ( 0.000000000000000000, 1.000000000000000000, 0.000000000000000000 ) ) ;
#386 = ORIENTED_EDGE ( 'NONE', *, *, #4328, .T. ) ;
#387 = DIRECTION ( 'NONE',  ( -0.000000000000000000, 1.000000000000000000, -0.000000000000000000 ) ) ;
#388 = ADVANCED_FACE ( 'NONE', ( #3642 ), #1249, .T. ) ;
#389 = LINE ( 'NONE', #406, #2760 ) ;
#390 = ORIENTED_EDGE ( 'NONE', *, *, #3997, .F. ) ;
#391 = CARTESIAN_POINT ( 'NONE',  ( 15.27984110452073629, 15.38965839145013881, 72.78284066816824804 ) ) ;
#392 = CARTESIAN_POINT ( 'NONE',  ( -17.54653893617752658, 13.70216449216853682, 73.08526125730259082 ) ) ;
#393 = CARTESIAN_POINT ( 'NONE',  ( 53.85420464961137554, 15.00710262026254505, 54.12167747037350551 ) ) ;
#394 = ORIENTED_EDGE ( 'NONE', *, *, #4368, .T. ) ;
#395 = CARTESIAN_POINT ( 'NONE',  ( 56.34771374972665825, 13.70162369194454932, -49.74211337856711168 ) ) ;
#396 = EDGE_CURVE ( 'NONE', #2277, #2529, #856, .T. ) ;
#397 = CARTESIAN_POINT ( 'NONE',  ( 54.25416376144136876, 14.66607261105221838, 51.78373351888649267 ) ) ;
#398 = VECTOR ( 'NONE', #3976, 1000.000000000000227 ) ;
#399 = FACE_OUTER_BOUND ( 'NONE', #518, .T. ) ;
#400 = VERTEX_POINT ( 'NONE', #4423 ) ;
#401 = DIRECTION ( 'NONE',  ( 0.000000000000000000, 0.000000000000000000, -1.000000000000000000 ) ) ;
#402 = EDGE_LOOP ( 'NONE', ( #1188, #4029, #3480, #562 ) ) ;
#403 = ORIENTED_EDGE ( 'NONE', *, *, #1763, .T. ) ;
#404 = CARTESIAN_POINT ( 'NONE',  ( 18.45279761950891739, 14.64302378775774294, -73.50217639008110382 ) ) ;
#405 = EDGE_CURVE ( 'NONE', #3281, #1405, #661, .T. ) ;
#406 = CARTESIAN_POINT ( 'NONE',  ( 4.274827109199811126, 25.00000000000000000, -62.35363544482751763 ) ) ;
#407 = ORIENTED_EDGE ( 'NONE', *, *, #2344, .F. ) ;
#408 = ADVANCED_FACE ( 'NONE', ( #535 ), #3012, .T. ) ;
#409 = CIRCLE ( 'NONE', #3332, 2.400000000000001243 ) ;
#410 = CARTESIAN_POINT ( 'NONE',  ( 14.27376981352855800, 13.80413826865967941, 73.62790735062138481 ) ) ;
#411 = CARTESIAN_POINT ( 'NONE',  ( -56.16003602230038183, 65.00000000000000000, -16.37987649446486316 ) ) ;
#412 = EDGE_CURVE ( 'NONE', #31, #1548, #986, .T. ) ;
#413 = FACE_OUTER_BOUND ( 'NONE', #1322, .T. ) ;
#414 = VECTOR ( 'NONE', #1451, 1000.000000000000000 ) ;
#415 = ORIENTED_EDGE ( 'NONE', *, *, #255, .F. ) ;
#416 = CARTESIAN_POINT ( 'NONE',  ( 56.44691214245396083, 13.31485535627612116, -51.18705209745077411 ) ) ;
#417 = CIRCLE ( 'NONE', #1444, 2.400000000000000799 ) ;
#418 = CARTESIAN_POINT ( 'NONE',  ( 0.000000000000000000, 0.000000000000000000, 0.000000000000000000 ) ) ;
#419 =( GEOMETRIC_REPRESENTATION_CONTEXT ( 3 ) GLOBAL_UNCERTAINTY_ASSIGNED_CONTEXT ( ( #874 ) ) GLOBAL_UNIT_ASSIGNED_CONTEXT ( ( #4478, #2372, #3509 ) ) REPRESENTATION_CONTEXT ( 'NONE', 'WORKASPACE' ) );
#420 = FACE_OUTER_BOUND ( 'NONE', #2745, .T. ) ;
#421 = CARTESIAN_POINT ( 'NONE',  ( 8.970000000000002416, 25.00000000000000000, 30.50000000000000711 ) ) ;
#422 = ORIENTED_EDGE ( 'NONE', *, *, #1078, .T. ) ;
#423 = ORIENTED_EDGE ( 'NONE', *, *, #2165, .F. ) ;
#424 = CARTESIAN_POINT ( 'NONE',  ( -56.75553909973208988, 65.00000000000000000, 49.02865265840764408 ) ) ;
#425 =( BOUNDED_CURVE ( )  B_SPLINE_CURVE ( 3, ( #720, #1359, #3813, #326 ),
 .UNSPECIFIED., .F., .F. ) 
 B_SPLINE_CURVE_WITH_KNOTS ( ( 4, 4 ),
 ( 2.654924803260354516, 3.141592653589792672 ),
 .UNSPECIFIED. ) 
 CURVE ( )  GEOMETRIC_REPRESENTATION_ITEM ( )  RATIONAL_B_SPLINE_CURVE ( ( 1.000000000000000000, 0.9803600635457767609, 0.9803600635457767609, 1.000000000000000000 ) ) 
 REPRESENTATION_ITEM ( '' )  );
#426 = ORIENTED_EDGE ( 'NONE', *, *, #4488, .T. ) ;
#427 = LINE ( 'NONE', #1135, #3735 ) ;
#428 = VERTEX_POINT ( 'NONE', #2454 ) ;
#429 = CARTESIAN_POINT ( 'NONE',  ( -175.3690146371354501, 0.000000000000000000, 18.81841643431030775 ) ) ;
#430 = ORIENTED_EDGE ( 'NONE', *, *, #1647, .F. ) ;
#431 = CARTESIAN_POINT ( 'NONE',  ( -54.65567818544112555, 14.86417934356135362, -51.42792490631943991 ) ) ;
#432 = AXIS2_PLACEMENT_3D ( 'NONE', #1172, #2175, #2514 ) ;
#433 = DIRECTION ( 'NONE',  ( -0.4788984193720237648, -0.1483404529302446706, -0.8652464469429661520 ) ) ;
#434 = CARTESIAN_POINT ( 'NONE',  ( 18.55584756334690510, 15.00000000000000355, 75.45117420312318757 ) ) ;
#435 = EDGE_LOOP ( 'NONE', ( #1392, #1238 ) ) ;
#436 = CARTESIAN_POINT ( 'NONE',  ( 73.10096304599312589, 0.000000000000000000, -160.2520691426763904 ) ) ;
#437 = AXIS2_PLACEMENT_3D ( 'NONE', #644, #1355, #3455 ) ;
#438 = ORIENTED_EDGE ( 'NONE', *, *, #2284, .T. ) ;
#439 = CARTESIAN_POINT ( 'NONE',  ( 55.81875560072501230, 15.47819391444449444, -48.72857708195231652 ) ) ;
#440 = AXIS2_PLACEMENT_3D ( 'NONE', #984, #295, #2286 ) ;
#441 = CARTESIAN_POINT ( 'NONE',  ( 72.72683701911367393, 0.000000000000000000, 25.29440999895586728 ) ) ;
#442 = CARTESIAN_POINT ( 'NONE',  ( 75.34924783977147911, 15.00000000000000178, -18.63262127678828151 ) ) ;
#443 = CARTESIAN_POINT ( 'NONE',  ( 54.61645372080311489, 14.26626751192607756, 51.40148174490416721 ) ) ;
#444 = CARTESIAN_POINT ( 'NONE',  ( -72.72683701911367393, 0.000000000000000000, -25.29440999895586728 ) ) ;
#445 = CIRCLE ( 'NONE', #2561, 2.400000000000001243 ) ;
#446 = ORIENTED_EDGE ( 'NONE', *, *, #921, .F. ) ;
#447 = CARTESIAN_POINT ( 'NONE',  ( 68.50795287513354026, 0.000000000000000000, -156.4980854505218701 ) ) ;
#448 = ORIENTED_EDGE ( 'NONE', *, *, #1952, .T. ) ;
#449 = AXIS2_PLACEMENT_3D ( 'NONE', #4014, #1554, #846 ) ;
#450 = FACE_OUTER_BOUND ( 'NONE', #2329, .T. ) ;
#451 = CARTESIAN_POINT ( 'NONE',  ( 71.93983112126861101, 13.49786974829317110, 23.44377757925958150 ) ) ;
#452 = ADVANCED_FACE ( 'NONE', ( #3481 ), #4161, .F. ) ;
#453 = ORIENTED_EDGE ( 'NONE', *, *, #3419, .T. ) ;
#454 = CARTESIAN_POINT ( 'NONE',  ( -54.49483837486359761, 13.37849394507853162, -52.98567445024509937 ) ) ;
#455 = CARTESIAN_POINT ( 'NONE',  ( 14.08228916563859201, 65.00000000000000000, 73.66606499505276417 ) ) ;
#456 = PRODUCT_DEFINITION ( 'UNKNOWN', '', #188, #2658 ) ;
#457 = ORIENTED_EDGE ( 'NONE', *, *, #3242, .F. ) ;
#458 = DIRECTION ( 'NONE',  ( 0.000000000000000000, 1.000000000000000000, 0.000000000000000000 ) ) ;
#459 = VERTEX_POINT ( 'NONE', #1339 ) ;
#460 = CARTESIAN_POINT ( 'NONE',  ( -57.26535273327016995, 65.00000000000000000, 7.604056276338828191 ) ) ;
#461 = EDGE_CURVE ( 'NONE', #1847, #865, #1806, .T. ) ;
#462 = DIRECTION ( 'NONE',  ( -0.000000000000000000, 1.000000000000000000, -0.000000000000000000 ) ) ;
#463 = EDGE_CURVE ( 'NONE', #3674, #835, #425, .T. ) ;
#464 = ORIENTED_EDGE ( 'NONE', *, *, #2563, .T. ) ;
#465 = CARTESIAN_POINT ( 'NONE',  ( 58.98932233183256102, 0.000000000000000000, 151.9574401705042703 ) ) ;
#466 = ADVANCED_FACE ( 'NONE', ( #3460 ), #1691, .T. ) ;
#467 = CARTESIAN_POINT ( 'NONE',  ( 54.95363206267614942, 13.82249539609411215, 51.04016382340493152 ) ) ;
#468 = CARTESIAN_POINT ( 'NONE',  ( 36.31920431353044876, 15.00000000000000000, 65.61947422855531897 ) ) ;
#469 = ORIENTED_EDGE ( 'NONE', *, *, #2962, .F. ) ;
#470 = CARTESIAN_POINT ( 'NONE',  ( 70.91772741588742690, 14.04610070040809688, 24.40768519543692250 ) ) ;
#471 = ADVANCED_FACE ( 'NONE', ( #2729 ), #1708, .T. ) ;
#472 = EDGE_CURVE ( 'NONE', #2896, #3040, #306, .T. ) ;
#474 = VERTEX_POINT ( 'NONE', #1385 ) ;
#473 = CIRCLE ( 'NONE', #1720, 2.000000000000001776 ) ;
#475 = CYLINDRICAL_SURFACE ( 'NONE', #2423, 2.000000000000001776 ) ;
#476 = ORIENTED_EDGE ( 'NONE', *, *, #4298, .F. ) ;
#477 = CARTESIAN_POINT ( 'NONE',  ( 161.0936646476267526, 0.000000000000000000, 24.89246839385718957 ) ) ;
#478 = ORIENTED_EDGE ( 'NONE', *, *, #3698, .T. ) ;
#479 = CARTESIAN_POINT ( 'NONE',  ( 58.74759629073938072, 54.80324170969423392, -10.88931589202300287 ) ) ;
#480 = CARTESIAN_POINT ( 'NONE',  ( 72.52368700960512626, 15.21496393293446658, -19.82574450272155886 ) ) ;
#481 = ORIENTED_EDGE ( 'NONE', *, *, #1310, .F. ) ;
#482 = CARTESIAN_POINT ( 'NONE',  ( 53.84359868162619023, 15.45320977583445377, 50.98578155903069131 ) ) ;
#483 = ORIENTED_EDGE ( 'NONE', *, *, #1371, .T. ) ;
#484 = CARTESIAN_POINT ( 'NONE',  ( 56.62675328636079541, 13.80413826865873617, -49.17540094159796382 ) ) ;
#485 = VECTOR ( 'NONE', #2522, 1000.000000000000000 ) ;
#486 = DIRECTION ( 'NONE',  ( -0.01808511378030476513, -0.000000000000000000, 0.9998364509556316726 ) ) ;
#487 = DIRECTION ( 'NONE',  ( 0.000000000000000000, 0.000000000000000000, 1.000000000000000000 ) ) ;
#488 = VECTOR ( 'NONE', #4442, 1000.000000000000000 ) ;
#489 = FACE_OUTER_BOUND ( 'NONE', #898, .T. ) ;
#490 = CARTESIAN_POINT ( 'NONE',  ( 107.3419720074407735, 0.000000000000000000, -139.6484932627409137 ) ) ;
#491 = VERTEX_POINT ( 'NONE', #2780 ) ;
#492 = DIRECTION ( 'NONE',  ( 0.4842560575137452861, 0.000000000000000000, 0.8749263230474004782 ) ) ;
#493 = VECTOR ( 'NONE', #2332, 1000.000000000000000 ) ;
#494 = ADVANCED_FACE ( 'NONE', ( #4183 ), #2444, .T. ) ;
#495 = ORIENTED_EDGE ( 'NONE', *, *, #2676, .T. ) ;
#496 = CARTESIAN_POINT ( 'NONE',  ( -161.8887207428489603, 0.000000000000000000, 19.06224896175727679 ) ) ;
#497 = EDGE_CURVE ( 'NONE', #800, #1895, #3015, .T. ) ;
#498 = ORIENTED_EDGE ( 'NONE', *, *, #122, .F. ) ;
#499 = ORIENTED_EDGE ( 'NONE', *, *, #811, .F. ) ;
#500 = DIRECTION ( 'NONE',  ( 1.000000000000000000, -0.000000000000000000, 1.224646799147353207E-16 ) ) ;
#501 = ORIENTED_EDGE ( 'NONE', *, *, #2422, .F. ) ;
#502 = CARTESIAN_POINT ( 'NONE',  ( 0.000000000000000000, 55.00000000000000000, 0.000000000000000000 ) ) ;
#503 = CARTESIAN_POINT ( 'NONE',  ( 72.65840770307009677, 13.52112138827592958, -20.67625329460016204 ) ) ;
#504 = ORIENTED_EDGE ( 'NONE', *, *, #2219, .F. ) ;
#505 = FACE_OUTER_BOUND ( 'NONE', #1257, .T. ) ;
#506 = CARTESIAN_POINT ( 'NONE',  ( -30.61945559756750157, 55.00000000000000000, 5.335579350582936087 ) ) ;
#507 = CIRCLE ( 'NONE', #1826, 62.50000000000000000 ) ;
#508 = CARTESIAN_POINT ( 'NONE',  ( 56.95289755861418257, 65.00000000000000000, 9.670044219008614661 ) ) ;
#509 = EDGE_CURVE ( 'NONE', #3368, #1873, #3433, .T. ) ;
#510 = DIRECTION ( 'NONE',  ( -0.000000000000000000, 1.000000000000000000, -0.000000000000000000 ) ) ;
#511 = AXIS2_PLACEMENT_3D ( 'NONE', #3807, #2724, #370 ) ;
#512 = DIRECTION ( 'NONE',  ( -0.000000000000000000, -1.000000000000000000, -0.000000000000000000 ) ) ;
#513 = CARTESIAN_POINT ( 'NONE',  ( -30.35722144775308351, 55.00000000000000000, -11.56204918827372552 ) ) ;
#514 = ORIENTED_EDGE ( 'NONE', *, *, #2641, .T. ) ;
#515 = CARTESIAN_POINT ( 'NONE',  ( -65.51830411593886083, 0.000000000000000000, -163.7536333971596036 ) ) ;
#516 = VECTOR ( 'NONE', #2008, 1000.000000000000000 ) ;
#517 = ORIENTED_EDGE ( 'NONE', *, *, #375, .F. ) ;
#518 = EDGE_LOOP ( 'NONE', ( #1931, #3722, #1727, #1328 ) ) ;
#519 = CARTESIAN_POINT ( 'NONE',  ( 19.18441693744652810, 65.00000000000000000, -11.01638629627661992 ) ) ;
#520 = ORIENTED_EDGE ( 'NONE', *, *, #3264, .F. ) ;
#521 = CARTESIAN_POINT ( 'NONE',  ( -16.89912139472002295, 15.47811634594410002, 72.14409084383311210 ) ) ;
#522 = ORIENTED_EDGE ( 'NONE', *, *, #3373, .F. ) ;
#523 = CARTESIAN_POINT ( 'NONE',  ( 0.000000000000000000, 0.000000000000000000, 0.000000000000000000 ) ) ;
#524 = ADVANCED_FACE ( 'NONE', ( #3587 ), #4314, .T. ) ;
#525 = VECTOR ( 'NONE', #510, 1000.000000000000000 ) ;
#526 = ORIENTED_EDGE ( 'NONE', *, *, #1678, .T. ) ;
#527 = DIRECTION ( 'NONE',  ( 0.000000000000000000, 0.000000000000000000, -1.000000000000000000 ) ) ;
#528 = EDGE_CURVE ( 'NONE', #3368, #1007, #50, .T. ) ;
#529 = CARTESIAN_POINT ( 'NONE',  ( 71.73488470352099000, 13.80468640977663419, -21.88414064107998414 ) ) ;
#530 = CARTESIAN_POINT ( 'NONE',  ( 19.18441693744652810, 50.00000000000000000, -11.01638629627661992 ) ) ;
#531 = EDGE_CURVE ( 'NONE', #3980, #31, #2265, .T. ) ;
#532 = LINE ( 'NONE', #1582, #4402 ) ;
#533 = FACE_OUTER_BOUND ( 'NONE', #3217, .T. ) ;
#534 = LINE ( 'NONE', #1336, #3553 ) ;
#535 = FACE_OUTER_BOUND ( 'NONE', #4261, .T. ) ;
#536 = CARTESIAN_POINT ( 'NONE',  ( -15.08434334723868098, 14.66597966499555916, -73.46789784400216661 ) ) ;
#537 = PRODUCT ( 'robot_arm_base_v1', 'robot_arm_base_v1', '', ( #3884 ) ) ;
#538 = FACE_OUTER_BOUND ( 'NONE', #3670, .T. ) ;
#539 = CARTESIAN_POINT ( 'NONE',  ( 57.56290006525726710, 55.00000000000000000, -10.42892784888284297 ) ) ;
#540 = ORIENTED_EDGE ( 'NONE', *, *, #1814, .T. ) ;
#541 = CARTESIAN_POINT ( 'NONE',  ( 24.16999999999999815, 31.00000000000000000, -19.04999999999999005 ) ) ;
#542 = CARTESIAN_POINT ( 'NONE',  ( -19.09224511650496936, 15.21496393293474192, 72.72022757779008373 ) ) ;
#543 = EDGE_LOOP ( 'NONE', ( #1358, #3050, #2015, #887 ) ) ;
#544 = CARTESIAN_POINT ( 'NONE',  ( -18.55584756334741670, 14.99999999999999822, -75.45117420312308809 ) ) ;
#545 = ORIENTED_EDGE ( 'NONE', *, *, #848, .T. ) ;
#546 =( BOUNDED_SURFACE ( )  B_SPLINE_SURFACE ( 3, 2, ( 
 ( #2435, #2052, #2089 ),
 ( #3442, #353, #1753 ),
 ( #2732, #4139, #3006 ),
 ( #4088, #553, #1354 ),
 ( #4462, #205, #1308 ),
 ( #1605, #279, #3781 ),
 ( #969, #1655, #2042 ),
 ( #300, #2354, #3072 ),
 ( #4417, #942, #602 ),
 ( #3687, #1266, #2656 ) ),
 .UNSPECIFIED., .F., .F., .F. ) 
 B_SPLINE_SURFACE_WITH_KNOTS ( ( 4, 2, 2, 2, 4 ),
 ( 3, 3 ),
 ( 3.450695304743720992, 3.766118723653963052, 4.081542142564204667, 4.396965561474446282, 4.712388980384687898 ),
 ( 0.000000000000000000, 0.6864271697496888702 ),
 .UNSPECIFIED. ) 
 GEOMETRIC_REPRESENTATION_ITEM ( )  RATIONAL_B_SPLINE_SURFACE ( (
 ( 1.000000000000000000, 0.8321116870725300263, 0.8947095730987666418),
 ( 1.000000000000000000, 0.8310352245411535277, 0.8940344742935224520),
 ( 1.000000000000000000, 0.8294167734965245398, 0.8930194697441506957),
 ( 1.000000000000000000, 0.8252348168937410078, 0.8903967738083129468),
 ( 1.000000000000000000, 0.8226701617746591255, 0.8887883614797000842),
 ( 1.000000000000000000, 0.8168080273764097843, 0.8851119493305665831),
 ( 1.000000000000000000, 0.8135109372136173356, 0.8830441935426920352),
 ( 1.000000000000000000, 0.8064742262164648068, 0.8786311507766308981),
 ( 1.000000000000000000, 0.8027360291201235398, 0.8762867566895644611),
 ( 1.000000000000000000, 0.7989501367710059032, 0.8739124507316926582) ) ) 
 REPRESENTATION_ITEM ( '' )  SURFACE ( )  );
#547 = CARTESIAN_POINT ( 'NONE',  ( -55.63529518647990812, 15.00000000000000000, 51.51011150838789376 ) ) ;
#548 = ORIENTED_EDGE ( 'NONE', *, *, #271, .F. ) ;
#549 = CARTESIAN_POINT ( 'NONE',  ( 71.68866463321944593, 14.90307291276055146, -22.03836248166255984 ) ) ;
#550 = ADVANCED_FACE ( 'NONE', ( #1941 ), #1352, .F. ) ;
#551 = FACE_OUTER_BOUND ( 'NONE', #3354, .T. ) ;
#552 = AXIS2_PLACEMENT_3D ( 'NONE', #2410, #1711, #1731 ) ;
#553 = CARTESIAN_POINT ( 'NONE',  ( -71.32665478290658712, 14.80507353957448835, -23.84440304247722509 ) ) ;
#554 = DIRECTION ( 'NONE',  ( 0.4842560575137437318, -0.000000000000000000, 0.8749263230474013664 ) ) ;
#555 = AXIS2_PLACEMENT_3D ( 'NONE', #2065, #1080, #739 ) ;
#556 = CARTESIAN_POINT ( 'NONE',  ( -16.72526245305026293, 13.82249539609410682, 73.11132330820302627 ) ) ;
#557 = LINE ( 'NONE', #2726, #3483 ) ;
#558 = CARTESIAN_POINT ( 'NONE',  ( -14.08228916563911071, 65.00000000000000000, -73.66606499505266470 ) ) ;
#559 = LINE ( 'NONE', #1958, #3426 ) ;
#560 = VECTOR ( 'NONE', #2371, 1000.000000000000000 ) ;
#561 = CYLINDRICAL_SURFACE ( 'NONE', #1494, 1.250000000000001110 ) ;
#562 = ORIENTED_EDGE ( 'NONE', *, *, #2650, .F. ) ;
#563 = DIRECTION ( 'NONE',  ( 0.01808511378030502881, -1.734929961601324113E-16, -0.9998364509556317836 ) ) ;
#564 = VECTOR ( 'NONE', #3665, 1000.000000000000227 ) ;
#565 = VERTEX_POINT ( 'NONE', #2330 ) ;
#566 = ORIENTED_EDGE ( 'NONE', *, *, #2172, .T. ) ;
#567 = CARTESIAN_POINT ( 'NONE',  ( 110.8668323402649776, 0.000000000000000000, 270.9495791364074648 ) ) ;
#568 = CARTESIAN_POINT ( 'NONE',  ( -70.83098118615384919, 15.49475399352870753, 21.75311630825746789 ) ) ;
#569 = CARTESIAN_POINT ( 'NONE',  ( -18.01984836884814456, 14.99999999999999822, -75.13951097367700527 ) ) ;
#570 = EDGE_CURVE ( 'NONE', #73, #1809, #371, .T. ) ;
#571 = VERTEX_POINT ( 'NONE', #202 ) ;
#572 = DIRECTION ( 'NONE',  ( 0.1483641837633081217, 0.9889327929522043759, 0.000000000000000000 ) ) ;
#573 = ORIENTED_EDGE ( 'NONE', *, *, #1736, .T. ) ;
#574 = CARTESIAN_POINT ( 'NONE',  ( 73.13435929799540247, 13.37849394507853695, -20.70107718263588481 ) ) ;
#575 = CARTESIAN_POINT ( 'NONE',  ( -97.45275222557140182, 0.000000000000000000, -130.6686202685922638 ) ) ;
#576 =( BOUNDED_SURFACE ( )  B_SPLINE_SURFACE ( 3, 2, ( 
 ( #890, #3226, #83 ),
 ( #761, #2619, #1469 ),
 ( #3655, #4033, #2842 ),
 ( #2280, #4246, #542 ),
 ( #2494, #3678, #1258 ),
 ( #197, #1937, #3900 ),
 ( #392, #4270, #1595 ),
 ( #1488, #2885, #2148 ),
 ( #2997, #4291, #521 ),
 ( #2511, #1119, #2646 ) ),
 .UNSPECIFIED., .F., .F., .F. ) 
 B_SPLINE_SURFACE_WITH_KNOTS ( ( 4, 2, 2, 2, 4 ),
 ( 3, 3 ),
 ( 1.570796326794897002, 1.886178818226033060, 2.201561309657169119, 2.516943801088305399, 2.832326292519441235 ),
 ( 0.000000000000000000, 0.6860329862470360140 ),
 .UNSPECIFIED. ) 
 GEOMETRIC_REPRESENTATION_ITEM ( )  RATIONAL_B_SPLINE_SURFACE ( (
 ( 1.000000000000000000, 0.7990655904459007530, 0.8738264469441687776),
 ( 1.000000000000000000, 0.8028488174607528727, 0.8762020639205740924),
 ( 1.000000000000000000, 0.8065843899715854359, 0.8785477570123416680),
 ( 1.000000000000000000, 0.8136162608981336586, 0.8829633080441507964),
 ( 1.000000000000000000, 0.8169111372012159977, 0.8850322729912794006),
 ( 1.000000000000000000, 0.8227695216766217623, 0.8887109519495990373),
 ( 1.000000000000000000, 0.8253326411501197279, 0.8903204218835714112),
 ( 1.000000000000000000, 0.8295123856662531825, 0.8929450256915330009),
 ( 1.000000000000000000, 0.8311301589548175661, 0.8939608805882126585),
 ( 1.000000000000000000, 0.8322064199149031838, 0.8946367014675267182) ) ) 
 REPRESENTATION_ITEM ( '' )  SURFACE ( )  );
#577 = LINE ( 'NONE', #2674, #2231 ) ;
#578 = EDGE_CURVE ( 'NONE', #3170, #2940, #1263, .T. ) ;
#579 = DIRECTION ( 'NONE',  ( 0.000000000000000000, 0.000000000000000000, -1.000000000000000000 ) ) ;
#580 = CARTESIAN_POINT ( 'NONE',  ( -24.13000000000000256, 25.00000000000000000, -21.10999999999998877 ) ) ;
#581 = CARTESIAN_POINT ( 'NONE',  ( 71.67889451572632709, 0.000000000000000000, -22.07115948479778211 ) ) ;
#582 = LINE ( 'NONE', #1226, #669 ) ;
#583 = EDGE_CURVE ( 'NONE', #491, #2642, #3808, .T. ) ;
#584 = DIRECTION ( 'NONE',  ( 0.2230034993739967164, -0.000000000000000000, -0.9748176441093748812 ) ) ;
#585 = AXIS2_PLACEMENT_3D ( 'NONE', #3554, #1453, #2852 ) ;
#586 = DIRECTION ( 'NONE',  ( 0.000000000000000000, 1.000000000000000000, 0.000000000000000000 ) ) ;
#587 = EDGE_CURVE ( 'NONE', #1059, #3177, #4406, .T. ) ;
#588 = CARTESIAN_POINT ( 'NONE',  ( -14.11584785209898030, 14.90325694513983379, -73.65932991159763787 ) ) ;
#589 = CIRCLE ( 'NONE', #4555, 1.250000000000001110 ) ;
#590 = VERTEX_POINT ( 'NONE', #2039 ) ;
#591 = ORIENTED_EDGE ( 'NONE', *, *, #216, .F. ) ;
#592 = LINE ( 'NONE', #1299, #1468 ) ;
#593 = AXIS2_PLACEMENT_3D ( 'NONE', #166, #1571, #4286 ) ;
#594 = ORIENTED_EDGE ( 'NONE', *, *, #354, .F. ) ;
#595 = CARTESIAN_POINT ( 'NONE',  ( -72.52368700960221304, 15.21496393293508831, 19.82574450272100464 ) ) ;
#596 = CARTESIAN_POINT ( 'NONE',  ( 72.76300724667429165, 13.25176592379590090, 23.29473709704459949 ) ) ;
#597 = ORIENTED_EDGE ( 'NONE', *, *, #4343, .F. ) ;
#598 = DIRECTION ( 'NONE',  ( 0.000000000000000000, 0.000000000000000000, -1.000000000000000000 ) ) ;
#599 = ADVANCED_FACE ( 'NONE', ( #2351 ), #1628, .F. ) ;
#600 = VECTOR ( 'NONE', #2937, 1000.000000000000000 ) ;
#601 = FACE_BOUND ( 'NONE', #1671, .T. ) ;
#602 = CARTESIAN_POINT ( 'NONE',  ( -72.72166057360927027, 15.05990042397359474, -22.20757148044146945 ) ) ;
#603 = CARTESIAN_POINT ( 'NONE',  ( 55.76713390934589398, 15.00709905046796422, -52.14881537078473173 ) ) ;
#604 = LINE ( 'NONE', #4069, #262 ) ;
#605 = DIRECTION ( 'NONE',  ( -0.8568412092671053859, 0.000000000000000000, -0.5155803934418806689 ) ) ;
#606 = EDGE_CURVE ( 'NONE', #571, #3583, #3510, .T. ) ;
#607 = DIRECTION ( 'NONE',  ( 0.000000000000000000, 0.000000000000000000, 1.000000000000000000 ) ) ;
#608 = DIRECTION ( 'NONE',  ( 0.000000000000000000, 1.000000000000000000, 0.000000000000000000 ) ) ;
#609 = EDGE_CURVE ( 'NONE', #1016, #964, #3443, .T. ) ;
#610 = PLANE ( 'NONE',  #3550 ) ;
#611 = EDGE_CURVE ( 'NONE', #2445, #3909, #2262, .T. ) ;
#612 = ORIENTED_EDGE ( 'NONE', *, *, #2641, .F. ) ;
#613 = DIRECTION ( 'NONE',  ( -0.000000000000000000, 1.000000000000000000, -0.000000000000000000 ) ) ;
#614 = VERTEX_POINT ( 'NONE', #2671 ) ;
#615 = ADVANCED_FACE ( 'NONE', ( #3730 ), #1599, .T. ) ;
#616 = EDGE_CURVE ( 'NONE', #2862, #4146, #2310, .T. ) ;
#617 = CARTESIAN_POINT ( 'NONE',  ( -73.34392505179894783, 13.31543254344404303, 20.66385360739302612 ) ) ;
#618 = DIRECTION ( 'NONE',  ( 1.000000000000000000, 0.000000000000000000, 0.000000000000000000 ) ) ;
#619 = ORIENTED_EDGE ( 'NONE', *, *, #794, .F. ) ;
#620 = CARTESIAN_POINT ( 'NONE',  ( 97.45275222557047812, 0.000000000000000000, 130.6686202685930027 ) ) ;
#621 = SURFACE_STYLE_FILL_AREA ( #2291 ) ;
#622 = DIRECTION ( 'NONE',  ( -0.5098761939008290556, -0.1483404529302446706, 0.8473614204798647354 ) ) ;
#623 = DIRECTION ( 'NONE',  ( 0.000000000000000000, 1.000000000000000000, 0.000000000000000000 ) ) ;
#624 = CARTESIAN_POINT ( 'NONE',  ( -24.13000000000000256, 25.00000000000000000, -21.10999999999998877 ) ) ;
#625 = PLANE ( 'NONE',  #3705 ) ;
#626 = EDGE_LOOP ( 'NONE', ( #1707, #170, #1919, #149, #3304 ) ) ;
#627 = CARTESIAN_POINT ( 'NONE',  ( -55.46152525731192640, 15.11318647132288895, 51.57172474551747854 ) ) ;
#628 = CARTESIAN_POINT ( 'NONE',  ( 53.85507452722760036, 15.00000000000000000, 52.19799754460665753 ) ) ;
#629 = DIRECTION ( 'NONE',  ( 0.000000000000000000, -1.000000000000000000, 0.000000000000000000 ) ) ;
#630 = CARTESIAN_POINT ( 'NONE',  ( -18.92999999999999616, 31.00000000000000000, 31.75000000000000711 ) ) ;
#631 = VECTOR ( 'NONE', #1055, 1000.000000000000000 ) ;
#632 = CARTESIAN_POINT ( 'NONE',  ( -56.23237647742160306, 65.00000000000000000, -12.38053069064234002 ) ) ;
#633 = AXIS2_PLACEMENT_3D ( 'NONE', #1414, #2138, #3192 ) ;
#634 = DIRECTION ( 'NONE',  ( 0.000000000000000000, 0.000000000000000000, 1.000000000000000000 ) ) ;
#635 = VERTEX_POINT ( 'NONE', #3092 ) ;
#636 = CARTESIAN_POINT ( 'NONE',  ( -73.73424174524603814, 14.45308281131670114, 20.65679353091292469 ) ) ;
#637 = AXIS2_PLACEMENT_3D ( 'NONE', #2244, #1818, #3951 ) ;
#638 = CARTESIAN_POINT ( 'NONE',  ( 0.000000000000000000, 0.000000000000000000, 0.000000000000000000 ) ) ;
#639 = ORIENTED_EDGE ( 'NONE', *, *, #1666, .F. ) ;
#640 = DIRECTION ( 'NONE',  ( 0.000000000000000000, 1.000000000000000000, 0.000000000000000000 ) ) ;
#641 = ORIENTED_EDGE ( 'NONE', *, *, #4140, .F. ) ;
#642 = DIRECTION ( 'NONE',  ( 0.8568412092670987246, 0.000000000000000000, 0.5155803934418916601 ) ) ;
#643 = FACE_OUTER_BOUND ( 'NONE', #2970, .T. ) ;
#644 = CARTESIAN_POINT ( 'NONE',  ( 8.970000000000002416, 31.00000000000000000, 31.75000000000000711 ) ) ;
#645 = CYLINDRICAL_SURFACE ( 'NONE', #4371, 3.499999999999999556 ) ;
#646 = FACE_OUTER_BOUND ( 'NONE', #2466, .T. ) ;
#647 = ORIENTED_EDGE ( 'NONE', *, *, #1047, .F. ) ;
#648 = CARTESIAN_POINT ( 'NONE',  ( -55.31593271321880678, 15.35087063487890013, 49.94946204144465440 ) ) ;
#649 = DIRECTION ( 'NONE',  ( 0.000000000000000000, 0.000000000000000000, -1.000000000000000000 ) ) ;
#650 = CARTESIAN_POINT ( 'NONE',  ( -102.1043423157946251, 0.000000000000000000, 127.0649717766475533 ) ) ;
#651 = CARTESIAN_POINT ( 'NONE',  ( -17.17126945179826336, 13.76645602509050192, 73.06095859642175583 ) ) ;
#652 = ADVANCED_FACE ( 'NONE', ( #1969 ), #3002, .T. ) ;
#653 = CARTESIAN_POINT ( 'NONE',  ( 8.970000000000002416, 31.00000000000000000, 35.25000000000000000 ) ) ;
#654 = VECTOR ( 'NONE', #680, 999.9999999999998863 ) ;
#655 = CARTESIAN_POINT ( 'NONE',  ( -103.9817340096766998, 15.00000000000000000, -142.4648134952479666 ) ) ;
#656 = CARTESIAN_POINT ( 'NONE',  ( -53.80627561220696720, 15.00000000000000000, -55.94069330553572428 ) ) ;
#657 = ORIENTED_EDGE ( 'NONE', *, *, #4343, .T. ) ;
#658 = CARTESIAN_POINT ( 'NONE',  ( -71.69552596899671926, 15.35079996961698257, 20.36323152872865805 ) ) ;
#659 = ORIENTED_EDGE ( 'NONE', *, *, #4203, .F. ) ;
#660 = DIRECTION ( 'NONE',  ( 0.000000000000000000, 1.000000000000000000, 0.000000000000000000 ) ) ;
#661 = CIRCLE ( 'NONE', #1324, 62.50000000000000000 ) ;
#662 = EDGE_CURVE ( 'NONE', #2972, #3329, #3287, .T. ) ;
#663 = EDGE_CURVE ( 'NONE', #3989, #4525, #2772, .T. ) ;
#664 = DIRECTION ( 'NONE',  ( -0.5098761939008262800, -0.1483404529302439490, 0.8473614204798664007 ) ) ;
#665 = CIRCLE ( 'NONE', #1836, 4.000000000000000000 ) ;
#666 = EDGE_LOOP ( 'NONE', ( #2524, #4334, #2978, #448, #2358, #728, #1913, #3590, #4549, #2513, #3376, #1739, #753, #4395, #1504, #573, #4196, #3750, #156, #2448, #1723, #1788, #807, #1853, #3563, #2368, #3977, #3158, #869 ) ) ;
#667 = ADVANCED_FACE ( 'NONE', ( #273 ), #1044, .T. ) ;
#668 = CYLINDRICAL_SURFACE ( 'NONE', #3430, 2.000000000000000888 ) ;
#669 = VECTOR ( 'NONE', #4372, 1000.000000000000000 ) ;
#670 = DIRECTION ( 'NONE',  ( 0.000000000000000000, 1.000000000000000000, 0.000000000000000000 ) ) ;
#671 = EDGE_CURVE ( 'NONE', #2693, #2886, #809, .T. ) ;
#672 = CARTESIAN_POINT ( 'NONE',  ( 103.9817340096756908, 15.00000000000000000, 142.4648134952487339 ) ) ;
#673 = ORIENTED_EDGE ( 'NONE', *, *, #412, .T. ) ;
#674 = AXIS2_PLACEMENT_3D ( 'NONE', #111, #2177, #2850 ) ;
#675 = CARTESIAN_POINT ( 'NONE',  ( -56.29155138065069508, 14.64327055311504111, 50.73830527092759723 ) ) ;
#676 = DIRECTION ( 'NONE',  ( 0.000000000000000000, 1.000000000000000000, 0.000000000000000000 ) ) ;
#677 = CARTESIAN_POINT ( 'NONE',  ( 16.72526245304975134, 0.000000000000000000, -73.11132330820312575 ) ) ;
#678 = PLANE ( 'NONE',  #2598 ) ;
#679 = CARTESIAN_POINT ( 'NONE',  ( -102.1043423157946251, 0.000000000000000000, 127.0649717766475533 ) ) ;
#680 = DIRECTION ( 'NONE',  ( 0.5098761939008246147, 0.1483404529302446706, -0.8473614204798673999 ) ) ;
#681 = DIRECTION ( 'NONE',  ( 0.000000000000000000, 1.000000000000000000, 0.000000000000000000 ) ) ;
#682 = EDGE_LOOP ( 'NONE', ( #3470, #272, #1479, #3308 ) ) ;
#683 = LINE ( 'NONE', #4169, #1735 ) ;
#684 = ORIENTED_EDGE ( 'NONE', *, *, #2292, .T. ) ;
#685 = CARTESIAN_POINT ( 'NONE',  ( 54.95363206267614942, 65.00000000000000000, 51.04016382340493152 ) ) ;
#686 = ORIENTED_EDGE ( 'NONE', *, *, #1844, .F. ) ;
#687 = EDGE_CURVE ( 'NONE', #1627, #2445, #755, .T. ) ;
#688 = DIRECTION ( 'NONE',  ( 0.000000000000000000, 1.000000000000000000, -0.000000000000000000 ) ) ;
#689 = FACE_OUTER_BOUND ( 'NONE', #3787, .T. ) ;
#690 = CARTESIAN_POINT ( 'NONE',  ( 0.000000000000000000, 15.00000000000000000, 0.000000000000000000 ) ) ;
#691 = EDGE_CURVE ( 'NONE', #614, #48, #2859, .T. ) ;
#692 = ORIENTED_EDGE ( 'NONE', *, *, #122, .T. ) ;
#693 = CIRCLE ( 'NONE', #3249, 2.400000000000001243 ) ;
#694 = CARTESIAN_POINT ( 'NONE',  ( -54.75642883112430326, 14.45308281131668871, -53.52732971470897638 ) ) ;
#695 =( BOUNDED_CURVE ( )  B_SPLINE_CURVE ( 3, ( #1466, #1811, #1510, #3564 ),
 .UNSPECIFIED., .F., .F. ) 
 B_SPLINE_CURVE_WITH_KNOTS ( ( 4, 4 ),
 ( 3.141592653589800221, 4.712388980384689674 ),
 .UNSPECIFIED. ) 
 CURVE ( )  GEOMETRIC_REPRESENTATION_ITEM ( )  RATIONAL_B_SPLINE_CURVE ( ( 1.000000000000000000, 0.8047378541243667138, 0.8047378541243667138, 1.000000000000000000 ) ) 
 REPRESENTATION_ITEM ( '' )  );
#696 = CARTESIAN_POINT ( 'NONE',  ( 67.26815676203257510, 0.000000000000000000, 162.7851212821325646 ) ) ;
#697 = CARTESIAN_POINT ( 'NONE',  ( 24.16999999999999815, 25.00000000000000000, -20.29999999999999005 ) ) ;
#698 = CARTESIAN_POINT ( 'NONE',  ( 56.09336038585107076, 13.52057599331111071, -50.59948569942737606 ) ) ;
#699 = CARTESIAN_POINT ( 'NONE',  ( 71.67889451572634130, 13.82249539609411215, -22.07115948479778567 ) ) ;
#700 = DIRECTION ( 'NONE',  ( -0.8749263230473979247, 0.000000000000000000, 0.4842560575137498935 ) ) ;
#701 = FACE_OUTER_BOUND ( 'NONE', #1933, .T. ) ;
#702 = EDGE_LOOP ( 'NONE', ( #1544, #1120, #1375, #2779 ) ) ;
#703 = CARTESIAN_POINT ( 'NONE',  ( -61.25821921836690365, 65.00000000000000000, 12.39679709418949294 ) ) ;
#704 = AXIS2_PLACEMENT_3D ( 'NONE', #580, #1978, #903 ) ;
#705 = ORIENTED_EDGE ( 'NONE', *, *, #3862, .T. ) ;
#706 = DIRECTION ( 'NONE',  ( 0.000000000000000000, 1.000000000000000000, 0.000000000000000000 ) ) ;
#707 = VECTOR ( 'NONE', #4148, 1000.000000000000227 ) ;
#708 = ORIENTED_EDGE ( 'NONE', *, *, #1285, .F. ) ;
#709 = CARTESIAN_POINT ( 'NONE',  ( 56.41906225101417505, 0.000000000000000000, 52.40123485869571596 ) ) ;
#710 = EDGE_CURVE ( 'NONE', #1718, #3281, #2443, .T. ) ;
#711 = ORIENTED_EDGE ( 'NONE', *, *, #3804, .T. ) ;
#712 = CIRCLE ( 'NONE', #2240, 75.00000000000001421 ) ;
#713 = DIRECTION ( 'NONE',  ( -0.000000000000000000, 1.000000000000000000, -0.000000000000000000 ) ) ;
#714 = PRESENTATION_LAYER_ASSIGNMENT (  '', '', ( #195 ) ) ;
#715 = CARTESIAN_POINT ( 'NONE',  ( 15.35549569479160859, 14.84780634947899713, 73.41183825386876549 ) ) ;
#716 = CARTESIAN_POINT ( 'NONE',  ( 56.08289422192662954, 14.66597966499553252, -49.79737346011644661 ) ) ;
#717 = VERTEX_POINT ( 'NONE', #3874 ) ;
#718 = ADVANCED_FACE ( 'NONE', ( #3520 ), #2141, .F. ) ;
#719 = AXIS2_PLACEMENT_3D ( 'NONE', #2439, #5, #1391 ) ;
#720 = CARTESIAN_POINT ( 'NONE',  ( -73.04445348902481783, 15.00000000000000000, -22.23502020015192926 ) ) ;
#721 = CARTESIAN_POINT ( 'NONE',  ( 14.45781687672228699, 13.77672171762433351, 73.63049339492083334 ) ) ;
#722 = CARTESIAN_POINT ( 'NONE',  ( -102.2318813635819339, 0.000000000000000000, -143.4333256102754319 ) ) ;
#723 = CARTESIAN_POINT ( 'NONE',  ( 72.75095165448587409, 13.25538319305335477, 23.29451903462428319 ) ) ;
#724 = CARTESIAN_POINT ( 'NONE',  ( 64.43596851727775743, 0.000000000000000000, -149.7308692303512601 ) ) ;
#725 = ADVANCED_FACE ( 'NONE', ( #1376 ), #2769, .F. ) ;
#726 = CARTESIAN_POINT ( 'NONE',  ( 24.16999999999999815, 25.00000000000000000, -19.04999999999999005 ) ) ;
#727 = DIRECTION ( 'NONE',  ( -0.01808511378030476166, 0.000000000000000000, 0.9998364509556316726 ) ) ;
#728 = ORIENTED_EDGE ( 'NONE', *, *, #1271, .T. ) ;
#729 = DIRECTION ( 'NONE',  ( -0.9998364509556316726, 0.000000000000000000, -0.01808511378030502534 ) ) ;
#730 = ORIENTED_EDGE ( 'NONE', *, *, #2728, .T. ) ;
#731 = CARTESIAN_POINT ( 'NONE',  ( -30.35722144775308351, 50.00000000000000000, -9.162049188273725164 ) ) ;
#732 = AXIS2_PLACEMENT_3D ( 'NONE', #1693, #3446, #3108 ) ;
#733 = CARTESIAN_POINT ( 'NONE',  ( -18.27725463669346695, 15.00000000000000000, 72.73886143558661388 ) ) ;
#734 = VERTEX_POINT ( 'NONE', #1071 ) ;
#735 = CIRCLE ( 'NONE', #437, 1.250000000000001110 ) ;
#736 = CARTESIAN_POINT ( 'NONE',  ( 14.06751759013124392, 13.82333008205884717, 73.66894643731657766 ) ) ;
#737 = ADVANCED_FACE ( 'NONE', ( #2077 ), #316, .F. ) ;
#738 = AXIS2_PLACEMENT_3D ( 'NONE', #4130, #1305, #4506 ) ;
#739 = DIRECTION ( 'NONE',  ( 0.000000000000000000, -0.000000000000000000, -1.000000000000000000 ) ) ;
#740 = CARTESIAN_POINT ( 'NONE',  ( 97.45275222557047812, 0.000000000000000000, 130.6686202685930027 ) ) ;
#741 = VERTEX_POINT ( 'NONE', #2421 ) ;
#742 = PLANE ( 'NONE',  #432 ) ;
#743 = CARTESIAN_POINT ( 'NONE',  ( 24.16999999999999815, 31.00000000000000000, -19.04999999999999005 ) ) ;
#744 = AXIS2_PLACEMENT_3D ( 'NONE', #791, #1152, #3207 ) ;
#745 = APPLICATION_PROTOCOL_DEFINITION ( 'draft international standard', 'automotive_design', 1998, #2835 ) ;
#746 = DIRECTION ( 'NONE',  ( -0.4842560575137499490, -0.000000000000000000, -0.8749263230473979247 ) ) ;
#747 = CARTESIAN_POINT ( 'NONE',  ( -61.33344970311705424, 51.56033703798204471, 11.82127037109705192 ) ) ;
#748 = EDGE_CURVE ( 'NONE', #1415, #374, #3825, .T. ) ;
#749 = CARTESIAN_POINT ( 'NONE',  ( 67.26815676203257510, 4.732104822117643891E-15, 162.7851212821325646 ) ) ;
#750 = ORIENTED_EDGE ( 'NONE', *, *, #1784, .F. ) ;
#751 = CARTESIAN_POINT ( 'NONE',  ( 175.3328929353346268, 0.000000000000000000, -16.82410989875777929 ) ) ;
#752 = EDGE_CURVE ( 'NONE', #1847, #4435, #3914, .T. ) ;
#753 = ORIENTED_EDGE ( 'NONE', *, *, #3639, .T. ) ;
#754 = ORIENTED_EDGE ( 'NONE', *, *, #4123, .T. ) ;
#755 = LINE ( 'NONE', #1439, #3005 ) ;
#756 = ORIENTED_EDGE ( 'NONE', *, *, #3903, .F. ) ;
#757 = DIRECTION ( 'NONE',  ( -0.9998364509556316726, 0.000000000000000000, -0.01808511378030502534 ) ) ;
#758 = AXIS2_PLACEMENT_3D ( 'NONE', #2725, #2428, #3477 ) ;
#759 = VERTEX_POINT ( 'NONE', #1870 ) ;
#760 = CARTESIAN_POINT ( 'NONE',  ( 15.61907238558484146, 14.68811650807151459, 73.98033097774697353 ) ) ;
#761 = CARTESIAN_POINT ( 'NONE',  ( -18.77654036181500885, 13.31543254344387783, 73.84962911181764866 ) ) ;
#762 = DIRECTION ( 'NONE',  ( 0.000000000000000000, 0.000000000000000000, 1.000000000000000000 ) ) ;
#763 = ORIENTED_EDGE ( 'NONE', *, *, #1678, .F. ) ;
#764 = CARTESIAN_POINT ( 'NONE',  ( 0.000000000000000000, 0.000000000000000000, 0.000000000000000000 ) ) ;
#765 = DIRECTION ( 'NONE',  ( 0.000000000000000000, -0.000000000000000000, 1.000000000000000000 ) ) ;
#766 = AXIS2_PLACEMENT_3D ( 'NONE', #2540, #2568, #1688 ) ;
#767 = CARTESIAN_POINT ( 'NONE',  ( -59.67482432856405694, 53.76682628201017167, -14.45283925167167993 ) ) ;
#768 = CARTESIAN_POINT ( 'NONE',  ( -72.76300724667429165, 13.25176592379589735, -23.29473709704460660 ) ) ;
#769 = ORIENTED_EDGE ( 'NONE', *, *, #36, .F. ) ;
#770 = ORIENTED_EDGE ( 'NONE', *, *, #1213, .T. ) ;
#771 = DIRECTION ( 'NONE',  ( -0.000000000000000000, 1.000000000000000000, -0.000000000000000000 ) ) ;
#772 = VERTEX_POINT ( 'NONE', #3652 ) ;
#773 = CARTESIAN_POINT ( 'NONE',  ( -70.83782826537046162, 13.82194042948880330, -24.63741233664532615 ) ) ;
#774 = B_SPLINE_CURVE_WITH_KNOTS ( 'NONE', 3,
 ( #889, #2644, #2667, #4053, #3397, #289 ),
 .UNSPECIFIED., .F., .F.,
 ( 4, 2, 4 ),
 ( 1.387778780781445676E-17, 0.0009638903881097682976, 0.001927780776219522717 ),
 .UNSPECIFIED. ) ;
#775 = CARTESIAN_POINT ( 'NONE',  ( 71.32665478290465444, 14.80507353957389860, 23.84440304247694442 ) ) ;
#776 = ORIENTED_EDGE ( 'NONE', *, *, #2911, .F. ) ;
#777 = EDGE_CURVE ( 'NONE', #474, #4062, #3959, .T. ) ;
#778 = AXIS2_PLACEMENT_3D ( 'NONE', #638, #1777, #618 ) ;
#779 = AXIS2_PLACEMENT_3D ( 'NONE', #3766, #308, #765 ) ;
#780 = CARTESIAN_POINT ( 'NONE',  ( 15.59953667664815313, 15.35087063487857328, 72.87973398439956441 ) ) ;
#781 = CARTESIAN_POINT ( 'NONE',  ( 54.66920960491937365, 15.00000000000000000, 53.36974697372319554 ) ) ;
#782 = ORIENTED_EDGE ( 'NONE', *, *, #275, .F. ) ;
#783 = DIRECTION ( 'NONE',  ( -0.000000000000000000, 1.000000000000000000, -0.000000000000000000 ) ) ;
#784 = AXIS2_PLACEMENT_3D ( 'NONE', #1, #355, #43 ) ;
#785 = EDGE_LOOP ( 'NONE', ( #3302, #639, #3112, #4303 ) ) ;
#786 = DIRECTION ( 'NONE',  ( -0.000000000000000000, -1.000000000000000000, 0.000000000000000000 ) ) ;
#787 = VECTOR ( 'NONE', #1626, 1000.000000000000114 ) ;
#788 = FACE_OUTER_BOUND ( 'NONE', #1890, .T. ) ;
#789 = AXIS2_PLACEMENT_3D ( 'NONE', #4388, #847, #1348 ) ;
#790 =( BOUNDED_SURFACE ( )  B_SPLINE_SURFACE ( 3, 2, ( 
 ( #1115, #3176, #4287 ),
 ( #2838, #1139, #2528 ),
 ( #1852, #4241, #3941 ),
 ( #1808, #775, #799 ),
 ( #1505, #1098, #2188 ),
 ( #2490, #3897, #2143 ),
 ( #451, #4312, #1162 ),
 ( #2549, #3197, #1995 ),
 ( #2283, #2648, #2308 ),
 ( #596, #1648, #4056 ) ),
 .UNSPECIFIED., .F., .F., .F. ) 
 B_SPLINE_SURFACE_WITH_KNOTS ( ( 4, 2, 2, 2, 4 ),
 ( 3, 3 ),
 ( 3.450695304743722769, 3.766118723653963940, 4.081542142564205555, 4.396965561474447171, 4.712388980384687898 ),
 ( 0.000000000000000000, 0.6864271697496914237 ),
 .UNSPECIFIED. ) 
 GEOMETRIC_REPRESENTATION_ITEM ( )  RATIONAL_B_SPLINE_SURFACE ( (
 ( 1.000000000000000000, 0.8321116870725291381, 0.8947095730987670859),
 ( 1.000000000000000000, 0.8310352245411526395, 0.8940344742935226741),
 ( 1.000000000000000000, 0.8294167734965242067, 0.8930194697441511398),
 ( 1.000000000000000000, 0.8252348168937405637, 0.8903967738083136130),
 ( 1.000000000000000000, 0.8226701617746742246, 0.8887883614797105203),
 ( 1.000000000000000000, 0.8168080273763925758, 0.8851119493305568131),
 ( 1.000000000000000000, 0.8135109372136328787, 0.8830441935427026934),
 ( 1.000000000000000000, 0.8064742262164478204, 0.8786311507766211282),
 ( 1.000000000000000000, 0.8027360291201345310, 0.8762867566895722327),
 ( 1.000000000000000000, 0.7989501367710052371, 0.8739124507316933244) ) ) 
 REPRESENTATION_ITEM ( '' )  SURFACE ( )  );
#791 = CARTESIAN_POINT ( 'NONE',  ( 0.000000000000000000, 0.000000000000000000, 0.000000000000000000 ) ) ;
#792 = CARTESIAN_POINT ( 'NONE',  ( -59.97704001722706124, 53.17918502256944890, -15.15900891699046760 ) ) ;
#793 = CARTESIAN_POINT ( 'NONE',  ( -74.98773382167237855, 15.00000000000000000, -1.356383533523272789 ) ) ;
#794 = EDGE_CURVE ( 'NONE', #1208, #151, #2550, .T. ) ;
#795 = ORIENTED_EDGE ( 'NONE', *, *, #1195, .T. ) ;
#796 = DIRECTION ( 'NONE',  ( 0.000000000000000000, 1.000000000000000000, -0.000000000000000000 ) ) ;
#797 = ORIENTED_EDGE ( 'NONE', *, *, #2362, .F. ) ;
#798 = DIRECTION ( 'NONE',  ( 0.000000000000000000, 0.000000000000000000, -1.000000000000000000 ) ) ;
#799 = CARTESIAN_POINT ( 'NONE',  ( 70.67170953049004822, 15.38965839145018322, 23.15868977178083554 ) ) ;
#800 = VERTEX_POINT ( 'NONE', #4310 ) ;
#801 = CARTESIAN_POINT ( 'NONE',  ( -53.41316998973039176, 15.26352126214743343, -52.56250333513876427 ) ) ;
#802 = DIRECTION ( 'NONE',  ( 0.000000000000000000, 0.000000000000000000, 1.000000000000000000 ) ) ;
#803 = EDGE_CURVE ( 'NONE', #2587, #3078, #1158, .T. ) ;
#804 = PLANE ( 'NONE',  #1149 ) ;
#805 = AXIS2_PLACEMENT_3D ( 'NONE', #2627, #3637, #918 ) ;
#806 = EDGE_CURVE ( 'NONE', #4525, #3761, #4354, .T. ) ;
#807 = ORIENTED_EDGE ( 'NONE', *, *, #275, .T. ) ;
#808 = FACE_OUTER_BOUND ( 'NONE', #3658, .T. ) ;
#809 = CIRCLE ( 'NONE', #1463, 2.000000000000001776 ) ;
#810 = EDGE_CURVE ( 'NONE', #3628, #1643, #1184, .T. ) ;
#811 = EDGE_CURVE ( 'NONE', #4243, #2599, #1041, .T. ) ;
#812 = DIRECTION ( 'NONE',  ( 0.000000000000000000, 1.000000000000000000, 0.000000000000000000 ) ) ;
#813 = CARTESIAN_POINT ( 'NONE',  ( 70.83782826537046162, 65.00000000000000000, 24.63741233664532615 ) ) ;
#814 = DIRECTION ( 'NONE',  ( 0.000000000000000000, 1.000000000000000000, 0.000000000000000000 ) ) ;
#815 = CARTESIAN_POINT ( 'NONE',  ( -53.86565812859499403, 15.00000000000000000, -54.11412048021014698 ) ) ;
#816 = AXIS2_PLACEMENT_3D ( 'NONE', #4072, #3345, #158 ) ;
#817 = ORIENTED_EDGE ( 'NONE', *, *, #4461, .F. ) ;
#818 = VERTEX_POINT ( 'NONE', #3584 ) ;
#819 = CARTESIAN_POINT ( 'NONE',  ( 7.091006580473556475, 65.00000000000000000, -74.66403167305983857 ) ) ;
#820 = ORIENTED_EDGE ( 'NONE', *, *, #3156, .T. ) ;
#821 = CARTESIAN_POINT ( 'NONE',  ( 9.184850993605150311E-15, 0.000000000000000000, 75.00000000000001421 ) ) ;
#822 = VERTEX_POINT ( 'NONE', #3939 ) ;
#823 = DIRECTION ( 'NONE',  ( 0.000000000000000000, 0.000000000000000000, 1.000000000000000000 ) ) ;
#824 = ORIENTED_EDGE ( 'NONE', *, *, #4488, .F. ) ;
#825 = CARTESIAN_POINT ( 'NONE',  ( -54.40846377318150218, 13.55526982450923512, -52.35999261517455494 ) ) ;
#826 = DIRECTION ( 'NONE',  ( 0.000000000000000000, 1.000000000000000000, 0.000000000000000000 ) ) ;
#827 = EDGE_LOOP ( 'NONE', ( #4450, #2174, #2908, #3651 ) ) ;
#828 = CARTESIAN_POINT ( 'NONE',  ( 72.19369915708359997, 55.00000000000000000, -10.05755057925694906 ) ) ;
#829 = EDGE_CURVE ( 'NONE', #1471, #4479, #427, .T. ) ;
#830 = CARTESIAN_POINT ( 'NONE',  ( -168.9902379861244981, 0.000000000000000000, -25.03530218148796394 ) ) ;
#831 = ADVANCED_FACE ( 'NONE', ( #450 ), #1546, .T. ) ;
#832 = CARTESIAN_POINT ( 'NONE',  ( 102.1043423157937440, 0.000000000000000000, -127.0649717766482780 ) ) ;
#833 = FACE_OUTER_BOUND ( 'NONE', #855, .T. ) ;
#834 = DIRECTION ( 'NONE',  ( -0.01808511378031029543, 0.000000000000000000, 0.9998364509556315616 ) ) ;
#835 = VERTEX_POINT ( 'NONE', #3961 ) ;
#836 = ORIENTED_EDGE ( 'NONE', *, *, #803, .T. ) ;
#837 = DIRECTION ( 'NONE',  ( 0.000000000000000000, 0.000000000000000000, 1.000000000000000000 ) ) ;
#838 = ORIENTED_EDGE ( 'NONE', *, *, #2312, .F. ) ;
#839 = VERTEX_POINT ( 'NONE', #821 ) ;
#840 = DIRECTION ( 'NONE',  ( -0.000000000000000000, 1.000000000000000000, -0.000000000000000000 ) ) ;
#841 = B_SPLINE_CURVE_WITH_KNOTS ( 'NONE', 3,
 ( #3254, #3233, #3993, #879, #3640, #110 ),
 .UNSPECIFIED., .F., .F.,
 ( 4, 2, 4 ),
 ( 0.000000000000000000, 0.0009600810763620350749, 0.001920162152724070150 ),
 .UNSPECIFIED. ) ;
#842 = ORIENTED_EDGE ( 'NONE', *, *, #4204, .T. ) ;
#843 = ORIENTED_EDGE ( 'NONE', *, *, #2364, .F. ) ;
#844 = DIRECTION ( 'NONE',  ( -0.9998364509556316726, -0.000000000000000000, -0.01808511378030502534 ) ) ;
#845 = VERTEX_POINT ( 'NONE', #773 ) ;
#846 = DIRECTION ( 'NONE',  ( 0.000000000000000000, 0.000000000000000000, 1.000000000000000000 ) ) ;
#847 = DIRECTION ( 'NONE',  ( 0.000000000000000000, 1.000000000000000000, -0.000000000000000000 ) ) ;
#848 = EDGE_CURVE ( 'NONE', #1147, #2504, #1843, .T. ) ;
#849 = CARTESIAN_POINT ( 'NONE',  ( -26.66984385664081358, 55.00000000000000000, 8.157470045832146965 ) ) ;
#850 = AXIS2_PLACEMENT_3D ( 'NONE', #3030, #4441, #4393 ) ;
#851 = CIRCLE ( 'NONE', #4452, 3.499999999999999556 ) ;
#852 = LINE ( 'NONE', #3316, #1460 ) ;
#853 = AXIS2_PLACEMENT_3D ( 'NONE', #441, #1842, #88 ) ;
#854 = DIRECTION ( 'NONE',  ( 0.000000000000000000, 1.000000000000000000, 0.000000000000000000 ) ) ;
#855 = EDGE_LOOP ( 'NONE', ( #1395, #2882, #3586, #476, #3622 ) ) ;
#856 = LINE ( 'NONE', #2246, #525 ) ;
#857 = CIRCLE ( 'NONE', #4157, 3.499999999999999556 ) ;
#858 = CARTESIAN_POINT ( 'NONE',  ( 74.62055738694311913, 15.00000000000000178, 21.65575172295200801 ) ) ;
#859 = CARTESIAN_POINT ( 'NONE',  ( -288.3696120155619838, 0.000000000000000000, -40.40942379631680126 ) ) ;
#860 = ADVANCED_FACE ( 'NONE', ( #2526 ), #4006, .F. ) ;
#861 = ADVANCED_FACE ( 'NONE', ( #1114 ), #475, .F. ) ;
#862 = ORIENTED_EDGE ( 'NONE', *, *, #3473, .T. ) ;
#863 = ORIENTED_EDGE ( 'NONE', *, *, #3174, .T. ) ;
#864 = DIRECTION ( 'NONE',  ( 0.000000000000000000, 0.000000000000000000, 1.000000000000000000 ) ) ;
#865 = VERTEX_POINT ( 'NONE', #2185 ) ;
#866 = CARTESIAN_POINT ( 'NONE',  ( -17.03852377018656128, 15.00000000000000178, -74.14525170295162582 ) ) ;
#867 = ORIENTED_EDGE ( 'NONE', *, *, #1529, .F. ) ;
#868 = DIRECTION ( 'NONE',  ( 0.000000000000000000, 0.000000000000000000, 1.000000000000000000 ) ) ;
#869 = ORIENTED_EDGE ( 'NONE', *, *, #2352, .F. ) ;
#870 = CARTESIAN_POINT ( 'NONE',  ( -54.63752978883360356, 14.50088499283395826, -53.35141706713154264 ) ) ;
#871 = CARTESIAN_POINT ( 'NONE',  ( 72.30527441335958372, 14.76874022893836269, -21.10632190023016008 ) ) ;
#872 = VERTEX_POINT ( 'NONE', #519 ) ;
#873 = DIRECTION ( 'NONE',  ( -0.9887746132728448822, -0.1483404529302446428, -0.01788502646310304034 ) ) ;
#874 = UNCERTAINTY_MEASURE_WITH_UNIT (LENGTH_MEASURE( 1.000000000000000082E-05 ), #4478, 'distance_accuracy_value', 'NONE');
#875 = AXIS2_PLACEMENT_3D ( 'NONE', #3300, #953, #2709 ) ;
#876 = CARTESIAN_POINT ( 'NONE',  ( 56.64826555086319360, 14.45336097005394294, -51.52168060572213903 ) ) ;
#877 = CARTESIAN_POINT ( 'NONE',  ( 17.03852377018617403, 15.00000000000000178, 74.14525170295185319 ) ) ;
#878 = AXIS2_PLACEMENT_3D ( 'NONE', #2893, #2938, #90 ) ;
#879 = CARTESIAN_POINT ( 'NONE',  ( 72.62856352259215953, 15.00000000000000000, -20.11689380146346551 ) ) ;
#880 = VECTOR ( 'NONE', #3358, 1000.000000000000000 ) ;
#881 = CARTESIAN_POINT ( 'NONE',  ( -107.1890091492714987, -1.977872705736595016, 139.3942848365961993 ) ) ;
#882 = DIRECTION ( 'NONE',  ( 0.000000000000000000, -0.000000000000000000, -1.000000000000000000 ) ) ;
#883 = DIRECTION ( 'NONE',  ( 0.000000000000000000, 0.000000000000000000, 1.000000000000000000 ) ) ;
#884 = CARTESIAN_POINT ( 'NONE',  ( 70.83782826537046162, 13.82194042948881041, 24.63741233664532615 ) ) ;
#885 = AXIS2_PLACEMENT_3D ( 'NONE', #3377, #613, #2687 ) ;
#886 = EDGE_CURVE ( 'NONE', #964, #4076, #4032, .T. ) ;
#887 = ORIENTED_EDGE ( 'NONE', *, *, #2728, .F. ) ;
#888 = EDGE_LOOP ( 'NONE', ( #862, #92, #3748, #2521 ) ) ;
#889 = CARTESIAN_POINT ( 'NONE',  ( 55.69871066774256008, 15.00000000000000000, -50.22602542458545116 ) ) ;
#890 = CARTESIAN_POINT ( 'NONE',  ( -18.88495187033245770, 13.25235129953025037, 74.02979780953796762 ) ) ;
#891 = ORIENTED_EDGE ( 'NONE', *, *, #3022, .T. ) ;
#892 = CARTESIAN_POINT ( 'NONE',  ( 60.81924541736083256, 51.22509207048097579, 14.37664128756725113 ) ) ;
#893 = CLOSED_SHELL ( 'NONE', ( #1133, #2452, #2618, #360, #2430, #2986, #737, #1185, #599, #860, #62, #1034, #1462, #2845, #524, #3165, #2197, #3717, #718, #3236, #3234, #357, #3562, #1398, #4105, #452, #1559, #3962, #1338, #1196, #4147, #2412, #10, #2900, #2145, #329, #2873, #4085, #1589, #3403, #3125, #12, #3972, #3798, #2026, #831, #314, #4389, #3918, #4200, #615, #1058, #2370, #2218, #3771, #1817, #3710, #976, #3624, #1474, #1287, #4172, #2806, #2117, #3517, #2341, #1418, #3758, #861, #2849, #946, #3488, #471, #4045, #1624, #2954, #3571, #1327, #1029, #2040, #2392, #3596, #1083, #3866, #3858, #2708, #725, #4060, #1703, #3431, #2471, #4057, #550, #4091, #4242, #1945, #3986, #2564, #2186, #4515, #1755, #1224, #2688, #1476, #3400, #2771, #1981, #2932, #2211, #388, #466, #3992, #1918, #1867, #4433, #2037, #652, #3049, #1856, #126, #2555, #494, #3945, #2075, #1623, #408, #3454, #667, #3747 ) ) ;
#894 = ORIENTED_EDGE ( 'NONE', *, *, #2399, .F. ) ;
#895 = EDGE_CURVE ( 'NONE', #2204, #474, #2572, .T. ) ;
#896 = CARTESIAN_POINT ( 'NONE',  ( 60.62359513262150301, 52.76503355686205765, -13.45040611552317422 ) ) ;
#897 = CARTESIAN_POINT ( 'NONE',  ( 71.67889451572634130, 13.82249539609411215, -22.07115948479778567 ) ) ;
#898 = EDGE_LOOP ( 'NONE', ( #290, #138, #2727, #2331 ) ) ;
#899 = DIRECTION ( 'NONE',  ( 0.000000000000000000, 1.000000000000000000, 0.000000000000000000 ) ) ;
#900 =( BOUNDED_CURVE ( )  B_SPLINE_CURVE ( 3, ( #4114, #3138, #4556, #3783 ),
 .UNSPECIFIED., .F., .F. ) 
 B_SPLINE_CURVE_WITH_KNOTS ( ( 4, 4 ),
 ( 3.458383050241007339, 4.712388980384687898 ),
 .UNSPECIFIED. ) 
 CURVE ( )  GEOMETRIC_REPRESENTATION_ITEM ( )  RATIONAL_B_SPLINE_CURVE ( ( 1.000000000000000000, 0.8731930427660704597, 0.8731930427660704597, 1.000000000000000000 ) ) 
 REPRESENTATION_ITEM ( '' )  );
#901 = CARTESIAN_POINT ( 'NONE',  ( -71.85025790760893472, 15.00000000000000178, -22.72194770333194214 ) ) ;
#902 = DIRECTION ( 'NONE',  ( -0.000000000000000000, 1.000000000000000000, -0.000000000000000000 ) ) ;
#903 = DIRECTION ( 'NONE',  ( 0.000000000000000000, 0.000000000000000000, 1.000000000000000000 ) ) ;
#904 = DIRECTION ( 'NONE',  ( 0.000000000000000000, 0.000000000000000000, 1.000000000000000000 ) ) ;
#905 = DIRECTION ( 'NONE',  ( 0.8749263230473998121, 0.000000000000000000, -0.4842560575137463963 ) ) ;
#906 = FACE_OUTER_BOUND ( 'NONE', #2486, .T. ) ;
#907 = FACE_OUTER_BOUND ( 'NONE', #2807, .T. ) ;
#908 = ORIENTED_EDGE ( 'NONE', *, *, #3648, .T. ) ;
#909 = EDGE_CURVE ( 'NONE', #3357, #916, #1634, .T. ) ;
#910 = ORIENTED_EDGE ( 'NONE', *, *, #412, .F. ) ;
#911 = FACE_OUTER_BOUND ( 'NONE', #702, .T. ) ;
#912 = VERTEX_POINT ( 'NONE', #2230 ) ;
#913 = CARTESIAN_POINT ( 'NONE',  ( -70.92817610105346660, 15.47811634594380337, 21.43697699245178967 ) ) ;
#914 = CARTESIAN_POINT ( 'NONE',  ( 57.68170340889918180, 55.00000000000000000, 9.750440597623679650 ) ) ;
#915 = VECTOR ( 'NONE', #2684, 1000.000000000000114 ) ;
#916 = VERTEX_POINT ( 'NONE', #3019 ) ;
#917 = CARTESIAN_POINT ( 'NONE',  ( -55.69871066774290114, 15.00000000000000000, 50.22602542458505326 ) ) ;
#918 = DIRECTION ( 'NONE',  ( 0.000000000000000000, 0.000000000000000000, 1.000000000000000000 ) ) ;
#919 = ORIENTED_EDGE ( 'NONE', *, *, #3572, .F. ) ;
#920 = FACE_BOUND ( 'NONE', #3870, .T. ) ;
#921 = EDGE_CURVE ( 'NONE', #3032, #2259, #2860, .T. ) ;
#922 = DIRECTION ( 'NONE',  ( 0.000000000000000000, 0.000000000000000000, 1.000000000000000000 ) ) ;
#923 = EDGE_CURVE ( 'NONE', #3398, #590, #774, .T. ) ;
#924 = CARTESIAN_POINT ( 'NONE',  ( -16.72526245305026293, 65.00000000000000000, 73.11132330820302627 ) ) ;
#925 = PLANE ( 'NONE',  #4220 ) ;
#926 = LINE ( 'NONE', #235, #564 ) ;
#927 = DIRECTION ( 'NONE',  ( 0.9998364509556316726, 0.000000000000000000, 0.01808511378030502534 ) ) ;
#928 = CARTESIAN_POINT ( 'NONE',  ( -17.71894684943892528, 14.66607261105221127, 72.87735083793252500 ) ) ;
#929 = CIRCLE ( 'NONE', #109, 2.400000000000000355 ) ;
#930 = CARTESIAN_POINT ( 'NONE',  ( 8.970000000000002416, 25.00000000000000000, 31.75000000000000711 ) ) ;
#931 = DIRECTION ( 'NONE',  ( 0.000000000000000000, 1.000000000000000000, 0.000000000000000000 ) ) ;
#932 = EDGE_LOOP ( 'NONE', ( #2440, #4448 ) ) ;
#933 = PLANE ( 'NONE',  #2488 ) ;
#934 = EDGE_CURVE ( 'NONE', #119, #2583, #2306, .T. ) ;
#935 = VECTOR ( 'NONE', #3707, 1000.000000000000000 ) ;
#936 = DIRECTION ( 'NONE',  ( -0.000000000000000000, 1.000000000000000000, -0.000000000000000000 ) ) ;
#937 = CARTESIAN_POINT ( 'NONE',  ( 60.15172078479989892, 53.95145328292949216, 11.35105901374511461 ) ) ;
#938 = ORIENTED_EDGE ( 'NONE', *, *, #1282, .F. ) ;
#939 = CARTESIAN_POINT ( 'NONE',  ( -75.34919931401169890, 15.00000000000000000, 18.62725491042954218 ) ) ;
#940 = ORIENTED_EDGE ( 'NONE', *, *, #3174, .F. ) ;
#941 = DIRECTION ( 'NONE',  ( 0.01808511378030476166, 0.000000000000000000, -0.9998364509556316726 ) ) ;
#942 = CARTESIAN_POINT ( 'NONE',  ( -72.73207567030848963, 14.50115431522307397, -23.27531746291963088 ) ) ;
#943 = EDGE_CURVE ( 'NONE', #2545, #4155, #2057, .T. ) ;
#944 = FACE_OUTER_BOUND ( 'NONE', #3913, .T. ) ;
#945 = CARTESIAN_POINT ( 'NONE',  ( -97.45275222557140182, 0.000000000000000000, -130.6686202685922638 ) ) ;
#946 = ADVANCED_FACE ( 'NONE', ( #911 ), #1278, .T. ) ;
#947 = DIRECTION ( 'NONE',  ( -0.000000000000000000, 1.000000000000000000, -0.000000000000000000 ) ) ;
#948 = ORIENTED_EDGE ( 'NONE', *, *, #2821, .T. ) ;
#949 = B_SPLINE_CURVE_WITH_KNOTS ( 'NONE', 3,
 ( #4384, #4081, #892, #1896, #2691, #1967, #1239, #3356, #1260, #171, #1597, #2255, #937, #224, #3681, #3000, #3633, #3728, #3309, #2669, #1575, #144, #3333, #914 ),
 .UNSPECIFIED., .F., .F.,
 ( 4, 2, 2, 2, 2, 2, 2, 2, 2, 2, 2, 4 ),
 ( -1.307441366768836954E-05, 0.0004693497107491949945, 0.0009517738351660783806, 0.001916622083999844394, 0.002881470332833610190, 0.003846318581667376203, 0.004811166830501141349, 0.005293590954918024789, 0.005776015079334908230, 0.006258439203751792537, 0.006740863328168675110, 0.007705711577002443725 ),
 .UNSPECIFIED. ) ;
#950 = CARTESIAN_POINT ( 'NONE',  ( 71.83199688147749384, 65.00000000000000000, 9.939178439855682612 ) ) ;
#951 = EDGE_CURVE ( 'NONE', #1627, #565, #241, .T. ) ;
#952 = EDGE_CURVE ( 'NONE', #4005, #2472, #265, .T. ) ;
#953 = DIRECTION ( 'NONE',  ( 0.000000000000000000, 1.000000000000000000, 0.000000000000000000 ) ) ;
#954 = AXIS2_PLACEMENT_3D ( 'NONE', #4538, #993, #1407 ) ;
#955 = DIRECTION ( 'NONE',  ( -0.000000000000000000, -1.000000000000000000, -0.000000000000000000 ) ) ;
#956 = CARTESIAN_POINT ( 'NONE',  ( 72.13232916392099980, 15.00000000000000000, -20.54086389097971832 ) ) ;
#957 = VECTOR ( 'NONE', #3971, 1000.000000000000227 ) ;
#958 = ORIENTED_EDGE ( 'NONE', *, *, #1767, .F. ) ;
#959 = CYLINDRICAL_SURFACE ( 'NONE', #4036, 3.499999999999999556 ) ;
#960 = AXIS2_PLACEMENT_3D ( 'NONE', #3271, #1190, #2213 ) ;
#961 = ORIENTED_EDGE ( 'NONE', *, *, #3008, .T. ) ;
#962 = CARTESIAN_POINT ( 'NONE',  ( -73.47361872284737672, 15.05989072971427589, 19.57621404649907149 ) ) ;
#963 = LINE ( 'NONE', #4357, #1009 ) ;
#964 = VERTEX_POINT ( 'NONE', #1669 ) ;
#965 = CARTESIAN_POINT ( 'NONE',  ( 8.970000000000002416, 31.00000000000000000, 31.75000000000000711 ) ) ;
#966 = AXIS2_PLACEMENT_3D ( 'NONE', #3149, #288, #1692 ) ;
#967 = ORIENTED_EDGE ( 'NONE', *, *, #1497, .F. ) ;
#968 = CARTESIAN_POINT ( 'NONE',  ( -17.17126945179826336, 65.00000000000000000, 75.06095859642175583 ) ) ;
#969 = CARTESIAN_POINT ( 'NONE',  ( -71.93983112127108370, 13.49786974829317110, -23.44377757925881767 ) ) ;
#970 = CARTESIAN_POINT ( 'NONE',  ( -18.84255101065914673, 15.00000000000000000, -75.29248897739208246 ) ) ;
#971 = CARTESIAN_POINT ( 'NONE',  ( -16.87172537453315968, 13.80845403857436793, 73.07781781697951828 ) ) ;
#972 = FACE_OUTER_BOUND ( 'NONE', #3487, .T. ) ;
#973 = VERTEX_POINT ( 'NONE', #3697 ) ;
#974 = CARTESIAN_POINT ( 'NONE',  ( -55.26986536435577335, 15.26357696537428943, 50.60583265163499078 ) ) ;
#975 = CARTESIAN_POINT ( 'NONE',  ( -14.56775934708187137, 14.26597694346630973, -73.57207225190569488 ) ) ;
#976 = ADVANCED_FACE ( 'NONE', ( #1235 ), #933, .F. ) ;
#977 = CYLINDRICAL_SURFACE ( 'NONE', #4213, 2.400000000000001243 ) ;
#978 = DIRECTION ( 'NONE',  ( -0.000000000000000000, -1.000000000000000000, 0.000000000000000000 ) ) ;
#979 = CARTESIAN_POINT ( 'NONE',  ( 15.49873714555498339, 15.00000000000000000, 73.38112255132786288 ) ) ;
#980 = CARTESIAN_POINT ( 'NONE',  ( 15.49873714555498339, 0.000000000000000000, 73.38112255132786288 ) ) ;
#981 = ORIENTED_EDGE ( 'NONE', *, *, #895, .T. ) ;
#982 = CARTESIAN_POINT ( 'NONE',  ( -72.88115079700568799, 14.64302378775816216, 20.77049668565194551 ) ) ;
#983 = ORIENTED_EDGE ( 'NONE', *, *, #3844, .T. ) ;
#984 = CARTESIAN_POINT ( 'NONE',  ( -15.49873714555550031, 15.00000000000000000, -73.38112255132774919 ) ) ;
#985 = CARTESIAN_POINT ( 'NONE',  ( -53.79084823102890311, 15.00000000000000000, -53.79827710972504207 ) ) ;
#986 = B_SPLINE_CURVE_WITH_KNOTS ( 'NONE', 3,
 ( #185, #2297, #2988, #1272, #3716, #1751 ),
 .UNSPECIFIED., .F., .F.,
 ( 4, 2, 4 ),
 ( 0.000000000000000000, 0.0009600810763620365928, 0.001920162152724073186 ),
 .UNSPECIFIED. ) ;
#987 = DIRECTION ( 'NONE',  ( 0.000000000000000000, 0.000000000000000000, 1.000000000000000000 ) ) ;
#988 = EDGE_CURVE ( 'NONE', #119, #474, #3232, .T. ) ;
#989 = CARTESIAN_POINT ( 'NONE',  ( 14.32118828115386400, 14.04610070037322700, 73.62039611853100496 ) ) ;
#990 = CARTESIAN_POINT ( 'NONE',  ( 53.43144189309922609, 15.21496393293473304, 52.89448307506759051 ) ) ;
#991 = ORIENTED_EDGE ( 'NONE', *, *, #3568, .F. ) ;
#992 = CARTESIAN_POINT ( 'NONE',  ( -55.81875560072434439, 15.47819391444292592, 48.72857708195140702 ) ) ;
#993 = DIRECTION ( 'NONE',  ( -0.000000000000000000, -1.000000000000000000, -0.000000000000000000 ) ) ;
#994 = AXIS2_PLACEMENT_3D ( 'NONE', #4508, #251, #922 ) ;
#995 = DIRECTION ( 'NONE',  ( -0.01808511378031029543, 0.000000000000000000, 0.9998364509556315616 ) ) ;
#996 = DIRECTION ( 'NONE',  ( 0.8568412092670998348, 0.000000000000000000, 0.5155803934418899948 ) ) ;
#997 = AXIS2_PLACEMENT_3D ( 'NONE', #3341, #2019, #1679 ) ;
#998 = CARTESIAN_POINT ( 'NONE',  ( -60.00003848536366746, 51.00000000000000711, -17.49986804964195031 ) ) ;
#999 = CIRCLE ( 'NONE', #3625, 2.000000000000001776 ) ;
#1000 = DIRECTION ( 'NONE',  ( 0.1483641837633081217, 0.9889327929522043759, 0.000000000000000000 ) ) ;
#1001 = EDGE_CURVE ( 'NONE', #3215, #1848, #2713, .T. ) ;
#1002 = CARTESIAN_POINT ( 'NONE',  ( -56.16978818731679723, 13.73824274875336293, 49.70671756555309173 ) ) ;
#1003 = ORIENTED_EDGE ( 'NONE', *, *, #39, .T. ) ;
#1004 = CARTESIAN_POINT ( 'NONE',  ( -57.26535273327016995, 65.00000000000000000, 7.604056276338828191 ) ) ;
#1005 = VECTOR ( 'NONE', #2133, 1000.000000000000114 ) ;
#1006 = EDGE_CURVE ( 'NONE', #2866, #872, #194, .T. ) ;
#1007 = VERTEX_POINT ( 'NONE', #3353 ) ;
#1008 = DIRECTION ( 'NONE',  ( 0.000000000000000000, -0.000000000000000000, 1.000000000000000000 ) ) ;
#1009 = VECTOR ( 'NONE', #3702, 1000.000000000000000 ) ;
#1010 = EDGE_CURVE ( 'NONE', #3761, #2276, #592, .T. ) ;
#1011 = DIRECTION ( 'NONE',  ( 0.8660254037844432595, 0.000000000000000000, 0.4999999999999919509 ) ) ;
#1012 = ORIENTED_EDGE ( 'NONE', *, *, #463, .T. ) ;
#1013 = CARTESIAN_POINT ( 'NONE',  ( 177.9897558368519981, 0.000000000000000000, -163.7062292414697140 ) ) ;
#1014 = PLANE ( 'NONE',  #1923 ) ;
#1015 = DIRECTION ( 'NONE',  ( -0.8749263230473998121, 0.000000000000000000, 0.4842560575137463963 ) ) ;
#1016 = VERTEX_POINT ( 'NONE', #4405 ) ;
#1017 = VERTEX_POINT ( 'NONE', #220 ) ;
#1018 = CARTESIAN_POINT ( 'NONE',  ( -55.39186842597077742, 15.38965839144947800, 49.62415089639025467 ) ) ;
#1019 = CARTESIAN_POINT ( 'NONE',  ( 54.95363206267614942, 13.82249539609411215, 51.04016382340493152 ) ) ;
#1020 = LINE ( 'NONE', #1342, #2966 ) ;
#1021 = DIRECTION ( 'NONE',  ( -0.000000000000000000, -1.000000000000000000, -0.000000000000000000 ) ) ;
#1022 = CARTESIAN_POINT ( 'NONE',  ( 71.82321584365062961, 14.26626751192590170, -21.59849551438056992 ) ) ;
#1023 = AXIS2_PLACEMENT_3D ( 'NONE', #1538, #3619, #1153 ) ;
#1024 = DIRECTION ( 'NONE',  ( 0.4842560575137498935, 0.000000000000000000, 0.8749263230473979247 ) ) ;
#1025 = CARTESIAN_POINT ( 'NONE',  ( -18.88495187033244349, 0.000000000000000000, 74.02979780953795341 ) ) ;
#1026 = ORIENTED_EDGE ( 'NONE', *, *, #4447, .F. ) ;
#1027 = CARTESIAN_POINT ( 'NONE',  ( -17.17126945179826336, 13.76645602509050192, 73.06095859642175583 ) ) ;
#1028 = VECTOR ( 'NONE', #3117, 1000.000000000000000 ) ;
#1029 = ADVANCED_FACE ( 'NONE', ( #1992 ), #1620, .F. ) ;
#1030 = ORIENTED_EDGE ( 'NONE', *, *, #3156, .F. ) ;
#1031 = DIRECTION ( 'NONE',  ( 0.000000000000000000, 0.000000000000000000, 1.000000000000000000 ) ) ;
#1032 = AXIS2_PLACEMENT_3D ( 'NONE', #965, #640, #3776 ) ;
#1033 = DIRECTION ( 'NONE',  ( -0.9998364509556315616, 0.000000000000000000, -0.01808511378031029196 ) ) ;
#1034 = ADVANCED_FACE ( 'NONE', ( #4100 ), #959, .T. ) ;
#1035 = ORIENTED_EDGE ( 'NONE', *, *, #3773, .F. ) ;
#1036 = CARTESIAN_POINT ( 'NONE',  ( 56.71566630909902074, 55.00000000000000000, -14.33817265605800806 ) ) ;
#1037 = AXIS2_PLACEMENT_3D ( 'NONE', #2661, #2585, #4396 ) ;
#1038 = CARTESIAN_POINT ( 'NONE',  ( 8.970000000000002416, 25.00000000000000000, 33.00000000000000711 ) ) ;
#1039 = DIRECTION ( 'NONE',  ( 0.000000000000000000, 1.000000000000000000, 0.000000000000000000 ) ) ;
#1040 = EDGE_LOOP ( 'NONE', ( #961, #2158, #1420, #776 ) ) ;
#1041 = CIRCLE ( 'NONE', #1173, 3.499999999999996003 ) ;
#1042 = CARTESIAN_POINT ( 'NONE',  ( 53.86565812859459612, 15.00000000000000000, 54.11412048021050936 ) ) ;
#1043 = LINE ( 'NONE', #1408, #3265 ) ;
#1044 =( BOUNDED_SURFACE ( )  B_SPLINE_SURFACE ( 3, 2, ( 
 ( #3114, #28, #53 ),
 ( #2061, #1095, #2487 ),
 ( #2398, #1742, #3540 ),
 ( #3135, #404, #2103 ),
 ( #341, #2836, #365 ),
 ( #1805, #3895, #1396 ),
 ( #2793, #1783, #2122 ),
 ( #3846, #3495, #4526 ),
 ( #3195, #9, #4195 ),
 ( #4550, #4218, #3172 ) ),
 .UNSPECIFIED., .F., .F., .T. ) 
 B_SPLINE_SURFACE_WITH_KNOTS ( ( 4, 2, 2, 2, 4 ),
 ( 3, 3 ),
 ( 1.570796326794896114, 1.886178818226032394, 2.201561309657168675, 2.516943801088304955, 2.832326292519441235 ),
 ( 0.000000000000000000, 0.6860329862470420093 ),
 .UNSPECIFIED. ) 
 GEOMETRIC_REPRESENTATION_ITEM ( )  RATIONAL_B_SPLINE_SURFACE ( (
 ( 1.000000000000000000, 0.7990655904458989767, 0.8738264469441701099),
 ( 1.000000000000000000, 0.8028488174607512073, 0.8762020639205754247),
 ( 1.000000000000000000, 0.8065843899715836596, 0.8785477570123430002),
 ( 1.000000000000000000, 0.8136162608981319933, 0.8829633080441521287),
 ( 1.000000000000000000, 0.8169111372011822469, 0.8850322729912603048),
 ( 1.000000000000000000, 0.8227695216766524045, 0.8887109519496203536),
 ( 1.000000000000000000, 0.8253326411501341608, 0.8903204218835825134),
 ( 1.000000000000000000, 0.8295123856662355299, 0.8929450256915238970),
 ( 1.000000000000000000, 0.8311301589548281132, 0.8939608805882213183),
 ( 1.000000000000000000, 0.8322064199149015185, 0.8946367014675277174) ) ) 
 REPRESENTATION_ITEM ( '' )  SURFACE ( )  );
#1045 = CARTESIAN_POINT ( 'NONE',  ( -70.83782826537046162, 13.82194042948880330, -24.63741233664532615 ) ) ;
#1046 = DIRECTION ( 'NONE',  ( -0.9998364509556316726, 0.000000000000000000, -0.01808511378030502534 ) ) ;
#1047 = EDGE_CURVE ( 'NONE', #4479, #2587, #3039, .T. ) ;
#1048 = EDGE_LOOP ( 'NONE', ( #3842, #1383, #1035, #3222 ) ) ;
#1049 = CARTESIAN_POINT ( 'NONE',  ( 0.000000000000000000, 15.00000000000000000, 0.000000000000000000 ) ) ;
#1050 = ORIENTED_EDGE ( 'NONE', *, *, #752, .T. ) ;
#1051 = CARTESIAN_POINT ( 'NONE',  ( -17.17126945179826336, 0.000000000000000000, 75.06095859642175583 ) ) ;
#1052 = CARTESIAN_POINT ( 'NONE',  ( 18.59192092637767857, 15.00000000000000178, -72.82430222922559437 ) ) ;
#1053 = EDGE_LOOP ( 'NONE', ( #4363, #754, #2417 ) ) ;
#1054 = CARTESIAN_POINT ( 'NONE',  ( -18.92999999999999616, 25.00000000000000000, 35.25000000000000000 ) ) ;
#1055 = DIRECTION ( 'NONE',  ( 0.000000000000000000, -1.000000000000000000, 0.000000000000000000 ) ) ;
#1056 = EDGE_CURVE ( 'NONE', #2529, #3288, #1906, .T. ) ;
#1057 = DIRECTION ( 'NONE',  ( 0.000000000000000000, 0.000000000000000000, 1.000000000000000000 ) ) ;
#1058 = ADVANCED_FACE ( 'NONE', ( #1714 ), #4234, .T. ) ;
#1059 = VERTEX_POINT ( 'NONE', #2415 ) ;
#1060 = CIRCLE ( 'NONE', #4362, 4.000000000000000000 ) ;
#1061 = CARTESIAN_POINT ( 'NONE',  ( -56.31318616431211410, 14.80507353957306904, 49.84849348772191746 ) ) ;
#1062 = FACE_OUTER_BOUND ( 'NONE', #4240, .T. ) ;
#1063 = DIRECTION ( 'NONE',  ( 0.000000000000000000, 1.000000000000000000, 0.000000000000000000 ) ) ;
#1064 = CARTESIAN_POINT ( 'NONE',  ( 24.16999999999999815, 31.00000000000000000, -19.04999999999999005 ) ) ;
#1065 = DIRECTION ( 'NONE',  ( -0.000000000000000000, -1.000000000000000000, -0.000000000000000000 ) ) ;
#1066 = PLANE ( 'NONE',  #3791 ) ;
#1067 = ORIENTED_EDGE ( 'NONE', *, *, #1141, .F. ) ;
#1068 = CARTESIAN_POINT ( 'NONE',  ( -58.26902014239161787, 0.000000000000000000, 50.33608339596518277 ) ) ;
#1069 = EDGE_CURVE ( 'NONE', #4381, #2715, #665, .T. ) ;
#1070 = ORIENTED_EDGE ( 'NONE', *, *, #4544, .T. ) ;
#1071 = CARTESIAN_POINT ( 'NONE',  ( -17.26613439752155443, 15.00000000000000000, -74.37586242712211515 ) ) ;
#1072 = AXIS2_PLACEMENT_3D ( 'NONE', #630, #931, #2991 ) ;
#1073 = ORIENTED_EDGE ( 'NONE', *, *, #1948, .T. ) ;
#1074 = CARTESIAN_POINT ( 'NONE',  ( -20.59863428886665915, 13.25235129953026281, 72.99863702265419363 ) ) ;
#1075 = ORIENTED_EDGE ( 'NONE', *, *, #4120, .T. ) ;
#1076 = AXIS2_PLACEMENT_3D ( 'NONE', #1081, #349, #1015 ) ;
#1077 = LINE ( 'NONE', #57, #60 ) ;
#1078 = EDGE_CURVE ( 'NONE', #2715, #3378, #1101, .T. ) ;
#1079 = AXIS2_PLACEMENT_3D ( 'NONE', #2216, #3614, #2512 ) ;
#1080 = DIRECTION ( 'NONE',  ( 0.000000000000000000, -1.000000000000000000, 0.000000000000000000 ) ) ;
#1081 = CARTESIAN_POINT ( 'NONE',  ( -102.0882118377708707, -1.977872705736760217, -143.1737516761935751 ) ) ;
#1082 = ORIENTED_EDGE ( 'NONE', *, *, #671, .F. ) ;
#1083 = ADVANCED_FACE ( 'NONE', ( #4520 ), #3818, .F. ) ;
#1084 = LINE ( 'NONE', #1472, #3141 ) ;
#1085 = EDGE_CURVE ( 'NONE', #3215, #1847, #2460, .T. ) ;
#1086 = DIRECTION ( 'NONE',  ( 0.8568412092671007230, -0.000000000000000000, 0.5155803934418886625 ) ) ;
#1087 = CARTESIAN_POINT ( 'NONE',  ( -55.69871066774290114, 15.00000000000000000, 50.22602542458505326 ) ) ;
#1088 = EDGE_CURVE ( 'NONE', #2940, #590, #3205, .T. ) ;
#1089 = CARTESIAN_POINT ( 'NONE',  ( -103.9817340096766998, 0.000000000000000000, -142.4648134952479666 ) ) ;
#1090 = CARTESIAN_POINT ( 'NONE',  ( -61.19858165758522262, 52.76503355686205765, 10.52935489839644845 ) ) ;
#1091 = LINE ( 'NONE', #1715, #1960 ) ;
#1092 = ORIENTED_EDGE ( 'NONE', *, *, #2904, .F. ) ;
#1093 = FACE_OUTER_BOUND ( 'NONE', #2304, .T. ) ;
#1094 = VERTEX_POINT ( 'NONE', #2115 ) ;
#1095 = CARTESIAN_POINT ( 'NONE',  ( 18.88491761361866850, 14.50088499283585186, -73.99319733072758254 ) ) ;
#1096 = AXIS2_PLACEMENT_3D ( 'NONE', #1341, #4514, #2028 ) ;
#1097 = ORIENTED_EDGE ( 'NONE', *, *, #2676, .F. ) ;
#1098 = CARTESIAN_POINT ( 'NONE',  ( 71.49870072495252771, 14.76896567921142811, 23.69561479099534651 ) ) ;
#1099 = ORIENTED_EDGE ( 'NONE', *, *, #3804, .F. ) ;
#1100 = CARTESIAN_POINT ( 'NONE',  ( 14.29080784287789463, 15.47819391444352100, 72.70474889884698655 ) ) ;
#1101 = CIRCLE ( 'NONE', #1694, 4.000000000000000000 ) ;
#1102 = CARTESIAN_POINT ( 'NONE',  ( -17.26613439752155443, 15.00000000000000000, -74.37586242712211515 ) ) ;
#1103 = CARTESIAN_POINT ( 'NONE',  ( 0.000000000000000000, 0.000000000000000000, 0.000000000000000000 ) ) ;
#1104 = ORIENTED_EDGE ( 'NONE', *, *, #3565, .F. ) ;
#1105 = CARTESIAN_POINT ( 'NONE',  ( -14.08491502705286358, 65.00000000000000000, -73.66556297674445375 ) ) ;
#1106 = CYLINDRICAL_SURFACE ( 'NONE', #1368, 2.000000000000001776 ) ;
#1107 = AXIS2_PLACEMENT_3D ( 'NONE', #4142, #381, #1778 ) ;
#1108 = CARTESIAN_POINT ( 'NONE',  ( 74.98773382167237855, 15.00000000000000000, 1.356383533523325413 ) ) ;
#1109 = CARTESIAN_POINT ( 'NONE',  ( -60.12335848541694361, 51.56033611949589357, -16.93269814316717259 ) ) ;
#1110 = CARTESIAN_POINT ( 'NONE',  ( 72.72683701911367393, 0.000000000000000000, 25.29440999895586728 ) ) ;
#1111 = VERTEX_POINT ( 'NONE', #3839 ) ;
#1112 = DIRECTION ( 'NONE',  ( 0.000000000000000000, 1.000000000000000000, 0.000000000000000000 ) ) ;
#1113 = VERTEX_POINT ( 'NONE', #3166 ) ;
#1114 = FACE_OUTER_BOUND ( 'NONE', #1351, .T. ) ;
#1115 = CARTESIAN_POINT ( 'NONE',  ( 70.83293787981678236, 13.82333008205885427, 24.65164561742051319 ) ) ;
#1116 = ORIENTED_EDGE ( 'NONE', *, *, #497, .F. ) ;
#1117 = CARTESIAN_POINT ( 'NONE',  ( 15.01346861859315496, 14.80507353957363215, 73.69289653019599484 ) ) ;
#1118 = VERTEX_POINT ( 'NONE', #3794 ) ;
#1119 = CARTESIAN_POINT ( 'NONE',  ( -16.75855054967989588, 14.90307291276053547, 73.10338597658235926 ) ) ;
#1120 = ORIENTED_EDGE ( 'NONE', *, *, #3131, .F. ) ;
#1121 = CARTESIAN_POINT ( 'NONE',  ( 54.02905470633408669, 15.47811634594240715, 50.70711385138492489 ) ) ;
#1122 = ORIENTED_EDGE ( 'NONE', *, *, #2833, .F. ) ;
#1123 = EDGE_CURVE ( 'NONE', #3796, #1809, #3896, .T. ) ;
#1124 = CARTESIAN_POINT ( 'NONE',  ( -24.13000000000000256, 31.00000000000000000, -21.10999999999998877 ) ) ;
#1125 = CARTESIAN_POINT ( 'NONE',  ( -174.6101287694738176, 0.000000000000000000, -23.13662801939297964 ) ) ;
#1126 = CARTESIAN_POINT ( 'NONE',  ( 161.0936646476267526, 0.000000000000000000, 24.89246839385718957 ) ) ;
#1127 = CARTESIAN_POINT ( 'NONE',  ( -59.29392943722719878, 54.20345616686645229, -13.89039769594574736 ) ) ;
#1128 = CARTESIAN_POINT ( 'NONE',  ( 175.3328929353346268, 0.000000000000000000, -16.82410989875777929 ) ) ;
#1129 = ORIENTED_EDGE ( 'NONE', *, *, #1894, .F. ) ;
#1130 = ORIENTED_EDGE ( 'NONE', *, *, #583, .T. ) ;
#1131 =( BOUNDED_CURVE ( )  B_SPLINE_CURVE ( 3, ( #1697, #723, #2499, #3774 ),
 .UNSPECIFIED., .F., .F. ) 
 B_SPLINE_CURVE_WITH_KNOTS ( ( 4, 4 ),
 ( 1.570796326794895448, 1.588882426574070417 ),
 .UNSPECIFIED. ) 
 CURVE ( )  GEOMETRIC_REPRESENTATION_ITEM ( )  RATIONAL_B_SPLINE_CURVE ( ( 1.000000000000000000, 0.9999727412686596484, 0.9999727412686596484, 1.000000000000000000 ) ) 
 REPRESENTATION_ITEM ( '' )  );
#1132 = CARTESIAN_POINT ( 'NONE',  ( 239.9440062641872089, 15.00000000000000000, -47.08320850842120819 ) ) ;
#1133 = ADVANCED_FACE ( 'NONE', ( #4501 ), #1347, .T. ) ;
#1134 = VERTEX_POINT ( 'NONE', #1797 ) ;
#1135 = CARTESIAN_POINT ( 'NONE',  ( 75.34919931401171311, 15.00000000000000000, -18.62725491042951376 ) ) ;
#1136 = AXIS2_PLACEMENT_3D ( 'NONE', #372, #1423, #2044 ) ;
#1137 = EDGE_CURVE ( 'NONE', #1134, #1118, #4301, .T. ) ;
#1138 = ORIENTED_EDGE ( 'NONE', *, *, #2502, .F. ) ;
#1139 = CARTESIAN_POINT ( 'NONE',  ( 70.92664267607348449, 14.88768880343009116, 24.39169080709182325 ) ) ;
#1140 = ORIENTED_EDGE ( 'NONE', *, *, #34, .T. ) ;
#1141 = EDGE_CURVE ( 'NONE', #2009, #1965, #2739, .T. ) ;
#1142 = CARTESIAN_POINT ( 'NONE',  ( -54.42835317749810287, 14.64302378775847657, -52.73167970442584362 ) ) ;
#1143 = CIRCLE ( 'NONE', #633, 75.00000000000001421 ) ;
#1144 = DIRECTION ( 'NONE',  ( 0.000000000000000000, -1.000000000000000000, 0.000000000000000000 ) ) ;
#1145 = PLANE ( 'NONE',  #1079 ) ;
#1146 = AXIS2_PLACEMENT_3D ( 'NONE', #418, #812, #2198 ) ;
#1147 = VERTEX_POINT ( 'NONE', #2874 ) ;
#1148 = CARTESIAN_POINT ( 'NONE',  ( 55.31593271321848704, 15.35087063487855552, -49.94946204144410729 ) ) ;
#1149 = AXIS2_PLACEMENT_3D ( 'NONE', #4247, #3638, #3922 ) ;
#1150 = DIRECTION ( 'NONE',  ( 0.000000000000000000, 0.000000000000000000, -1.000000000000000000 ) ) ;
#1151 = AXIS2_PLACEMENT_3D ( 'NONE', #2951, #1629, #2311 ) ;
#1152 = DIRECTION ( 'NONE',  ( 0.000000000000000000, 1.000000000000000000, 0.000000000000000000 ) ) ;
#1153 = DIRECTION ( 'NONE',  ( 0.000000000000000000, 0.000000000000000000, 1.000000000000000000 ) ) ;
#1154 = DIRECTION ( 'NONE',  ( 0.000000000000000000, -0.1301231341334352642, -0.9914978416331988731 ) ) ;
#1155 = ORIENTED_EDGE ( 'NONE', *, *, #331, .T. ) ;
#1156 = LINE ( 'NONE', #515, #2675 ) ;
#1157 = EDGE_LOOP ( 'NONE', ( #3650, #3978, #4129, #2249 ) ) ;
#1158 = LINE ( 'NONE', #99, #3148 ) ;
#1159 =( BOUNDED_CURVE ( )  B_SPLINE_CURVE ( 3, ( #3307, #3180, #434, #1916 ),
 .UNSPECIFIED., .F., .F. ) 
 B_SPLINE_CURVE_WITH_KNOTS ( ( 4, 4 ),
 ( 2.654924803260330091, 3.141592653589787787 ),
 .UNSPECIFIED. ) 
 CURVE ( )  GEOMETRIC_REPRESENTATION_ITEM ( )  RATIONAL_B_SPLINE_CURVE ( ( 1.000000000000000000, 0.9803600635457752066, 0.9803600635457752066, 1.000000000000000000 ) ) 
 REPRESENTATION_ITEM ( '' )  );
#1160 = ORIENTED_EDGE ( 'NONE', *, *, #266, .F. ) ;
#1161 = EDGE_CURVE ( 'NONE', #4381, #3281, #507, .T. ) ;
#1162 = CARTESIAN_POINT ( 'NONE',  ( 71.76287681987491851, 15.21500962731365014, 22.42275561850125953 ) ) ;
#1163 = ORIENTED_EDGE ( 'NONE', *, *, #3291, .F. ) ;
#1164 = CARTESIAN_POINT ( 'NONE',  ( 60.68283602918599939, 51.44888909375809760, -14.86260987063673689 ) ) ;
#1165 = VECTOR ( 'NONE', #4349, 1000.000000000000000 ) ;
#1166 = EDGE_CURVE ( 'NONE', #3529, #1893, #3573, .T. ) ;
#1167 = CARTESIAN_POINT ( 'NONE',  ( 14.90407694890144974, 13.70162369194418162, 73.66960824172065259 ) ) ;
#1168 = EDGE_CURVE ( 'NONE', #2965, #4236, #163, .T. ) ;
#1169 = CARTESIAN_POINT ( 'NONE',  ( -71.67889451572634130, 13.82249539609410682, 22.07115948479778567 ) ) ;
#1170 = CIRCLE ( 'NONE', #3507, 62.50000000000000000 ) ;
#1171 = EDGE_LOOP ( 'NONE', ( #3579, #548, #2382, #1410, #3279 ) ) ;
#1172 = CARTESIAN_POINT ( 'NONE',  ( -55.80054771489170662, 15.00000000000000000, 50.11286137029193100 ) ) ;
#1173 = AXIS2_PLACEMENT_3D ( 'NONE', #1828, #142, #864 ) ;
#1174 = ORIENTED_EDGE ( 'NONE', *, *, #3832, .T. ) ;
#1175 = LINE ( 'NONE', #1884, #2903 ) ;
#1176 = CARTESIAN_POINT ( 'NONE',  ( 106.1763266736495552, 0.000000000000000000, -133.8321879968189023 ) ) ;
#1177 = CARTESIAN_POINT ( 'NONE',  ( 54.06283923340836850, 14.84782821750931703, 51.98363714264045399 ) ) ;
#1178 = LINE ( 'NONE', #3238, #398 ) ;
#1179 = AXIS2_PLACEMENT_3D ( 'NONE', #881, #1199, #3996 ) ;
#1180 = ORIENTED_EDGE ( 'NONE', *, *, #2910, .F. ) ;
#1181 = CARTESIAN_POINT ( 'NONE',  ( -161.0936646476267526, 0.000000000000000000, -24.89246839385718957 ) ) ;
#1182 = VERTEX_POINT ( 'NONE', #3277 ) ;
#1183 = ORIENTED_EDGE ( 'NONE', *, *, #3684, .F. ) ;
#1184 = LINE ( 'NONE', #3283, #140 ) ;
#1185 = ADVANCED_FACE ( 'NONE', ( #489 ), #3975, .F. ) ;
#1186 = EDGE_LOOP ( 'NONE', ( #1938, #263 ) ) ;
#1187 = DIRECTION ( 'NONE',  ( 0.8568412092671007230, 0.000000000000000000, 0.5155803934418886625 ) ) ;
#1188 = ORIENTED_EDGE ( 'NONE', *, *, #2904, .T. ) ;
#1189 =( BOUNDED_SURFACE ( )  B_SPLINE_SURFACE ( 3, 2, ( 
 ( #736, #2913, #3967 ),
 ( #410, #4269, #1100 ),
 ( #3919, #4223, #4317 ),
 ( #1167, #1117, #391 ),
 ( #4245, #33, #780 ),
 ( #3199, #760, #2169 ),
 ( #1771, #1835, #81 ),
 ( #2554, #1445, #2884 ),
 ( #2816, #2147, #2214 ),
 ( #4290, #203, #1971 ) ),
 .UNSPECIFIED., .F., .F., .F. ) 
 B_SPLINE_SURFACE_WITH_KNOTS ( ( 4, 2, 2, 2, 4 ),
 ( 3, 3 ),
 ( 3.450695304743722769, 3.766118723653964828, 4.081542142564206443, 4.396965561474448059, 4.712388980384689674 ),
 ( 0.000000000000000000, 0.6864271697496964197 ),
 .UNSPECIFIED. ) 
 GEOMETRIC_REPRESENTATION_ITEM ( )  RATIONAL_B_SPLINE_SURFACE ( (
 ( 1.000000000000000000, 0.8321116870725285830, 0.8947095730987681961),
 ( 1.000000000000000000, 0.8310352245411162242, 0.8940344742935015798),
 ( 1.000000000000000000, 0.8294167734965712802, 0.8930194697441824481),
 ( 1.000000000000000000, 0.8252348168936911588, 0.8903967738082845251),
 ( 1.000000000000000000, 0.8226701617747701478, 0.8887883614797724707),
 ( 1.000000000000000000, 0.8168080273762947652, 0.8851119493304973052),
 ( 1.000000000000000000, 0.8135109372135344019, 0.8830441935426427413),
 ( 1.000000000000000000, 0.8064742262165436326, 0.8786311507766833007),
 ( 1.000000000000000000, 0.8027360291200607012, 0.8762867566895278237),
 ( 1.000000000000000000, 0.7989501367710034607, 0.8739124507316942125) ) ) 
 REPRESENTATION_ITEM ( '' )  SURFACE ( )  );
#1190 = DIRECTION ( 'NONE',  ( -0.000000000000000000, -1.000000000000000000, -0.000000000000000000 ) ) ;
#1191 = ORIENTED_EDGE ( 'NONE', *, *, #1814, .F. ) ;
#1192 = CARTESIAN_POINT ( 'NONE',  ( 71.67452028316471058, 13.82388556941332958, -22.08555773006984069 ) ) ;
#1193 = LINE ( 'NONE', #3273, #2527 ) ;
#1194 = CARTESIAN_POINT ( 'NONE',  ( -61.25821921836690365, 25.00000000000000000, 12.39679709418949116 ) ) ;
#1195 = EDGE_CURVE ( 'NONE', #4243, #3229, #2155, .T. ) ;
#1196 = ADVANCED_FACE ( 'NONE', ( #2201 ), #2178, .T. ) ;
#1197 = CARTESIAN_POINT ( 'NONE',  ( -57.26535273327016995, 55.00000000000000000, 7.604056276338829967 ) ) ;
#1198 = ORIENTED_EDGE ( 'NONE', *, *, #2502, .T. ) ;
#1199 = DIRECTION ( 'NONE',  ( 0.5098761939008291666, 0.1483404529302446706, -0.8473614204798647354 ) ) ;
#1200 = LINE ( 'NONE', #3209, #2334 ) ;
#1201 = CARTESIAN_POINT ( 'NONE',  ( -57.33769318839140539, 65.00000000000000000, 11.60340208016136287 ) ) ;
#1202 = ORIENTED_EDGE ( 'NONE', *, *, #1784, .T. ) ;
#1203 = CARTESIAN_POINT ( 'NONE',  ( 4.274827109199810238, 25.00000000000000000, -62.35363544482751763 ) ) ;
#1205 = ORIENTED_EDGE ( 'NONE', *, *, #3649, .T. ) ;
#1204 = VECTOR ( 'NONE', #727, 1000.000000000000114 ) ;
#1206 = ORIENTED_EDGE ( 'NONE', *, *, #2612, .T. ) ;
#1207 = DIRECTION ( 'NONE',  ( 0.01808511378030502881, 0.000000000000000000, -0.9998364509556317836 ) ) ;
#1208 = VERTEX_POINT ( 'NONE', #3577 ) ;
#1209 = CARTESIAN_POINT ( 'NONE',  ( -16.79141752479381111, 15.00000000000000000, -73.93663473273150544 ) ) ;
#1210 = ORIENTED_EDGE ( 'NONE', *, *, #182, .T. ) ;
#1211 = CIRCLE ( 'NONE', #259, 2.400000000000001243 ) ;
#1212 = CARTESIAN_POINT ( 'NONE',  ( -57.33769318839140539, 25.00000000000000355, 11.60340208016136287 ) ) ;
#1213 = EDGE_CURVE ( 'NONE', #4008, #3468, #1200, .T. ) ;
#1214 = ORIENTED_EDGE ( 'NONE', *, *, #4403, .T. ) ;
#1215 = CARTESIAN_POINT ( 'NONE',  ( 58.61070670949133188, 54.84908872001116720, -10.81200523555554760 ) ) ;
#1216 = CIRCLE ( 'NONE', #332, 58.50000000000000000 ) ;
#1217 = CARTESIAN_POINT ( 'NONE',  ( 73.47361872284972151, 15.05989072971389753, -19.57621404649813357 ) ) ;
#1218 =( NAMED_UNIT ( * ) SI_UNIT ( $, .STERADIAN. ) SOLID_ANGLE_UNIT ( ) );
#1219 = VECTOR ( 'NONE', #2831, 1000.000000000000000 ) ;
#1220 = LINE ( 'NONE', #3991, #4108 ) ;
#1221 = VECTOR ( 'NONE', #486, 1000.000000000000227 ) ;
#1222 = CARTESIAN_POINT ( 'NONE',  ( 56.71566630909902074, 65.00000000000000000, -10.33817265605800806 ) ) ;
#1223 = CARTESIAN_POINT ( 'NONE',  ( -26.66984385664081714, 65.00000000000000000, 8.157470045832143413 ) ) ;
#1224 = ADVANCED_FACE ( 'NONE', ( #833 ), #1477, .F. ) ;
#1225 = ORIENTED_EDGE ( 'NONE', *, *, #3373, .T. ) ;
#1226 = CARTESIAN_POINT ( 'NONE',  ( 16.72526245304975490, 65.00000000000000000, -73.11132330820312575 ) ) ;
#1227 = AXIS2_PLACEMENT_3D ( 'NONE', #3561, #1187, #2861 ) ;
#1228 = EDGE_CURVE ( 'NONE', #2862, #2274, #2922, .T. ) ;
#1229 = CARTESIAN_POINT ( 'NONE',  ( -58.68462879166190760, 54.63899925927196932, -13.27368760349975751 ) ) ;
#1230 = CARTESIAN_POINT ( 'NONE',  ( 71.34636928268555778, 15.00000000000000000, 23.12348568401103677 ) ) ;
#1231 = AXIS2_PLACEMENT_3D ( 'NONE', #4167, #3167, #3490 ) ;
#1232 = DIRECTION ( 'NONE',  ( 0.000000000000000000, 0.000000000000000000, -1.000000000000000000 ) ) ;
#1233 = EDGE_CURVE ( 'NONE', #73, #1059, #3230, .T. ) ;
#1234 = ORIENTED_EDGE ( 'NONE', *, *, #4340, .T. ) ;
#1235 = FACE_OUTER_BOUND ( 'NONE', #2469, .T. ) ;
#1236 = ORIENTED_EDGE ( 'NONE', *, *, #3654, .T. ) ;
#1237 = DIRECTION ( 'NONE',  ( 0.8660254037844328234, 0.000000000000000000, -0.5000000000000099920 ) ) ;
#1238 = ORIENTED_EDGE ( 'NONE', *, *, #209, .T. ) ;
#1239 = CARTESIAN_POINT ( 'NONE',  ( 60.88160127355657636, 52.11368724677789999, 13.44833670345609811 ) ) ;
#1240 = ORIENTED_EDGE ( 'NONE', *, *, #1618, .F. ) ;
#1241 = CARTESIAN_POINT ( 'NONE',  ( 59.46486755079147457, 54.43569157680886406, -11.42917884634194081 ) ) ;
#1242 = CARTESIAN_POINT ( 'NONE',  ( 56.55533772385706470, 0.000000000000000000, -51.36724418284935467 ) ) ;
#1243 = DIRECTION ( 'NONE',  ( 0.000000000000000000, 0.000000000000000000, 1.000000000000000000 ) ) ;
#1244 = AXIS2_PLACEMENT_3D ( 'NONE', #2342, #4444, #3061 ) ;
#1245 = DIRECTION ( 'NONE',  ( 0.000000000000000000, 1.000000000000000000, 0.000000000000000000 ) ) ;
#1246 = CARTESIAN_POINT ( 'NONE',  ( 24.16999999999999815, 31.00000000000000000, -20.29999999999999005 ) ) ;
#1247 = AXIS2_PLACEMENT_3D ( 'NONE', #2983, #1245, #4042 ) ;
#1248 = CARTESIAN_POINT ( 'NONE',  ( -24.13000000000000256, 25.00000000000000000, -21.10999999999998877 ) ) ;
#1249 = CYLINDRICAL_SURFACE ( 'NONE', #1179, 1.999999999999991562 ) ;
#1250 = CARTESIAN_POINT ( 'NONE',  ( 73.79703210361148535, 15.00000000000000000, -19.59196809082505553 ) ) ;
#1251 = FACE_OUTER_BOUND ( 'NONE', #1040, .T. ) ;
#1252 = B_SPLINE_CURVE_WITH_KNOTS ( 'NONE', 3,
 ( #3736, #1946, #901, #3429, #4112, #3709 ),
 .UNSPECIFIED., .F., .F.,
 ( 4, 2, 4 ),
 ( 0.000000000000000000, 0.0009638903881092693478, 0.001927780776218538696 ),
 .UNSPECIFIED. ) ;
#1253 = CARTESIAN_POINT ( 'NONE',  ( -15.97477108401520951, 13.37792493363025415, -74.31024017335644771 ) ) ;
#1254 = AXIS2_PLACEMENT_3D ( 'NONE', #2969, #4430, #1644 ) ;
#1255 = ORIENTED_EDGE ( 'NONE', *, *, #1362, .F. ) ;
#1256 = CARTESIAN_POINT ( 'NONE',  ( -175.3540324383257598, 0.000000000000000000, 17.99012479802870956 ) ) ;
#1257 = EDGE_LOOP ( 'NONE', ( #2121, #4370, #344, #2996, #1240, #3770 ) ) ;
#1258 = CARTESIAN_POINT ( 'NONE',  ( -18.81387817986982824, 15.26352126214747962, 72.53841377533284174 ) ) ;
#1259 = ORIENTED_EDGE ( 'NONE', *, *, #179, .T. ) ;
#1260 = CARTESIAN_POINT ( 'NONE',  ( 60.77776235394843951, 52.76503290875065488, 12.73567252013730666 ) ) ;
#1261 = VECTOR ( 'NONE', #1851, 1000.000000000000114 ) ;
#1262 = VERTEX_POINT ( 'NONE', #4469 ) ;
#1263 = LINE ( 'NONE', #4107, #3214 ) ;
#1264 = FACE_OUTER_BOUND ( 'NONE', #435, .T. ) ;
#1265 = FACE_BOUND ( 'NONE', #3420, .T. ) ;
#1266 = CARTESIAN_POINT ( 'NONE',  ( -72.94321702565477494, 14.45336097005394294, -23.29799674451401259 ) ) ;
#1267 = CYLINDRICAL_SURFACE ( 'NONE', #3146, 3.499999999999999556 ) ;
#1268 = DIRECTION ( 'NONE',  ( 0.000000000000000000, 0.000000000000000000, 1.000000000000000000 ) ) ;
#1269 = CARTESIAN_POINT ( 'NONE',  ( -15.77375984120616614, 13.52057599331110893, -73.87801792749635865 ) ) ;
#1270 = ORIENTED_EDGE ( 'NONE', *, *, #895, .F. ) ;
#1271 = EDGE_CURVE ( 'NONE', #1815, #2276, #2183, .T. ) ;
#1272 = CARTESIAN_POINT ( 'NONE',  ( -72.62856352259215953, 15.00000000000000000, 20.11689380146345840 ) ) ;
#1273 = DIRECTION ( 'NONE',  ( 0.000000000000000000, 1.000000000000000000, 0.000000000000000000 ) ) ;
#1274 = CARTESIAN_POINT ( 'NONE',  ( -54.84165530532322919, 13.25176592379589913, 52.39840496973275918 ) ) ;
#1275 = DIRECTION ( 'NONE',  ( 0.5155803934418899948, 0.000000000000000000, -0.8568412092670998348 ) ) ;
#1276 = ORIENTED_EDGE ( 'NONE', *, *, #3242, .T. ) ;
#1277 = ORIENTED_EDGE ( 'NONE', *, *, #583, .F. ) ;
#1278 = CYLINDRICAL_SURFACE ( 'NONE', #67, 3.499999999999999556 ) ;
#1279 = ORIENTED_EDGE ( 'NONE', *, *, #2614, .F. ) ;
#1280 = DIRECTION ( 'NONE',  ( 0.000000000000000000, 1.000000000000000000, 0.000000000000000000 ) ) ;
#1281 = DIRECTION ( 'NONE',  ( 0.000000000000000000, 1.000000000000000000, 0.000000000000000000 ) ) ;
#1282 = EDGE_CURVE ( 'NONE', #55, #772, #4022, .T. ) ;
#1283 = ORIENTED_EDGE ( 'NONE', *, *, #271, .T. ) ;
#1284 = DIRECTION ( 'NONE',  ( 0.000000000000000000, 1.000000000000000000, 0.000000000000000000 ) ) ;
#1285 = EDGE_CURVE ( 'NONE', #1555, #1182, #339, .T. ) ;
#1286 = CARTESIAN_POINT ( 'NONE',  ( 8.970000000000002416, 25.00000000000000000, 28.25000000000000711 ) ) ;
#1287 = ADVANCED_FACE ( 'NONE', ( #2004 ), #3392, .F. ) ;
#1288 = CARTESIAN_POINT ( 'NONE',  ( -75.34919931401168469, 15.00000000000000000, 18.62725491042954573 ) ) ;
#1289 = CARTESIAN_POINT ( 'NONE',  ( -18.27725463669346695, 15.00000000000000000, 72.73886143558661388 ) ) ;
#1290 = VECTOR ( 'NONE', #1311, 1000.000000000000000 ) ;
#1291 = DIRECTION ( 'NONE',  ( 0.000000000000000000, 1.000000000000000000, 0.000000000000000000 ) ) ;
#1292 = DIRECTION ( 'NONE',  ( -0.000000000000000000, 1.000000000000000000, -0.000000000000000000 ) ) ;
#1293 = DIRECTION ( 'NONE',  ( 0.000000000000000000, -1.000000000000000000, -0.000000000000000000 ) ) ;
#1294 = CIRCLE ( 'NONE', #2752, 4.000000000000000000 ) ;
#1295 = CARTESIAN_POINT ( 'NONE',  ( -55.80054771489170662, 0.000000000000000000, 50.11286137029193100 ) ) ;
#1296 = CARTESIAN_POINT ( 'NONE',  ( 55.77831909150363288, 15.00000000000000000, -52.14084222697090354 ) ) ;
#1297 = AXIS2_PLACEMENT_3D ( 'NONE', #2891, #854, #3298 ) ;
#1298 = ORIENTED_EDGE ( 'NONE', *, *, #107, .F. ) ;
#1299 = CARTESIAN_POINT ( 'NONE',  ( 239.9440062641872089, 15.00000000000000000, -47.08320850842120819 ) ) ;
#1300 = VECTOR ( 'NONE', #783, 1000.000000000000000 ) ;
#1301 = ORIENTED_EDGE ( 'NONE', *, *, #1709, .F. ) ;
#1302 = CARTESIAN_POINT ( 'NONE',  ( -71.67452028316471058, 13.82388556941332247, 22.08555773006984424 ) ) ;
#1303 = CARTESIAN_POINT ( 'NONE',  ( 60.76982596527027169, 65.00000000000000000, 14.60404916969140210 ) ) ;
#1304 = ORIENTED_EDGE ( 'NONE', *, *, #2703, .T. ) ;
#1305 = DIRECTION ( 'NONE',  ( -0.000000000000000000, 1.000000000000000000, -0.000000000000000000 ) ) ;
#1306 = VERTEX_POINT ( 'NONE', #1250 ) ;
#1307 = CARTESIAN_POINT ( 'NONE',  ( 0.000000000000000000, 65.00000000000000000, 0.000000000000000000 ) ) ;
#1308 = CARTESIAN_POINT ( 'NONE',  ( -70.91546938986675741, 15.35087063487866388, -22.93027194295641280 ) ) ;
#1309 = DIRECTION ( 'NONE',  ( 0.000000000000000000, 0.000000000000000000, -1.000000000000000000 ) ) ;
#1310 = EDGE_CURVE ( 'NONE', #1718, #3396, #4322, .T. ) ;
#1311 = DIRECTION ( 'NONE',  ( 3.137640575642016794E-18, 1.000000000000000000, -1.734646215464058014E-16 ) ) ;
#1312 = FACE_OUTER_BOUND ( 'NONE', #1716, .T. ) ;
#1313 = ORIENTED_EDGE ( 'NONE', *, *, #1137, .T. ) ;
#1314 = CARTESIAN_POINT ( 'NONE',  ( -20.71380107264516468, 15.00000000000000000, 74.44406497651854693 ) ) ;
#1315 = ORIENTED_EDGE ( 'NONE', *, *, #2455, .F. ) ;
#1316 = CARTESIAN_POINT ( 'NONE',  ( -58.31536256495449067, 54.80324163713979146, -13.00675925197354310 ) ) ;
#1317 = AXIS2_PLACEMENT_3D ( 'NONE', #2247, #3954, #71 ) ;
#1318 = DIRECTION ( 'NONE',  ( -0.000000000000000000, 1.000000000000000000, -0.000000000000000000 ) ) ;
#1319 = CARTESIAN_POINT ( 'NONE',  ( -17.12850922837956347, 15.05990042397484352, -74.08259120235740625 ) ) ;
#1320 = CIRCLE ( 'NONE', #511, 1.999999999999999778 ) ;
#1321 = ORIENTED_EDGE ( 'NONE', *, *, #2531, .T. ) ;
#1322 = EDGE_LOOP ( 'NONE', ( #1449, #4078, #1527, #1315, #1438 ) ) ;
#1323 = CARTESIAN_POINT ( 'NONE',  ( -18.92999999999999616, 31.00000000000000000, 31.75000000000000711 ) ) ;
#1324 = AXIS2_PLACEMENT_3D ( 'NONE', #4046, #1613, #2270 ) ;
#1325 = ORIENTED_EDGE ( 'NONE', *, *, #2221, .F. ) ;
#1326 = FACE_OUTER_BOUND ( 'NONE', #4530, .T. ) ;
#1327 = ADVANCED_FACE ( 'NONE', ( #1986, #2635 ), #159, .T. ) ;
#1328 = ORIENTED_EDGE ( 'NONE', *, *, #1889, .F. ) ;
#1329 = DIRECTION ( 'NONE',  ( 0.8660254037844432595, 0.000000000000000000, 0.4999999999999919509 ) ) ;
#1330 = VECTOR ( 'NONE', #1565, 1000.000000000000000 ) ;
#1331 = ORIENTED_EDGE ( 'NONE', *, *, #611, .T. ) ;
#1332 = CARTESIAN_POINT ( 'NONE',  ( -18.92999999999999616, 31.00000000000000000, 28.25000000000000711 ) ) ;
#1333 = DIRECTION ( 'NONE',  ( -0.000000000000000000, -1.000000000000000000, -0.000000000000000000 ) ) ;
#1334 = CARTESIAN_POINT ( 'NONE',  ( 57.68170340889918180, 55.00000000000000000, 9.750440597623679650 ) ) ;
#1335 = DIRECTION ( 'NONE',  ( 0.8749263230474021436, 0.000000000000000000, -0.4842560575137422330 ) ) ;
#1336 = CARTESIAN_POINT ( 'NONE',  ( -24.13000000000000256, 31.00000000000000000, -24.60999999999998877 ) ) ;
#1337 = ORIENTED_EDGE ( 'NONE', *, *, #3903, .T. ) ;
#1338 = ADVANCED_FACE ( 'NONE', ( #906 ), #2322, .F. ) ;
#1339 = CARTESIAN_POINT ( 'NONE',  ( -30.61945559756750157, 65.00000000000000000, 7.735579350582937330 ) ) ;
#1340 =( BOUNDED_CURVE ( )  B_SPLINE_CURVE ( 3, ( #442, #1452, #1862, #2154 ),
 .UNSPECIFIED., .F., .F. ) 
 B_SPLINE_CURVE_WITH_KNOTS ( ( 4, 4 ),
 ( 0.002683186363875954706, 0.4873002987982819056 ),
 .UNSPECIFIED. ) 
 CURVE ( )  GEOMETRIC_REPRESENTATION_ITEM ( )  RATIONAL_B_SPLINE_CURVE ( ( 1.000000000000000000, 0.9805244247498441368, 0.9805244247498441368, 1.000000000000000000 ) ) 
 REPRESENTATION_ITEM ( '' )  );
#1341 = CARTESIAN_POINT ( 'NONE',  ( -18.92999999999999616, 25.00000000000000000, 31.75000000000000711 ) ) ;
#1342 = CARTESIAN_POINT ( 'NONE',  ( -16.94902883875271726, 13.02212729426340765, -76.00142715833663942 ) ) ;
#1343 = EDGE_CURVE ( 'NONE', #2277, #3414, #4477, .T. ) ;
#1344 = CARTESIAN_POINT ( 'NONE',  ( -16.46276242146635838, 15.21500962731339257, -73.35985218391802221 ) ) ;
#1345 = EDGE_CURVE ( 'NONE', #115, #800, #2610, .T. ) ;
#1346 = CARTESIAN_POINT ( 'NONE',  ( -70.91772741591761076, 14.04610070030840419, -24.40768519535022918 ) ) ;
#1347 = CYLINDRICAL_SURFACE ( 'NONE', #1606, 2.000000000000000888 ) ;
#1348 = DIRECTION ( 'NONE',  ( 0.000000000000000000, 0.000000000000000000, -1.000000000000000000 ) ) ;
#1349 = ORIENTED_EDGE ( 'NONE', *, *, #3289, .T. ) ;
#1350 = CARTESIAN_POINT ( 'NONE',  ( -30.61945559756750157, 50.00000000000000000, 5.335579350582936087 ) ) ;
#1351 = EDGE_LOOP ( 'NONE', ( #1574, #2212, #1270, #2406 ) ) ;
#1352 = PLANE ( 'NONE',  #64 ) ;
#1353 = CARTESIAN_POINT ( 'NONE',  ( 60.76982596527025748, 25.00000000000000000, 14.60404916969139855 ) ) ;
#1354 = CARTESIAN_POINT ( 'NONE',  ( -70.67170953049257776, 15.38965839145026493, -23.15868977178105226 ) ) ;
#1355 = DIRECTION ( 'NONE',  ( 0.000000000000000000, 1.000000000000000000, 0.000000000000000000 ) ) ;
#1356 = CARTESIAN_POINT ( 'NONE',  ( 15.64765861494380950, 15.00000000000000000, 73.34951110859687162 ) ) ;
#1357 = FACE_OUTER_BOUND ( 'NONE', #2980, .T. ) ;
#1358 = ORIENTED_EDGE ( 'NONE', *, *, #2364, .T. ) ;
#1359 = CARTESIAN_POINT ( 'NONE',  ( -74.08264951556766675, 14.99999999999999822, -21.96410902707329882 ) ) ;
#1360 = DIRECTION ( 'NONE',  ( -0.000000000000000000, -1.000000000000000000, 0.000000000000000000 ) ) ;
#1361 = CARTESIAN_POINT ( 'NONE',  ( 23.13402867837321963, 55.00000000000000000, -8.194495601027412590 ) ) ;
#1362 = EDGE_CURVE ( 'NONE', #1695, #717, #3680, .T. ) ;
#1363 = CARTESIAN_POINT ( 'NONE',  ( -24.13000000000000256, 31.00000000000000000, -19.85999999999998877 ) ) ;
#1364 = AXIS2_PLACEMENT_3D ( 'NONE', #3343, #1925, #1608 ) ;
#1365 =( BOUNDED_CURVE ( )  B_SPLINE_CURVE ( 3, ( #2005, #4074, #2710, #3764 ),
 .UNSPECIFIED., .F., .F. ) 
 B_SPLINE_CURVE_WITH_KNOTS ( ( 4, 4 ),
 ( 1.570796326794900777, 2.636079977770662719 ),
 .UNSPECIFIED. ) 
 CURVE ( )  GEOMETRIC_REPRESENTATION_ITEM ( )  RATIONAL_B_SPLINE_CURVE ( ( 1.000000000000000000, 0.9076456868897393448, 0.9076456868897393448, 1.000000000000000000 ) ) 
 REPRESENTATION_ITEM ( '' )  );
#1366 = AXIS2_PLACEMENT_3D ( 'NONE', #523, #1917, #3401 ) ;
#1367 = CARTESIAN_POINT ( 'NONE',  ( 72.13232916392099980, 15.00000000000000000, -20.54086389097971832 ) ) ;
#1368 = AXIS2_PLACEMENT_3D ( 'NONE', #2784, #1021, #2457 ) ;
#1369 = CARTESIAN_POINT ( 'NONE',  ( -59.59237749133053796, 54.63899938810080670, 8.296080389746013140 ) ) ;
#1370 = DIRECTION ( 'NONE',  ( -0.000000000000000000, -1.000000000000000000, -0.000000000000000000 ) ) ;
#1371 = EDGE_CURVE ( 'NONE', #100, #1306, #2999, .T. ) ;
#1372 = VERTEX_POINT ( 'NONE', #4047 ) ;
#1373 = CARTESIAN_POINT ( 'NONE',  ( -71.86572852551340418, 14.86417934356134651, 21.61924331649888131 ) ) ;
#1374 = AXIS2_PLACEMENT_3D ( 'NONE', #690, #3140, #4159 ) ;
#1375 = ORIENTED_EDGE ( 'NONE', *, *, #3769, .T. ) ;
#1376 = FACE_OUTER_BOUND ( 'NONE', #29, .T. ) ;
#1377 = VECTOR ( 'NONE', #844, 1000.000000000000114 ) ;
#1378 = CARTESIAN_POINT ( 'NONE',  ( 54.95363206267614942, 13.82249539609411215, 51.04016382340493152 ) ) ;
#1379 = ORIENTED_EDGE ( 'NONE', *, *, #148, .F. ) ;
#1380 = CARTESIAN_POINT ( 'NONE',  ( 56.64332585397779951, 65.00000000000000000, -10.33882685223548670 ) ) ;
#1381 = CARTESIAN_POINT ( 'NONE',  ( -72.76300724667429165, 15.00000000000000000, -23.29473709704460660 ) ) ;
#1382 = DIRECTION ( 'NONE',  ( -0.5155803934418839996, 0.000000000000000000, 0.8568412092671033875 ) ) ;
#1383 = ORIENTED_EDGE ( 'NONE', *, *, #3427, .T. ) ;
#1384 = EDGE_CURVE ( 'NONE', #3267, #2256, #559, .T. ) ;
#1385 = CARTESIAN_POINT ( 'NONE',  ( -54.66920960491976444, 13.25235129953026281, -53.36974697372281895 ) ) ;
#1386 = FACE_OUTER_BOUND ( 'NONE', #75, .T. ) ;
#1387 = CARTESIAN_POINT ( 'NONE',  ( 8.970000000000002416, 25.00000000000000000, 35.25000000000000000 ) ) ;
#1388 = CARTESIAN_POINT ( 'NONE',  ( 19.18441693744652810, 50.00000000000000000, -11.01638629627661992 ) ) ;
#1389 = AXIS2_PLACEMENT_3D ( 'NONE', #726, #21, #3888 ) ;
#1390 = CARTESIAN_POINT ( 'NONE',  ( -59.06155209340676038, 54.84908872001117430, 7.990460719976931969 ) ) ;
#1391 = DIRECTION ( 'NONE',  ( 0.000000000000000000, 0.000000000000000000, 1.000000000000000000 ) ) ;
#1392 = ORIENTED_EDGE ( 'NONE', *, *, #1651, .T. ) ;
#1393 = LINE ( 'NONE', #49, #2315 ) ;
#1394 = AXIS2_PLACEMENT_3D ( 'NONE', #3007, #1977, #2294 ) ;
#1395 = ORIENTED_EDGE ( 'NONE', *, *, #2763, .F. ) ;
#1396 = CARTESIAN_POINT ( 'NONE',  ( 18.21268717747629395, 15.35079996961715842, -72.27176259120278701 ) ) ;
#1397 = VECTOR ( 'NONE', #77, 1000.000000000000000 ) ;
#1398 = ADVANCED_FACE ( 'NONE', ( #4424 ), #238, .F. ) ;
#1399 = EDGE_CURVE ( 'NONE', #3229, #1770, #3802, .T. ) ;
#1400 = CARTESIAN_POINT ( 'NONE',  ( 19.69525054134251008, 15.00000000000000000, -73.48337961404673990 ) ) ;
#1401 = VERTEX_POINT ( 'NONE', #4184 ) ;
#1402 = FACE_OUTER_BOUND ( 'NONE', #3557, .T. ) ;
#1403 = CARTESIAN_POINT ( 'NONE',  ( -16.24734501925770758, 15.00000000000000178, -73.58512246811847035 ) ) ;
#1404 = CARTESIAN_POINT ( 'NONE',  ( 56.59653913466924990, 14.04610070024877366, -49.21271092321153162 ) ) ;
#1405 = VERTEX_POINT ( 'NONE', #2456 ) ;
#1406 = CARTESIAN_POINT ( 'NONE',  ( -56.62675328636089489, 13.80413826865841109, 49.17540094159787145 ) ) ;
#1407 = DIRECTION ( 'NONE',  ( 0.000000000000000000, 0.000000000000000000, -1.000000000000000000 ) ) ;
#1408 = CARTESIAN_POINT ( 'NONE',  ( 109.0556544259749785, 0.000000000000000000, -138.6173324758571539 ) ) ;
#1409 = EDGE_CURVE ( 'NONE', #168, #1262, #3201, .T. ) ;
#1410 = ORIENTED_EDGE ( 'NONE', *, *, #3698, .F. ) ;
#1411 = CARTESIAN_POINT ( 'NONE',  ( -61.29938243745566240, 51.22509306094662662, 12.16774973352662315 ) ) ;
#1412 = CYLINDRICAL_SURFACE ( 'NONE', #3937, 2.000000000000003109 ) ;
#1413 = ORIENTED_EDGE ( 'NONE', *, *, #1161, .F. ) ;
#1414 = CARTESIAN_POINT ( 'NONE',  ( 0.000000000000000000, 15.00000000000000000, 0.000000000000000000 ) ) ;
#1415 = VERTEX_POINT ( 'NONE', #3461 ) ;
#1416 = ORIENTED_EDGE ( 'NONE', *, *, #3521, .T. ) ;
#1417 = DIRECTION ( 'NONE',  ( 0.000000000000000000, 0.000000000000000000, 1.000000000000000000 ) ) ;
#1418 = ADVANCED_FACE ( 'NONE', ( #1386 ), #285, .F. ) ;
#1419 = CARTESIAN_POINT ( 'NONE',  ( -72.05056996334322150, 14.84782821750935611, 20.82797360552511279 ) ) ;
#1420 = ORIENTED_EDGE ( 'NONE', *, *, #4257, .T. ) ;
#1421 = EDGE_CURVE ( 'NONE', #3325, #2639, #2730, .T. ) ;
#1422 = DIRECTION ( 'NONE',  ( 0.000000000000000000, 1.000000000000000000, 0.000000000000000000 ) ) ;
#1423 = DIRECTION ( 'NONE',  ( -0.000000000000000000, -1.000000000000000000, -0.000000000000000000 ) ) ;
#1424 = EDGE_CURVE ( 'NONE', #1564, #2965, #3740, .T. ) ;
#1425 = DIRECTION ( 'NONE',  ( -0.4842560575137437318, 0.000000000000000000, -0.8749263230474013664 ) ) ;
#1426 = VERTEX_POINT ( 'NONE', #3835 ) ;
#1427 = CARTESIAN_POINT ( 'NONE',  ( 161.8887207428489887, 0.000000000000000000, -19.06224896175727679 ) ) ;
#1428 = FACE_OUTER_BOUND ( 'NONE', #1650, .T. ) ;
#1429 = CARTESIAN_POINT ( 'NONE',  ( -56.59653913475081310, 14.04610070038372882, 49.21271092311712181 ) ) ;
#1431 = CARTESIAN_POINT ( 'NONE',  ( -107.3419720074417540, 0.000000000000000000, 139.6484932627401463 ) ) ;
#1430 = CIRCLE ( 'NONE', #2084, 75.00000000000000000 ) ;
#1432 = CARTESIAN_POINT ( 'NONE',  ( -60.52287589992513972, 53.95145362274925560, 9.168287797710803488 ) ) ;
#1433 = CARTESIAN_POINT ( 'NONE',  ( 18.88495187033195677, 13.25235129953025393, -74.02979780953812394 ) ) ;
#1434 = VERTEX_POINT ( 'NONE', #1427 ) ;
#1435 = PLANE ( 'NONE',  #2973 ) ;
#1436 = CIRCLE ( 'NONE', #704, 1.250000000000001110 ) ;
#1437 = EDGE_LOOP ( 'NONE', ( #2288, #3004, #3194, #597 ) ) ;
#1438 = ORIENTED_EDGE ( 'NONE', *, *, #4551, .T. ) ;
#1439 = CARTESIAN_POINT ( 'NONE',  ( 16.94902883875219857, 13.02212729426340410, 76.00142715833679574 ) ) ;
#1440 = AXIS2_PLACEMENT_3D ( 'NONE', #2411, #3531, #3816 ) ;
#1441 = ORIENTED_EDGE ( 'NONE', *, *, #2012, .T. ) ;
#1442 = CARTESIAN_POINT ( 'NONE',  ( 17.71894684943838172, 14.66607261105223081, -72.87735083793265289 ) ) ;
#1443 = ORIENTED_EDGE ( 'NONE', *, *, #2426, .F. ) ;
#1444 = AXIS2_PLACEMENT_3D ( 'NONE', #4153, #3452, #3136 ) ;
#1445 = CARTESIAN_POINT ( 'NONE',  ( 16.09003328632444507, 14.54981794712810128, 74.44143453188506498 ) ) ;
#1446 = DIRECTION ( 'NONE',  ( -0.000000000000000000, 1.000000000000000000, -0.000000000000000000 ) ) ;
#1447 = CARTESIAN_POINT ( 'NONE',  ( 54.54477565270932615, 14.54955640616549850, 53.15288841609951476 ) ) ;
#1448 = EDGE_CURVE ( 'NONE', #4236, #1094, #3350, .T. ) ;
#1449 = ORIENTED_EDGE ( 'NONE', *, *, #2227, .F. ) ;
#1450 = CARTESIAN_POINT ( 'NONE',  ( 55.39186842597079874, 15.38965839145039638, -49.62415089639049626 ) ) ;
#1451 = DIRECTION ( 'NONE',  ( 0.000000000000000000, -1.000000000000000000, 0.000000000000000000 ) ) ;
#1452 = CARTESIAN_POINT ( 'NONE',  ( 75.34924783977145069, 15.00000000000000178, -18.95895381000944724 ) ) ;
#1453 = DIRECTION ( 'NONE',  ( 0.000000000000000000, 1.000000000000000000, 0.000000000000000000 ) ) ;
#1454 = CARTESIAN_POINT ( 'NONE',  ( 107.1890091492705324, -1.977872705736595016, -139.3942848365969667 ) ) ;
#1455 = VERTEX_POINT ( 'NONE', #696 ) ;
#1456 = DIRECTION ( 'NONE',  ( 0.000000000000000000, 1.000000000000000000, 0.000000000000000000 ) ) ;
#1457 = AXIS2_PLACEMENT_3D ( 'NONE', #1566, #1273, #2963 ) ;
#1458 = EDGE_LOOP ( 'NONE', ( #2768, #3965 ) ) ;
#1459 = DIRECTION ( 'NONE',  ( -0.4788984193720177140, 0.1483404529302446151, -0.8652464469429694827 ) ) ;
#1460 = VECTOR ( 'NONE', #2316, 1000.000000000000000 ) ;
#1461 = DIRECTION ( 'NONE',  ( 0.000000000000000000, -1.000000000000000000, 0.000000000000000000 ) ) ;
#1462 = ADVANCED_FACE ( 'NONE', ( #3506 ), #1729, .T. ) ;
#1463 = AXIS2_PLACEMENT_3D ( 'NONE', #1051, #706, #1417 ) ;
#1464 = VERTEX_POINT ( 'NONE', #2801 ) ;
#1465 = CIRCLE ( 'NONE', #3576, 75.00000000000001421 ) ;
#1466 = CARTESIAN_POINT ( 'NONE',  ( -67.26815676203365513, 0.000000000000000000, -162.7851212821321099 ) ) ;
#1467 = EDGE_LOOP ( 'NONE', ( #1482, #4288, #2548, #457 ) ) ;
#1468 = VECTOR ( 'NONE', #2995, 1000.000000000000000 ) ;
#1469 = CARTESIAN_POINT ( 'NONE',  ( -19.78331068723365149, 15.05989072971392240, 73.41812734520925687 ) ) ;
#1470 = DIRECTION ( 'NONE',  ( 0.1483161919909267712, -0.9889363528682976190, 0.002682753969466238585 ) ) ;
#1471 = VERTEX_POINT ( 'NONE', #2050 ) ;
#1472 = CARTESIAN_POINT ( 'NONE',  ( 18.88495187033195677, 15.00000000000000000, -74.02979780953812394 ) ) ;
#1473 = FACE_OUTER_BOUND ( 'NONE', #3569, .T. ) ;
#1474 = ADVANCED_FACE ( 'NONE', ( #1062 ), #3789, .F. ) ;
#1475 = CARTESIAN_POINT ( 'NONE',  ( 174.6101287694738176, 0.000000000000000000, 23.13662801939299385 ) ) ;
#1476 = ADVANCED_FACE ( 'NONE', ( #3145 ), #1976, .F. ) ;
#1477 = CYLINDRICAL_SURFACE ( 'NONE', #1317, 4.000000000000000000 ) ;
#1478 = LINE ( 'NONE', #793, #325 ) ;
#1479 = ORIENTED_EDGE ( 'NONE', *, *, #1371, .F. ) ;
#1480 = CYLINDRICAL_SURFACE ( 'NONE', #3405, 2.000000000000001776 ) ;
#1481 = EDGE_CURVE ( 'NONE', #4005, #3733, #1775, .T. ) ;
#1482 = ORIENTED_EDGE ( 'NONE', *, *, #3556, .F. ) ;
#1483 = DIRECTION ( 'NONE',  ( -0.000000000000000000, 1.000000000000000000, -0.000000000000000000 ) ) ;
#1484 = CARTESIAN_POINT ( 'NONE',  ( -54.06283923340875930, 14.84782821750935078, -51.98363714264004898 ) ) ;
#1485 = ORIENTED_EDGE ( 'NONE', *, *, #4197, .F. ) ;
#1486 = CARTESIAN_POINT ( 'NONE',  ( 59.75747912790800598, 54.20345643223510024, -11.73698688915450461 ) ) ;
#1487 = CARTESIAN_POINT ( 'NONE',  ( -36.31920431353091061, 15.00000000000000000, -65.61947422855506318 ) ) ;
#1488 = CARTESIAN_POINT ( 'NONE',  ( -17.12747531168474779, 13.77594033682842145, 73.05041408435529604 ) ) ;
#1489 = ORIENTED_EDGE ( 'NONE', *, *, #1787, .T. ) ;
#1490 = LINE ( 'NONE', #4319, #3865 ) ;
#1491 = ORIENTED_EDGE ( 'NONE', *, *, #266, .T. ) ;
#1492 = CARTESIAN_POINT ( 'NONE',  ( -14.08228916563911071, 13.82194042948881041, -73.66606499505266470 ) ) ;
#1493 = CARTESIAN_POINT ( 'NONE',  ( 8.970000000000002416, 25.00000000000000000, 31.75000000000000711 ) ) ;
#1494 = AXIS2_PLACEMENT_3D ( 'NONE', #930, #1318, #883 ) ;
#1495 = CARTESIAN_POINT ( 'NONE',  ( 0.000000000000000000, 45.00000000000000000, -75.00000000000001421 ) ) ;
#1496 = CARTESIAN_POINT ( 'NONE',  ( -60.03239859453481841, 51.11181322811575711, -17.38891819618293155 ) ) ;
#1497 = EDGE_CURVE ( 'NONE', #4416, #1372, #3163, .T. ) ;
#1498 = CARTESIAN_POINT ( 'NONE',  ( 70.83782826537046162, 13.82194042948881041, 24.63741233664532615 ) ) ;
#1499 = EDGE_LOOP ( 'NONE', ( #1572, #1443 ) ) ;
#1500 = ORIENTED_EDGE ( 'NONE', *, *, #509, .F. ) ;
#1501 = LINE ( 'NONE', #94, #2095 ) ;
#1502 = ORIENTED_EDGE ( 'NONE', *, *, #4532, .F. ) ;
#1503 = CARTESIAN_POINT ( 'NONE',  ( -52.91935695882496304, 13.25235129953026458, -54.33825908875031274 ) ) ;
#1504 = ORIENTED_EDGE ( 'NONE', *, *, #96, .T. ) ;
#1505 = CARTESIAN_POINT ( 'NONE',  ( 71.40455657791765987, 13.65660588018447541, 23.77922252840978601 ) ) ;
#1506 = ORIENTED_EDGE ( 'NONE', *, *, #528, .T. ) ;
#1507 = CARTESIAN_POINT ( 'NONE',  ( 60.72196421395724286, 51.89338105425123615, -14.39919696431941176 ) ) ;
#1508 = AXIS2_PLACEMENT_3D ( 'NONE', #1849, #2613, #1543 ) ;
#1509 = ORIENTED_EDGE ( 'NONE', *, *, #1866, .F. ) ;
#1510 = CARTESIAN_POINT ( 'NONE',  ( -62.81391131247556103, 0.000000000000000000, -158.8674901783051041 ) ) ;
#1511 = ORIENTED_EDGE ( 'NONE', *, *, #2767, .T. ) ;
#1512 = CARTESIAN_POINT ( 'NONE',  ( 54.77818710251708012, 14.88749537471300499, 51.23371227519723448 ) ) ;
#1513 = ORIENTED_EDGE ( 'NONE', *, *, #2821, .F. ) ;
#1514 = DIRECTION ( 'NONE',  ( 0.000000000000000000, 1.000000000000000000, 0.000000000000000000 ) ) ;
#1515 = CIRCLE ( 'NONE', #4087, 2.400000000000001243 ) ;
#1516 = CARTESIAN_POINT ( 'NONE',  ( -73.04445348902481783, 15.00000000000000000, -22.23502020015192926 ) ) ;
#1517 = EDGE_CURVE ( 'NONE', #772, #55, #2851, .T. ) ;
#1518 = DIRECTION ( 'NONE',  ( -0.000000000000000000, -1.000000000000000000, -0.000000000000000000 ) ) ;
#1519 = CARTESIAN_POINT ( 'NONE',  ( -60.16150629078070011, 51.89338020668108697, -16.58574678892505716 ) ) ;
#1520 = DIRECTION ( 'NONE',  ( -0.000000000000000000, 1.000000000000000000, -0.000000000000000000 ) ) ;
#1521 = ORIENTED_EDGE ( 'NONE', *, *, #4346, .T. ) ;
#1522 = ORIENTED_EDGE ( 'NONE', *, *, #324, .F. ) ;
#1523 = ORIENTED_EDGE ( 'NONE', *, *, #3106, .F. ) ;
#1524 = CARTESIAN_POINT ( 'NONE',  ( -56.06470982359647337, 15.00000000000000000, 53.79542248017141048 ) ) ;
#1525 = ORIENTED_EDGE ( 'NONE', *, *, #2251, .T. ) ;
#1526 = ORIENTED_EDGE ( 'NONE', *, *, #2090, .T. ) ;
#1527 = ORIENTED_EDGE ( 'NONE', *, *, #2226, .F. ) ;
#1528 = CARTESIAN_POINT ( 'NONE',  ( -54.43124815273201023, 14.76874022893854921, -52.06504351945978470 ) ) ;
#1529 = EDGE_CURVE ( 'NONE', #3285, #129, #2823, .T. ) ;
#1530 = CARTESIAN_POINT ( 'NONE',  ( 72.21426228426386729, 13.65714802978490816, -21.19321764600618963 ) ) ;
#1531 = ORIENTED_EDGE ( 'NONE', *, *, #107, .T. ) ;
#1532 = CARTESIAN_POINT ( 'NONE',  ( 54.25424192750567443, 15.49475399352869687, 50.46487092805786290 ) ) ;
#1533 = CIRCLE ( 'NONE', #2120, 75.00000000000001421 ) ;
#1534 = CARTESIAN_POINT ( 'NONE',  ( 56.58714521822929555, 14.88768880342936995, -49.22842895907333371 ) ) ;
#1535 = AXIS2_PLACEMENT_3D ( 'NONE', #4413, #3704, #572 ) ;
#1536 = CYLINDRICAL_SURFACE ( 'NONE', #2827, 2.000000000000001776 ) ;
#1537 = CARTESIAN_POINT ( 'NONE',  ( 22.87179452855879447, 50.00000000000000000, 6.303132937829255766 ) ) ;
#1538 = CARTESIAN_POINT ( 'NONE',  ( -24.13000000000000256, 31.00000000000000000, -21.10999999999998877 ) ) ;
#1539 = DIRECTION ( 'NONE',  ( 0.01808511378030969521, -0.000000000000000000, -0.9998364509556316726 ) ) ;
#1540 = EDGE_CURVE ( 'NONE', #3934, #1147, #3763, .T. ) ;
#1541 = ORIENTED_EDGE ( 'NONE', *, *, #3714, .F. ) ;
#1542 = ORIENTED_EDGE ( 'NONE', *, *, #3639, .F. ) ;
#1543 = DIRECTION ( 'NONE',  ( 0.000000000000000000, 0.000000000000000000, -1.000000000000000000 ) ) ;
#1544 = ORIENTED_EDGE ( 'NONE', *, *, #3994, .F. ) ;
#1545 = VERTEX_POINT ( 'NONE', #108 ) ;
#1546 = PLANE ( 'NONE',  #3819 ) ;
#1547 = ORIENTED_EDGE ( 'NONE', *, *, #1384, .T. ) ;
#1548 = VERTEX_POINT ( 'NONE', #2916 ) ;
#1549 = CYLINDRICAL_SURFACE ( 'NONE', #2394, 4.000000000000000000 ) ;
#1550 = EDGE_CURVE ( 'NONE', #839, #1545, #2544, .T. ) ;
#1551 = EDGE_LOOP ( 'NONE', ( #2189, #3262, #2815 ) ) ;
#1552 = B_SPLINE_CURVE_WITH_KNOTS ( 'NONE', 3,
 ( #2794, #318, #4529, #2773, #3115, #733 ),
 .UNSPECIFIED., .F., .F.,
 ( 4, 2, 4 ),
 ( 0.000000000000000000, 0.0009600810763620192456, 0.001920162152724038491 ),
 .UNSPECIFIED. ) ;
#1553 = AXIS2_PLACEMENT_3D ( 'NONE', #4055, #3330, #2593 ) ;
#1554 = DIRECTION ( 'NONE',  ( 0.000000000000000000, 1.000000000000000000, 0.000000000000000000 ) ) ;
#1555 = VERTEX_POINT ( 'NONE', #1492 ) ;
#1556 = FACE_OUTER_BOUND ( 'NONE', #2556, .T. ) ;
#1557 = EDGE_CURVE ( 'NONE', #614, #2234, #1084, .T. ) ;
#1558 = CARTESIAN_POINT ( 'NONE',  ( -53.86565812859499403, 15.00000000000000000, -54.11412048021014698 ) ) ;
#1559 = ADVANCED_FACE ( 'NONE', ( #3274 ), #2869, .F. ) ;
#1560 = DIRECTION ( 'NONE',  ( 0.000000000000000000, 0.000000000000000000, -1.000000000000000000 ) ) ;
#1561 = EDGE_CURVE ( 'NONE', #1827, #1017, #2778, .T. ) ;
#1562 = CARTESIAN_POINT ( 'NONE',  ( -16.72526245305025938, 0.000000000000000000, 73.11132330820301206 ) ) ;
#1563 = DIRECTION ( 'NONE',  ( -0.9998364509556316726, 0.000000000000000000, -0.01808511378030502534 ) ) ;
#1564 = VERTEX_POINT ( 'NONE', #1882 ) ;
#1565 = DIRECTION ( 'NONE',  ( -0.000000000000000000, 1.000000000000000000, -0.000000000000000000 ) ) ;
#1566 = CARTESIAN_POINT ( 'NONE',  ( -18.92999999999999616, 31.00000000000000000, 31.75000000000000711 ) ) ;
#1567 = FACE_OUTER_BOUND ( 'NONE', #3024, .T. ) ;
#1568 = ORIENTED_EDGE ( 'NONE', *, *, #829, .T. ) ;
#1569 = CARTESIAN_POINT ( 'NONE',  ( -24.13000000000000256, 25.00000000000000000, -19.85999999999998877 ) ) ;
#1570 = ORIENTED_EDGE ( 'NONE', *, *, #3361, .F. ) ;
#1571 = DIRECTION ( 'NONE',  ( 0.000000000000000000, 1.000000000000000000, 0.000000000000000000 ) ) ;
#1572 = ORIENTED_EDGE ( 'NONE', *, *, #1166, .F. ) ;
#1573 = PLANE ( 'NONE',  #2489 ) ;
#1574 = ORIENTED_EDGE ( 'NONE', *, *, #934, .F. ) ;
#1575 = CARTESIAN_POINT ( 'NONE',  ( 58.73394808620012952, 54.84908866330765420, 10.12115431035084789 ) ) ;
#1576 = ORIENTED_EDGE ( 'NONE', *, *, #2910, .T. ) ;
#1577 = CARTESIAN_POINT ( 'NONE',  ( 60.15846517546039252, 53.76682667892182366, -12.28528558633697720 ) ) ;
#1578 = CARTESIAN_POINT ( 'NONE',  ( -56.55533772385741997, 13.25176592379590446, 51.36724418284897098 ) ) ;
#1579 = ORIENTED_EDGE ( 'NONE', *, *, #4024, .F. ) ;
#1580 = CARTESIAN_POINT ( 'NONE',  ( -175.0723822531536200, -1.977872705736600567, 18.82378194224923718 ) ) ;
#1581 = AXIS2_PLACEMENT_3D ( 'NONE', #4202, #3412, #3457 ) ;
#1582 = CARTESIAN_POINT ( 'NONE',  ( 103.9817340096756908, 0.000000000000000000, 142.4648134952487339 ) ) ;
#1583 = AXIS2_PLACEMENT_3D ( 'NONE', #1610, #3031, #3010 ) ;
#1584 = CARTESIAN_POINT ( 'NONE',  ( 17.26613439752102153, 15.00000000000000000, 74.37586242712222884 ) ) ;
#1585 = FACE_OUTER_BOUND ( 'NONE', #2401, .T. ) ;
#1586 = ORIENTED_EDGE ( 'NONE', *, *, #1529, .T. ) ;
#1587 = DIRECTION ( 'NONE',  ( 0.4788984193720238758, 0.1483404529302446428, 0.8652464469429662630 ) ) ;
#1588 = AXIS2_PLACEMENT_3D ( 'NONE', #1604, #4016, #3407 ) ;
#1589 = ADVANCED_FACE ( 'NONE', ( #808 ), #742, .T. ) ;
#1590 = CARTESIAN_POINT ( 'NONE',  ( 73.51799124769114258, 13.25235129953026458, -18.66037793390319877 ) ) ;
#1591 = DIRECTION ( 'NONE',  ( 0.000000000000000000, -0.000000000000000000, 1.000000000000000000 ) ) ;
#1592 = CARTESIAN_POINT ( 'NONE',  ( -15.10886749711444921, 13.65660588018446830, -73.72777120664504480 ) ) ;
#1593 = EDGE_LOOP ( 'NONE', ( #594, #504, #1760, #1416 ) ) ;
#1594 = CARTESIAN_POINT ( 'NONE',  ( -54.23536445974109910, 13.52112138827592247, -52.58590022208491632 ) ) ;
#1595 = CARTESIAN_POINT ( 'NONE',  ( -17.88986076169192074, 15.38958280064367479, 72.18649304665382260 ) ) ;
#1596 = ORIENTED_EDGE ( 'NONE', *, *, #2811, .T. ) ;
#1597 = CARTESIAN_POINT ( 'NONE',  ( 60.54055202997971463, 53.37996780612797920, 12.03487281244425056 ) ) ;
#1598 = ORIENTED_EDGE ( 'NONE', *, *, #1747, .T. ) ;
#1599 = PLANE ( 'NONE',  #440 ) ;
#1600 = FACE_OUTER_BOUND ( 'NONE', #682, .T. ) ;
#1601 = EDGE_CURVE ( 'NONE', #2504, #2256, #1533, .T. ) ;
#1602 = ORIENTED_EDGE ( 'NONE', *, *, #3033, .T. ) ;
#1603 =( BOUNDED_CURVE ( )  B_SPLINE_CURVE ( 3, ( #4411, #569, #544, #2974 ),
 .UNSPECIFIED., .F., .F. ) 
 B_SPLINE_CURVE_WITH_KNOTS ( ( 4, 4 ),
 ( 2.654924803260355848, 3.141592653589795336 ),
 .UNSPECIFIED. ) 
 CURVE ( )  GEOMETRIC_REPRESENTATION_ITEM ( )  RATIONAL_B_SPLINE_CURVE ( ( 1.000000000000000000, 0.9803600635457767609, 0.9803600635457767609, 1.000000000000000000 ) ) 
 REPRESENTATION_ITEM ( '' )  );
#1604 = CARTESIAN_POINT ( 'NONE',  ( -30.61945559756750157, 65.00000000000000000, 5.335579350582936087 ) ) ;
#1605 = CARTESIAN_POINT ( 'NONE',  ( -71.74860502996354228, 13.55472054524720882, -23.53734403221702465 ) ) ;
#1606 = AXIS2_PLACEMENT_3D ( 'NONE', #2735, #4143, #1000 ) ;
#1607 = LINE ( 'NONE', #1656, #3806 ) ;
#1608 = DIRECTION ( 'NONE',  ( 0.000000000000000000, 0.000000000000000000, 1.000000000000000000 ) ) ;
#1609 = AXIS2_PLACEMENT_3D ( 'NONE', #3588, #3179, #14 ) ;
#1610 = CARTESIAN_POINT ( 'NONE',  ( 24.16999999999999815, 25.00000000000000000, -19.04999999999999005 ) ) ;
#1611 = VERTEX_POINT ( 'NONE', #460 ) ;
#1612 = AXIS2_PLACEMENT_3D ( 'NONE', #4059, #3070, #1329 ) ;
#1613 = DIRECTION ( 'NONE',  ( 0.000000000000000000, 1.000000000000000000, 0.000000000000000000 ) ) ;
#1614 = CARTESIAN_POINT ( 'NONE',  ( -18.92999999999999616, 25.00000000000000000, 33.00000000000000711 ) ) ;
#1615 = CARTESIAN_POINT ( 'NONE',  ( 22.87179452855879447, 65.00000000000000000, 8.703132937829256122 ) ) ;
#1616 = EDGE_CURVE ( 'NONE', #474, #4117, #3204, .T. ) ;
#1617 = CARTESIAN_POINT ( 'NONE',  ( 56.75553909973174882, 0.000000000000000000, -49.02865265840804199 ) ) ;
#1618 = EDGE_CURVE ( 'NONE', #2472, #3177, #2497, .T. ) ;
#1619 = ORIENTED_EDGE ( 'NONE', *, *, #2650, .T. ) ;
#1620 = CYLINDRICAL_SURFACE ( 'NONE', #885, 1.250000000000001110 ) ;
#1621 = AXIS2_PLACEMENT_3D ( 'NONE', #2566, #1518, #134 ) ;
#1622 = ORIENTED_EDGE ( 'NONE', *, *, #2791, .F. ) ;
#1623 = ADVANCED_FACE ( 'NONE', ( #3183 ), #4002, .T. ) ;
#1624 = ADVANCED_FACE ( 'NONE', ( #180 ), #1267, .T. ) ;
#1625 = DIRECTION ( 'NONE',  ( 0.000000000000000000, 0.000000000000000000, -1.000000000000000000 ) ) ;
#1626 = DIRECTION ( 'NONE',  ( -0.5155803934418901058, -0.000000000000000000, 0.8568412092670998348 ) ) ;
#1627 = VERTEX_POINT ( 'NONE', #2677 ) ;
#1628 = CYLINDRICAL_SURFACE ( 'NONE', #738, 1.250000000000001110 ) ;
#1629 = DIRECTION ( 'NONE',  ( -0.01808511378031029543, 0.000000000000000000, 0.9998364509556316726 ) ) ;
#1630 = ORIENTED_EDGE ( 'NONE', *, *, #606, .F. ) ;
#1631 = LINE ( 'NONE', #1580, #4460 ) ;
#1632 = FACE_OUTER_BOUND ( 'NONE', #3679, .T. ) ;
#1633 = DIRECTION ( 'NONE',  ( -0.000000000000000000, -1.000000000000000000, -0.000000000000000000 ) ) ;
#1634 =( BOUNDED_CURVE ( )  B_SPLINE_CURVE ( 3, ( #496, #3749, #1256, #4449 ),
 .UNSPECIFIED., .F., .F. ) 
 B_SPLINE_CURVE_WITH_KNOTS ( ( 4, 4 ),
 ( 4.712388980384687898, 6.283185307179586232 ),
 .UNSPECIFIED. ) 
 CURVE ( )  GEOMETRIC_REPRESENTATION_ITEM ( )  RATIONAL_B_SPLINE_CURVE ( ( 1.000000000000000000, 0.8047378541243646044, 0.8047378541243646044, 1.000000000000000000 ) ) 
 REPRESENTATION_ITEM ( '' )  );
#1635 = FACE_OUTER_BOUND ( 'NONE', #3987, .T. ) ;
#1636 = DIRECTION ( 'NONE',  ( 0.000000000000000000, 1.000000000000000000, 0.000000000000000000 ) ) ;
#1637 = ORIENTED_EDGE ( 'NONE', *, *, #3317, .T. ) ;
#1638 = DIRECTION ( 'NONE',  ( -0.000000000000000000, -1.000000000000000000, -0.000000000000000000 ) ) ;
#1639 = DIRECTION ( 'NONE',  ( 0.000000000000000000, 0.000000000000000000, -1.000000000000000000 ) ) ;
#1640 = CARTESIAN_POINT ( 'NONE',  ( 0.000000000000000000, 63.00000000000000000, 0.000000000000000000 ) ) ;
#1641 = CARTESIAN_POINT ( 'NONE',  ( -15.59953667664851018, 15.35087063487870118, -72.87973398439832806 ) ) ;
#1642 = ORIENTED_EDGE ( 'NONE', *, *, #609, .T. ) ;
#1643 = VERTEX_POINT ( 'NONE', #3712 ) ;
#1644 = DIRECTION ( 'NONE',  ( 0.000000000000000000, 0.000000000000000000, 1.000000000000000000 ) ) ;
#1645 = EDGE_LOOP ( 'NONE', ( #1116, #3673 ) ) ;
#1646 = CARTESIAN_POINT ( 'NONE',  ( -71.82725200986646996, 13.77594033682878738, 21.69237831956800022 ) ) ;
#1647 = EDGE_CURVE ( 'NONE', #1809, #3171, #3029, .T. ) ;
#1648 = CARTESIAN_POINT ( 'NONE',  ( 72.94321702565477494, 14.45336097005394826, 23.29799674451401259 ) ) ;
#1649 = AXIS2_PLACEMENT_3D ( 'NONE', #1274, #2343, #4122 ) ;
#1650 = EDGE_LOOP ( 'NONE', ( #3203, #102, #2592, #1509 ) ) ;
#1651 = EDGE_CURVE ( 'NONE', #115, #818, #589, .T. ) ;
#1652 = CARTESIAN_POINT ( 'NONE',  ( -56.16003602230038183, 55.00000000000000000, -16.37987649446486316 ) ) ;
#1653 = ORIENTED_EDGE ( 'NONE', *, *, #952, .T. ) ;
#1654 = FACE_BOUND ( 'NONE', #2765, .T. ) ;
#1655 = CARTESIAN_POINT ( 'NONE',  ( -72.08643699991969811, 14.64327055311505532, -23.38076087861608698 ) ) ;
#1656 = CARTESIAN_POINT ( 'NONE',  ( 24.16999999999999815, 31.00000000000000000, -15.54999999999999005 ) ) ;
#1657 = VECTOR ( 'NONE', #622, 1000.000000000000000 ) ;
#1658 = CARTESIAN_POINT ( 'NONE',  ( 16.79141752479357308, 15.00000000000000000, 73.93663473273187492 ) ) ;
#1659 = CARTESIAN_POINT ( 'NONE',  ( 17.26613439752102153, 15.00000000000000000, 74.37586242712222884 ) ) ;
#1660 = AXIS2_PLACEMENT_3D ( 'NONE', #291, #3355, #1625 ) ;
#1661 = CARTESIAN_POINT ( 'NONE',  ( -21.26177432625375374, 15.00000000000000000, 74.73712204198524489 ) ) ;
#1662 = DIRECTION ( 'NONE',  ( 0.000000000000000000, 0.000000000000000000, -1.000000000000000000 ) ) ;
#1663 = CIRCLE ( 'NONE', #3999, 3.499999999999996003 ) ;
#1664 = PLANE ( 'NONE',  #176 ) ;
#1665 = CARTESIAN_POINT ( 'NONE',  ( -15.22834599518686183, 14.76896567921125758, -73.76749856088738966 ) ) ;
#1666 = EDGE_CURVE ( 'NONE', #2252, #845, #3672, .T. ) ;
#1667 = CIRCLE ( 'NONE', #3188, 2.400000000000000355 ) ;
#1668 = ORIENTED_EDGE ( 'NONE', *, *, #3541, .T. ) ;
#1669 = CARTESIAN_POINT ( 'NONE',  ( -55.77831909150398104, 15.00000000000000000, 52.14084222697053406 ) ) ;
#1670 = AXIS2_PLACEMENT_3D ( 'NONE', #1701, #3497, #3875 ) ;
#1671 = EDGE_LOOP ( 'NONE', ( #2855, #336 ) ) ;
#1672 = CARTESIAN_POINT ( 'NONE',  ( 175.3328444095748466, 0.000000000000000000, -16.81874353239901865 ) ) ;
#1673 = EDGE_LOOP ( 'NONE', ( #1785, #350, #3615, #93 ) ) ;
#1674 = ORIENTED_EDGE ( 'NONE', *, *, #1763, .F. ) ;
#1675 = DIRECTION ( 'NONE',  ( 0.000000000000000000, 1.000000000000000000, -0.000000000000000000 ) ) ;
#1676 = ORIENTED_EDGE ( 'NONE', *, *, #463, .F. ) ;
#1677 = CARTESIAN_POINT ( 'NONE',  ( 71.29928486044646263, 0.000000000000000000, 23.26826118103612728 ) ) ;
#1678 = EDGE_CURVE ( 'NONE', #2896, #3285, #1170, .T. ) ;
#1679 = DIRECTION ( 'NONE',  ( 0.000000000000000000, 0.000000000000000000, 1.000000000000000000 ) ) ;
#1680 = EDGE_CURVE ( 'NONE', #3414, #3288, #4068, .T. ) ;
#1681 = CARTESIAN_POINT ( 'NONE',  ( -73.51799124769114258, 13.25235129953025925, 18.66037793390319877 ) ) ;
#1682 = CARTESIAN_POINT ( 'NONE',  ( 14.08228916563859201, 13.82194042948881041, 73.66606499505276417 ) ) ;
#1683 = CARTESIAN_POINT ( 'NONE',  ( 20.59863428886616532, 13.25235129953025925, -72.99863702265434995 ) ) ;
#1684 = ORIENTED_EDGE ( 'NONE', *, *, #3052, .T. ) ;
#1685 = CARTESIAN_POINT ( 'NONE',  ( -56.42315675560557509, 14.54981794712806220, 51.15509483963737836 ) ) ;
#1686 = CARTESIAN_POINT ( 'NONE',  ( 54.23536445974071540, 13.52112138827592780, 52.58590022208528580 ) ) ;
#1687 = AXIS2_PLACEMENT_3D ( 'NONE', #1590, #2989, #2299 ) ;
#1688 = DIRECTION ( 'NONE',  ( 0.000000000000000000, 0.000000000000000000, 1.000000000000000000 ) ) ;
#1689 = CARTESIAN_POINT ( 'NONE',  ( -14.90407694890231660, 13.70162369194418162, -73.66960824172059574 ) ) ;
#1690 = TOROIDAL_SURFACE ( 'NONE', #2051, 58.50000000000000000, 4.000000000000000000 ) ;
#1691 =( BOUNDED_SURFACE ( )  B_SPLINE_SURFACE ( 3, 2, ( 
 ( #3834, #2110, #3059 ),
 ( #1406, #2800, #992 ),
 ( #2383, #4207, #2754 ),
 ( #4137, #1061, #1018 ),
 ( #257, #4468, #648 ),
 ( #2707, #4119, #974 ),
 ( #1728, #675, #2359 ),
 ( #3762, #1685, #627 ),
 ( #3079, #2027, #3415 ),
 ( #2049, #3440, #284 ) ),
 .UNSPECIFIED., .F., .F., .F. ) 
 B_SPLINE_SURFACE_WITH_KNOTS ( ( 4, 2, 2, 2, 4 ),
 ( 3, 3 ),
 ( 3.450695304743725877, 3.766118723653967049, 4.081542142564208220, 4.396965561474448947, 4.712388980384689674 ),
 ( 0.000000000000000000, 0.6864271697497053015 ),
 .UNSPECIFIED. ) 
 GEOMETRIC_REPRESENTATION_ITEM ( )  RATIONAL_B_SPLINE_SURFACE ( (
 ( 1.000000000000000000, 0.8321116870725261405, 0.8947095730987697504),
 ( 1.000000000000000000, 0.8310352245412948591, 0.8940344742936165989),
 ( 1.000000000000000000, 0.8294167734963272531, 0.8930194697440323459),
 ( 1.000000000000000000, 0.8252348168939297457, 0.8903967738084370698),
 ( 1.000000000000000000, 0.8226701617747677053, 0.8887883614797740250),
 ( 1.000000000000000000, 0.8168080273762922117, 0.8851119493304988595),
 ( 1.000000000000000000, 0.8135109372135803651, 0.8830441935426749378),
 ( 1.000000000000000000, 0.8064742262164924513, 0.8786311507766544349),
 ( 1.000000000000000000, 0.8027360291200943410, 0.8762867566895524707),
 ( 1.000000000000000000, 0.7989501367710007962, 0.8739124507316962109) ) ) 
 REPRESENTATION_ITEM ( '' )  SURFACE ( )  );
#1692 = DIRECTION ( 'NONE',  ( 0.000000000000000000, 0.000000000000000000, 1.000000000000000000 ) ) ;
#1693 = CARTESIAN_POINT ( 'NONE',  ( 54.84165530532285970, 13.25176592379590623, -52.39840496973312867 ) ) ;
#1694 = AXIS2_PLACEMENT_3D ( 'NONE', #4, #1065, #4190 ) ;
#1695 = VERTEX_POINT ( 'NONE', #1289 ) ;
#1696 = LINE ( 'NONE', #3111, #2523 ) ;
#1697 = CARTESIAN_POINT ( 'NONE',  ( 72.76300724667429165, 13.25176592379590268, 23.29473709704460660 ) ) ;
#1698 = ORIENTED_EDGE ( 'NONE', *, *, #3773, .T. ) ;
#1699 = CARTESIAN_POINT ( 'NONE',  ( 8.970000000000002416, 25.00000000000000000, 33.00000000000000711 ) ) ;
#1700 = AXIS2_PLACEMENT_3D ( 'NONE', #2414, #3838, #333 ) ;
#1701 = CARTESIAN_POINT ( 'NONE',  ( -30.35722144775308351, 50.00000000000000000, -9.162049188273725164 ) ) ;
#1702 = CARTESIAN_POINT ( 'NONE',  ( -17.17126945179826336, 65.00000000000000000, 73.06095859642175583 ) ) ;
#1703 = ADVANCED_FACE ( 'NONE', ( #944 ), #2657, .F. ) ;
#1704 = DIRECTION ( 'NONE',  ( -0.1483641837633081217, -0.9889327929522043759, 0.000000000000000000 ) ) ;
#1705 = CARTESIAN_POINT ( 'NONE',  ( 14.56775934708156406, 14.26597694346648559, 73.57207225190573752 ) ) ;
#1706 = CARTESIAN_POINT ( 'NONE',  ( 0.000000000000000000, 0.000000000000000000, 0.000000000000000000 ) ) ;
#1707 = ORIENTED_EDGE ( 'NONE', *, *, #909, .F. ) ;
#1708 = CYLINDRICAL_SURFACE ( 'NONE', #4557, 3.499999999999999556 ) ;
#1709 = EDGE_CURVE ( 'NONE', #717, #2693, #253, .T. ) ;
#1710 = CARTESIAN_POINT ( 'NONE',  ( 53.77173528019600468, 15.00000000000000178, 52.51322694200767671 ) ) ;
#1711 = DIRECTION ( 'NONE',  ( 0.000000000000000000, 1.000000000000000000, 0.000000000000000000 ) ) ;
#1712 = CARTESIAN_POINT ( 'NONE',  ( -56.55533772385741997, 15.00000000000000000, 51.36724418284897098 ) ) ;
#1713 = DIRECTION ( 'NONE',  ( -0.8749263230474039199, -0.000000000000000000, 0.4842560575137391798 ) ) ;
#1714 = FACE_OUTER_BOUND ( 'NONE', #3811, .T. ) ;
#1715 = CARTESIAN_POINT ( 'NONE',  ( 71.83199688147749384, 65.00000000000000000, 9.939178439855682612 ) ) ;
#1716 = EDGE_LOOP ( 'NONE', ( #2573, #4412, #711, #1570, #2929 ) ) ;
#1717 = CARTESIAN_POINT ( 'NONE',  ( -73.55416147525176029, 13.25235129953025037, 20.66005083581446300 ) ) ;
#1718 = VERTEX_POINT ( 'NONE', #3342 ) ;
#1719 = CARTESIAN_POINT ( 'NONE',  ( 102.2318813635808965, 0.000000000000000000, 143.4333256102762277 ) ) ;
#1720 = AXIS2_PLACEMENT_3D ( 'NONE', #2072, #2116, #2829 ) ;
#1721 = CARTESIAN_POINT ( 'NONE',  ( -72.13232916392099980, 15.00000000000000000, 20.54086389097971832 ) ) ;
#1722 = EDGE_CURVE ( 'NONE', #2259, #55, #1607, .T. ) ;
#1723 = ORIENTED_EDGE ( 'NONE', *, *, #606, .T. ) ;
#1724 = CARTESIAN_POINT ( 'NONE',  ( 72.76300724667429165, 15.00000000000000000, 23.29473709704460660 ) ) ;
#1725 = CARTESIAN_POINT ( 'NONE',  ( -15.64765861494299060, 15.00000000000000000, -73.34951110859705636 ) ) ;
#1726 = CARTESIAN_POINT ( 'NONE',  ( 53.48283879152240416, 15.35079996961725435, 51.90853106247562465 ) ) ;
#1727 = ORIENTED_EDGE ( 'NONE', *, *, #2090, .F. ) ;
#1728 = CARTESIAN_POINT ( 'NONE',  ( -56.27282250494518223, 13.49786974829314623, 50.57983250535195907 ) ) ;
#1729 = CYLINDRICAL_SURFACE ( 'NONE', #954, 3.499999999999999556 ) ;
#1730 = CIRCLE ( 'NONE', #3695, 2.000000000000001776 ) ;
#1731 = DIRECTION ( 'NONE',  ( 0.000000000000000000, 0.000000000000000000, 1.000000000000000000 ) ) ;
#1732 = CARTESIAN_POINT ( 'NONE',  ( -162.4248716844553542, 15.00000000000000000, -185.2654582096964191 ) ) ;
#1733 = EDGE_CURVE ( 'NONE', #4082, #3559, #3653, .T. ) ;
#1734 = CARTESIAN_POINT ( 'NONE',  ( 71.75043208804441974, 14.04652211028451880, -21.83883213001471546 ) ) ;
#1735 = VECTOR ( 'NONE', #729, 1000.000000000000114 ) ;
#1736 = EDGE_CURVE ( 'NONE', #61, #3824, #1220, .T. ) ;
#1737 = CARTESIAN_POINT ( 'NONE',  ( -60.93618248512007796, 53.37996830016484751, 9.837592312214653134 ) ) ;
#1738 = CARTESIAN_POINT ( 'NONE',  ( -24.13000000000000256, 25.00000000000000000, -22.35999999999999233 ) ) ;
#1739 = ORIENTED_EDGE ( 'NONE', *, *, #3264, .T. ) ;
#1740 = LINE ( 'NONE', #3910, #4296 ) ;
#1741 = ORIENTED_EDGE ( 'NONE', *, *, #587, .F. ) ;
#1742 = CARTESIAN_POINT ( 'NONE',  ( 18.75936382650570522, 14.54955640616541857, -73.81360556701862663 ) ) ;
#1743 = AXIS2_PLACEMENT_3D ( 'NONE', #2628, #899, #1011 ) ;
#1744 = CARTESIAN_POINT ( 'NONE',  ( -53.73602283859776207, 15.00000000000000000, -52.83973415020426501 ) ) ;
#1745 = ORIENTED_EDGE ( 'NONE', *, *, #3073, .F. ) ;
#1746 = CARTESIAN_POINT ( 'NONE',  ( -18.92999999999999616, 31.00000000000000000, 30.50000000000000711 ) ) ;
#1747 = EDGE_CURVE ( 'NONE', #1405, #73, #852, .T. ) ;
#1748 = FACE_BOUND ( 'NONE', #172, .T. ) ;
#1749 = CARTESIAN_POINT ( 'NONE',  ( 53.56977765768907318, 15.11316379282952838, 53.53421425543316303 ) ) ;
#1750 = ORIENTED_EDGE ( 'NONE', *, *, #4461, .T. ) ;
#1751 = CARTESIAN_POINT ( 'NONE',  ( -72.13232916392099980, 15.00000000000000000, 20.54086389097971832 ) ) ;
#1752 = CARTESIAN_POINT ( 'NONE',  ( 54.66920960491937365, 13.25235129953026636, 53.36974697372319554 ) ) ;
#1753 = CARTESIAN_POINT ( 'NONE',  ( -70.10956344360248238, 15.47819391444383363, -23.97617181688734078 ) ) ;
#1754 = FACE_OUTER_BOUND ( 'NONE', #242, .T. ) ;
#1755 = ADVANCED_FACE ( 'NONE', ( #2604 ), #1690, .F. ) ;
#1756 = CARTESIAN_POINT ( 'NONE',  ( -106.1763266736505216, 0.000000000000000000, 133.8321879968181634 ) ) ;
#1757 = CARTESIAN_POINT ( 'NONE',  ( -61.32812578287312988, 52.11368804785738007, 11.23779749386914339 ) ) ;
#1758 = EDGE_CURVE ( 'NONE', #1134, #3963, #1829, .T. ) ;
#1759 = DIRECTION ( 'NONE',  ( 0.000000000000000000, 0.000000000000000000, 1.000000000000000000 ) ) ;
#1760 = ORIENTED_EDGE ( 'NONE', *, *, #4024, .T. ) ;
#1761 = CARTESIAN_POINT ( 'NONE',  ( -56.23237647742160306, 55.00000000000000000, -12.38053069064234002 ) ) ;
#1762 = VECTOR ( 'NONE', #4156, 1000.000000000000114 ) ;
#1763 = EDGE_CURVE ( 'NONE', #2106, #3989, #532, .T. ) ;
#1764 = ORIENTED_EDGE ( 'NONE', *, *, #3099, .F. ) ;
#1765 = CARTESIAN_POINT ( 'NONE',  ( 0.000000000000000000, 25.00000000000000000, 0.000000000000000000 ) ) ;
#1766 = EDGE_CURVE ( 'NONE', #2276, #2965, #2702, .T. ) ;
#1767 = EDGE_CURVE ( 'NONE', #4005, #2943, #3688, .T. ) ;
#1768 = EDGE_LOOP ( 'NONE', ( #2742, #1750 ) ) ;
#1769 = CARTESIAN_POINT ( 'NONE',  ( 19.44255924594379081, 15.00000000000000178, -73.28549889452681043 ) ) ;
#1770 = VERTEX_POINT ( 'NONE', #1054 ) ;
#1771 = CARTESIAN_POINT ( 'NONE',  ( 15.66700861632462249, 13.49786974829316222, 74.02361008461146241 ) ) ;
#1772 = CARTESIAN_POINT ( 'NONE',  ( 162.4248716844544447, 15.00000000000000000, 185.2654582096977549 ) ) ;
#1773 = CARTESIAN_POINT ( 'NONE',  ( 54.56738468998523217, 13.31543254344282090, 53.18577550442380897 ) ) ;
#1774 = ORIENTED_EDGE ( 'NONE', *, *, #2312, .T. ) ;
#1775 = LINE ( 'NONE', #4162, #4248 ) ;
#1776 = DIRECTION ( 'NONE',  ( 0.000000000000000000, 0.000000000000000000, 1.000000000000000000 ) ) ;
#1777 = DIRECTION ( 'NONE',  ( 0.000000000000000000, 0.000000000000000000, 1.000000000000000000 ) ) ;
#1778 = DIRECTION ( 'NONE',  ( 0.000000000000000000, 0.000000000000000000, 1.000000000000000000 ) ) ;
#1779 = CARTESIAN_POINT ( 'NONE',  ( -59.83101075762204601, 54.50782574811396586, 8.472053238403594477 ) ) ;
#1780 = ORIENTED_EDGE ( 'NONE', *, *, #2279, .T. ) ;
#1781 = CARTESIAN_POINT ( 'NONE',  ( 22.87179452855879447, 65.00000000000000000, 6.303132937829255766 ) ) ;
#1782 = ORIENTED_EDGE ( 'NONE', *, *, #2601, .T. ) ;
#1783 = CARTESIAN_POINT ( 'NONE',  ( 17.65663639558506048, 14.80485542351281403, -73.10457998297049187 ) ) ;
#1784 = EDGE_CURVE ( 'NONE', #3261, #2715, #3074, .T. ) ;
#1785 = ORIENTED_EDGE ( 'NONE', *, *, #4485, .F. ) ;
#1786 = CARTESIAN_POINT ( 'NONE',  ( -54.61645372080364780, 14.26626751192594078, -51.40148174490356325 ) ) ;
#1787 = EDGE_CURVE ( 'NONE', #565, #2007, #2925, .T. ) ;
#1788 = ORIENTED_EDGE ( 'NONE', *, *, #4345, .T. ) ;
#1789 = FACE_OUTER_BOUND ( 'NONE', #1171, .T. ) ;
#1790 = DIRECTION ( 'NONE',  ( 0.5098761939008290556, 0.1483404529302446706, -0.8473614204798646243 ) ) ;
#1791 = CARTESIAN_POINT ( 'NONE',  ( 53.69030803561692267, 15.05989072971189557, 53.84191329870755283 ) ) ;
#1792 = ORIENTED_EDGE ( 'NONE', *, *, #1799, .T. ) ;
#1793 = CIRCLE ( 'NONE', #2301, 1.250000000000001110 ) ;
#1794 = CARTESIAN_POINT ( 'NONE',  ( 55.26986536435544650, 15.26357696537463404, -50.60583265163624844 ) ) ;
#1795 = CARTESIAN_POINT ( 'NONE',  ( 56.55533772385706470, 13.25176592379590446, -51.36724418284935467 ) ) ;
#1796 = DIRECTION ( 'NONE',  ( 0.000000000000000000, 0.000000000000000000, 1.000000000000000000 ) ) ;
#1797 = CARTESIAN_POINT ( 'NONE',  ( -30.61945559756750157, 55.00000000000000000, 2.935579350582935287 ) ) ;
#1798 = CARTESIAN_POINT ( 'NONE',  ( -56.75553909973208988, 13.82194042948881041, 49.02865265840764408 ) ) ;
#1799 = EDGE_CURVE ( 'NONE', #3496, #2130, #3500, .T. ) ;
#1800 = ORIENTED_EDGE ( 'NONE', *, *, #1010, .F. ) ;
#1801 = PLANE ( 'NONE',  #2459 ) ;
#1802 = VECTOR ( 'NONE', #321, 1000.000000000000000 ) ;
#1803 = VECTOR ( 'NONE', #74, 1000.000000000000114 ) ;
#1804 = ORIENTED_EDGE ( 'NONE', *, *, #1137, .F. ) ;
#1805 = CARTESIAN_POINT ( 'NONE',  ( 17.75326627275688551, 13.65714802978490283, -73.13599447672807230 ) ) ;
#1806 =( BOUNDED_CURVE ( )  B_SPLINE_CURVE ( 3, ( #3859, #1661, #1314, #3144 ),
 .UNSPECIFIED., .F., .F. ) 
 B_SPLINE_CURVE_WITH_KNOTS ( ( 4, 4 ),
 ( 0.000000000000000000, 0.4873002987982701928 ),
 .UNSPECIFIED. ) 
 CURVE ( )  GEOMETRIC_REPRESENTATION_ITEM ( )  RATIONAL_B_SPLINE_CURVE ( ( 1.000000000000000000, 0.9803092372214108341, 0.9803092372214108341, 1.000000000000000000 ) ) 
 REPRESENTATION_ITEM ( '' )  );
#1807 = CIRCLE ( 'NONE', #3336, 3.499999999999996003 ) ;
#1808 = CARTESIAN_POINT ( 'NONE',  ( 71.25179069862764436, 13.70162369194418872, 23.92749486315463869 ) ) ;
#1809 = VERTEX_POINT ( 'NONE', #280 ) ;
#1810 = MECHANICAL_DESIGN_GEOMETRIC_PRESENTATION_REPRESENTATION (  '', ( #195 ), #3270 ) ;
#1811 = CARTESIAN_POINT ( 'NONE',  ( -66.24311681410574693, 0.000000000000000000, -163.3524625437925408 ) ) ;
#1812 = EDGE_CURVE ( 'NONE', #4013, #219, #900, .T. ) ;
#1813 = CARTESIAN_POINT ( 'NONE',  ( -176.3848987942182873, 0.000000000000000000, 74.98162461415478219 ) ) ;
#1814 = EDGE_CURVE ( 'NONE', #3378, #3402, #4531, .T. ) ;
#1815 = VERTEX_POINT ( 'NONE', #2107 ) ;
#1816 = CARTESIAN_POINT ( 'NONE',  ( 56.52305403919253735, 14.50115431522211829, -51.35016646899602222 ) ) ;
#1817 = ADVANCED_FACE ( 'NONE', ( #1402 ), #4509, .F. ) ;
#1818 = DIRECTION ( 'NONE',  ( -0.000000000000000000, -1.000000000000000000, -0.000000000000000000 ) ) ;
#1819 = LINE ( 'NONE', #2396, #3196 ) ;
#1820 = DIRECTION ( 'NONE',  ( -0.000000000000000000, -1.000000000000000000, -0.000000000000000000 ) ) ;
#1821 = DIRECTION ( 'NONE',  ( -0.000000000000000000, 1.000000000000000000, -0.000000000000000000 ) ) ;
#1822 = CARTESIAN_POINT ( 'NONE',  ( 175.3690146371354501, 0.000000000000000000, -18.81841643431030775 ) ) ;
#1823 = ORIENTED_EDGE ( 'NONE', *, *, #3375, .T. ) ;
#1824 = ORIENTED_EDGE ( 'NONE', *, *, #1666, .T. ) ;
#1825 = DIRECTION ( 'NONE',  ( -0.01808511378030969521, 0.000000000000000000, 0.9998364509556316726 ) ) ;
#1826 = AXIS2_PLACEMENT_3D ( 'NONE', #1886, #814, #2586 ) ;
#1827 = VERTEX_POINT ( 'NONE', #4464 ) ;
#1828 = CARTESIAN_POINT ( 'NONE',  ( -18.92999999999999616, 31.00000000000000000, 31.75000000000000711 ) ) ;
#1829 = CIRCLE ( 'NONE', #4481, 2.400000000000000799 ) ;
#1830 = PLANE ( 'NONE',  #1227 ) ;
#1831 = AXIS2_PLACEMENT_3D ( 'NONE', #3100, #351, #2087 ) ;
#1832 = ORIENTED_EDGE ( 'NONE', *, *, #3887, .F. ) ;
#1833 =( BOUNDED_CURVE ( )  B_SPLINE_CURVE ( 3, ( #1910, #91, #4327, #1498 ),
 .UNSPECIFIED., .F., .F. ) 
 B_SPLINE_CURVE_WITH_KNOTS ( ( 4, 4 ),
 ( 1.588882426574070417, 2.824964990453910918 ),
 .UNSPECIFIED. ) 
 CURVE ( )  GEOMETRIC_REPRESENTATION_ITEM ( )  RATIONAL_B_SPLINE_CURVE ( ( 1.000000000000000000, 0.8766766524962259499, 0.8766766524962259499, 1.000000000000000000 ) ) 
 REPRESENTATION_ITEM ( '' )  );
#1834 = CARTESIAN_POINT ( 'NONE',  ( -54.54477565271246675, 14.54955640616466894, -53.15288841610016846 ) ) ;
#1835 = CARTESIAN_POINT ( 'NONE',  ( 15.79488561926910251, 14.64327055311499493, 74.11906614954379791 ) ) ;
#1836 = AXIS2_PLACEMENT_3D ( 'NONE', #2055, #3512, #4166 ) ;
#1837 = CARTESIAN_POINT ( 'NONE',  ( -24.13000000000000256, 25.00000000000000000, -24.60999999999998877 ) ) ;
#1838 = PLANE ( 'NONE',  #2468 ) ;
#1839 = VERTEX_POINT ( 'NONE', #970 ) ;
#1840 = EDGE_CURVE ( 'NONE', #1426, #4146, #735, .T. ) ;
#1841 = CARTESIAN_POINT ( 'NONE',  ( 56.47169233512232012, 14.86438140965703347, -49.42696733240868667 ) ) ;
#1842 = DIRECTION ( 'NONE',  ( 0.000000000000000000, 1.000000000000000000, 0.000000000000000000 ) ) ;
#1843 = CIRCLE ( 'NONE', #3589, 75.00000000000001421 ) ;
#1844 = EDGE_CURVE ( 'NONE', #219, #31, #4325, .T. ) ;
#1845 = CARTESIAN_POINT ( 'NONE',  ( 107.3419720074407735, 0.000000000000000000, -139.6484932627409137 ) ) ;
#1846 = CARTESIAN_POINT ( 'NONE',  ( -60.06030044566502823, 51.22509207048106106, -17.27509010757972163 ) ) ;
#1847 = VERTEX_POINT ( 'NONE', #3852 ) ;
#1848 = VERTEX_POINT ( 'NONE', #3432 ) ;
#1849 = CARTESIAN_POINT ( 'NONE',  ( -30.61945559756750157, 55.00000000000000000, 5.335579350582936087 ) ) ;
#1850 = EDGE_LOOP ( 'NONE', ( #1279, #2140, #2574, #4429, #1869 ) ) ;
#1851 = DIRECTION ( 'NONE',  ( -0.4788984193720223215, 0.1483404529302446151, -0.8652464469429669292 ) ) ;
#1852 = CARTESIAN_POINT ( 'NONE',  ( 70.99975115074069265, 13.77539654388698587, 24.26417068727714721 ) ) ;
#1853 = ORIENTED_EDGE ( 'NONE', *, *, #4064, .T. ) ;
#1854 = CARTESIAN_POINT ( 'NONE',  ( 60.66977603246909467, 52.55088085913200757, -13.68837630321315402 ) ) ;
#1855 = CARTESIAN_POINT ( 'NONE',  ( 102.0882118377698333, -1.977872705736758885, 143.1737516761943425 ) ) ;
#1856 = ADVANCED_FACE ( 'NONE', ( #2775 ), #3757, .T. ) ;
#1857 = ORIENTED_EDGE ( 'NONE', *, *, #848, .F. ) ;
#1858 = DIRECTION ( 'NONE',  ( 0.000000000000000000, 0.000000000000000000, 1.000000000000000000 ) ) ;
#1859 = ORIENTED_EDGE ( 'NONE', *, *, #1866, .T. ) ;
#1860 = DIRECTION ( 'NONE',  ( 0.000000000000000000, 0.000000000000000000, 1.000000000000000000 ) ) ;
#1861 = CARTESIAN_POINT ( 'NONE',  ( 0.000000000000000000, 15.00000000000000000, 0.000000000000000000 ) ) ;
#1862 = CARTESIAN_POINT ( 'NONE',  ( 74.82156568078933390, 15.00000000000000178, -19.28508772699695228 ) ) ;
#1863 = CARTESIAN_POINT ( 'NONE',  ( -60.10564457346754352, 51.44888815143563221, -17.04744158209811289 ) ) ;
#1864 = CARTESIAN_POINT ( 'NONE',  ( -54.66920960491976444, 0.000000000000000000, -53.36974697372283316 ) ) ;
#1865 = FACE_OUTER_BOUND ( 'NONE', #3250, .T. ) ;
#1866 = EDGE_CURVE ( 'NONE', #3824, #2193, #297, .T. ) ;
#1867 = ADVANCED_FACE ( 'NONE', ( #2747 ), #668, .T. ) ;
#1868 = ORIENTED_EDGE ( 'NONE', *, *, #4548, .T. ) ;
#1869 = ORIENTED_EDGE ( 'NONE', *, *, #68, .F. ) ;
#1870 = CARTESIAN_POINT ( 'NONE',  ( -56.55533772385741997, 13.25176592379590446, 51.36724418284897098 ) ) ;
#1871 = VERTEX_POINT ( 'NONE', #3095 ) ;
#1872 = CARTESIAN_POINT ( 'NONE',  ( -54.78819945754603538, 14.04652211019937447, -51.21828085580602874 ) ) ;
#1873 = VERTEX_POINT ( 'NONE', #1334 ) ;
#1874 = CARTESIAN_POINT ( 'NONE',  ( -54.46099601150662295, 13.65714802978490283, -51.94277683072059659 ) ) ;
#1875 = CIRCLE ( 'NONE', #2235, 1.250000000000001110 ) ;
#1876 = ORIENTED_EDGE ( 'NONE', *, *, #3718, .T. ) ;
#1877 = LINE ( 'NONE', #3360, #3359 ) ;
#1878 = ORIENTED_EDGE ( 'NONE', *, *, #777, .T. ) ;
#1879 = DIRECTION ( 'NONE',  ( -0.9748176441093748812, 0.000000000000000000, -0.2230034993739967164 ) ) ;
#1880 = AXIS2_PLACEMENT_3D ( 'NONE', #1248, #2633, #904 ) ;
#1881 = EDGE_CURVE ( 'NONE', #2252, #3674, #1320, .T. ) ;
#1882 = CARTESIAN_POINT ( 'NONE',  ( 53.86565812859459612, 15.00000000000000000, 54.11412048021050936 ) ) ;
#1883 = CIRCLE ( 'NONE', #1588, 2.400000000000001243 ) ;
#1884 = CARTESIAN_POINT ( 'NONE',  ( 72.19369915708359997, 65.00000000000000000, -10.05755057925695084 ) ) ;
#1885 = CARTESIAN_POINT ( 'NONE',  ( -73.55416147525176029, 13.25235129953025393, 20.66005083581446655 ) ) ;
#1886 = CARTESIAN_POINT ( 'NONE',  ( 0.000000000000000000, 65.00000000000000000, 0.000000000000000000 ) ) ;
#1887 = FACE_OUTER_BOUND ( 'NONE', #2285, .T. ) ;
#1888 = PLANE ( 'NONE',  #3184 ) ;
#1889 = EDGE_CURVE ( 'NONE', #1372, #4160, #320, .T. ) ;
#1890 = EDGE_LOOP ( 'NONE', ( #1823, #4337, #3799, #3518, #3645 ) ) ;
#1891 = ORIENTED_EDGE ( 'NONE', *, *, #3501, .F. ) ;
#1892 = DIRECTION ( 'NONE',  ( 0.9887746132728448822, -0.1483404529302446706, 0.01788502646310304034 ) ) ;
#1893 = VERTEX_POINT ( 'NONE', #2796 ) ;
#1894 = EDGE_CURVE ( 'NONE', #3402, #3261, #3076, .T. ) ;
#1895 = VERTEX_POINT ( 'NONE', #1746 ) ;
#1896 = CARTESIAN_POINT ( 'NONE',  ( 60.85362659838369837, 51.44888815143558958, 14.14708110924448370 ) ) ;
#1897 = ORIENTED_EDGE ( 'NONE', *, *, #1001, .T. ) ;
#1898 = EDGE_CURVE ( 'NONE', #1839, #4353, #4201, .T. ) ;
#1899 = CARTESIAN_POINT ( 'NONE',  ( -54.96391419257121669, 13.82388556941332247, -51.02917650424805629 ) ) ;
#1900 = AXIS2_PLACEMENT_3D ( 'NONE', #3719, #2683, #882 ) ;
#1901 = CARTESIAN_POINT ( 'NONE',  ( 72.54931563329731148, 13.55526982450924045, -20.93911550087273099 ) ) ;
#1902 = ORIENTED_EDGE ( 'NONE', *, *, #1343, .F. ) ;
#1903 = DIRECTION ( 'NONE',  ( -0.000000000000000000, -1.000000000000000000, -0.000000000000000000 ) ) ;
#1904 = VECTOR ( 'NONE', #4366, 1000.000000000000000 ) ;
#1905 = CARTESIAN_POINT ( 'NONE',  ( 0.000000000000000000, 51.00000000000000711, 0.000000000000000000 ) ) ;
#1906 = CIRCLE ( 'NONE', #4484, 2.400000000000001243 ) ;
#1907 = CARTESIAN_POINT ( 'NONE',  ( -174.5889407407229328, 0.000000000000000000, -24.30800928502263503 ) ) ;
#1908 = PLANE ( 'NONE',  #229 ) ;
#1909 = CARTESIAN_POINT ( 'NONE',  ( -57.76248903584178862, 54.96053026059914259, -12.70125126704695440 ) ) ;
#1910 = CARTESIAN_POINT ( 'NONE',  ( 72.72683701911367393, 13.26261699206408906, 23.29440999895586373 ) ) ;
#1911 = AXIS2_PLACEMENT_3D ( 'NONE', #3743, #4020, #4348 ) ;
#1912 = CARTESIAN_POINT ( 'NONE',  ( 72.09711112681611667, 0.000000000000000000, -160.8561091466456219 ) ) ;
#1913 = ORIENTED_EDGE ( 'NONE', *, *, #1766, .T. ) ;
#1914 = ORIENTED_EDGE ( 'NONE', *, *, #3219, .F. ) ;
#1915 = DIRECTION ( 'NONE',  ( -0.9887746132728448822, 0.1483404529302446706, -0.01788502646310304034 ) ) ;
#1916 = CARTESIAN_POINT ( 'NONE',  ( 18.84255101065865290, 15.00000000000000000, 75.29248897739219615 ) ) ;
#1917 = DIRECTION ( 'NONE',  ( 0.000000000000000000, 1.000000000000000000, 0.000000000000000000 ) ) ;
#1918 = ADVANCED_FACE ( 'NONE', ( #1789 ), #3610, .T. ) ;
#1919 = ORIENTED_EDGE ( 'NONE', *, *, #1844, .T. ) ;
#1920 = CARTESIAN_POINT ( 'NONE',  ( 59.12627419780611859, 54.63899938810081380, -11.14271530589433112 ) ) ;
#1921 = EDGE_CURVE ( 'NONE', #1111, #2324, #1465, .T. ) ;
#1922 = CARTESIAN_POINT ( 'NONE',  ( 73.52244740245407684, 14.50088499283588561, -20.64178026358948159 ) ) ;
#1923 = AXIS2_PLACEMENT_3D ( 'NONE', #2403, #670, #348 ) ;
#1924 = CARTESIAN_POINT ( 'NONE',  ( -71.86712022705685854, 13.52057599331111781, -23.27853222806968603 ) ) ;
#1925 = DIRECTION ( 'NONE',  ( -0.000000000000000000, 1.000000000000000000, -0.000000000000000000 ) ) ;
#1926 = CARTESIAN_POINT ( 'NONE',  ( -17.17126945179826336, 0.000000000000000000, 75.06095859642175583 ) ) ;
#1927 = CARTESIAN_POINT ( 'NONE',  ( -67.12448723622205193, -1.977872705736593240, -162.5255473480492299 ) ) ;
#1928 = CARTESIAN_POINT ( 'NONE',  ( -57.14809071541106533, 55.00000000000000000, -12.50382851702418741 ) ) ;
#1929 = CARTESIAN_POINT ( 'NONE',  ( 0.000000000000000000, 65.00000000000000000, -75.00000000000001421 ) ) ;
#1930 = AXIS2_PLACEMENT_3D ( 'NONE', #444, #2223, #4000 ) ;
#1931 = ORIENTED_EDGE ( 'NONE', *, *, #4532, .T. ) ;
#1932 = DIRECTION ( 'NONE',  ( 0.8749263230474001451, 0.000000000000000000, -0.4842560575137458412 ) ) ;
#1933 = EDGE_LOOP ( 'NONE', ( #3252, #52, #4170, #4522, #3269 ) ) ;
#1934 = ORIENTED_EDGE ( 'NONE', *, *, #570, .T. ) ;
#1935 = EDGE_CURVE ( 'NONE', #2940, #2035, #1077, .T. ) ;
#1936 = EDGE_LOOP ( 'NONE', ( #2058, #647, #1940, #4215 ) ) ;
#1937 = CARTESIAN_POINT ( 'NONE',  ( -17.87402626062877076, 14.76874022893850125, 73.17136541968943675 ) ) ;
#1938 = ORIENTED_EDGE ( 'NONE', *, *, #3131, .T. ) ;
#1939 = CARTESIAN_POINT ( 'NONE',  ( 24.16999999999999815, 25.00000000000000000, -19.04999999999999005 ) ) ;
#1940 = ORIENTED_EDGE ( 'NONE', *, *, #829, .F. ) ;
#1941 = FACE_OUTER_BOUND ( 'NONE', #2098, .T. ) ;
#1942 = CARTESIAN_POINT ( 'NONE',  ( 73.34392505180059629, 13.31543254344355276, -20.66385360739300125 ) ) ;
#1943 = ORIENTED_EDGE ( 'NONE', *, *, #4463, .T. ) ;
#1944 = CARTESIAN_POINT ( 'NONE',  ( -24.13000000000000256, 25.00000000000000000, -21.10999999999998877 ) ) ;
#1945 = ADVANCED_FACE ( 'NONE', ( #3944 ), #2533, .F. ) ;
#1946 = CARTESIAN_POINT ( 'NONE',  ( -71.58489794490462543, 15.00000000000000000, -22.90309899229316670 ) ) ;
#1947 = VECTOR ( 'NONE', #3891, 1000.000000000000000 ) ;
#1948 = EDGE_CURVE ( 'NONE', #4353, #3946, #695, .T. ) ;
#1949 = CARTESIAN_POINT ( 'NONE',  ( 0.000000000000000000, 25.00000000000000000, 0.000000000000000000 ) ) ;
#1950 = AXIS2_PLACEMENT_3D ( 'NONE', #2357, #3367, #4070 ) ;
#1951 = DIRECTION ( 'NONE',  ( 0.000000000000000000, 0.000000000000000000, 1.000000000000000000 ) ) ;
#1952 = EDGE_CURVE ( 'NONE', #1545, #1262, #2510, .T. ) ;
#1953 = CARTESIAN_POINT ( 'NONE',  ( 56.88055710349296135, 55.00000000000000000, 13.66939002283115023 ) ) ;
#1954 = DIRECTION ( 'NONE',  ( -0.01808511378030502881, 1.734929961601324113E-16, 0.9998364509556317836 ) ) ;
#1955 = AXIS2_PLACEMENT_3D ( 'NONE', #3591, #1879, #152 ) ;
#1956 = EDGE_CURVE ( 'NONE', #1839, #973, #2841, .T. ) ;
#1957 = EDGE_CURVE ( 'NONE', #2583, #2204, #2187, .T. ) ;
#1958 = CARTESIAN_POINT ( 'NONE',  ( 1.657496271455031644, 25.00000000000000000, -50.91246843055469640 ) ) ;
#1959 = DIRECTION ( 'NONE',  ( 0.000000000000000000, 0.000000000000000000, -1.000000000000000000 ) ) ;
#1960 = VECTOR ( 'NONE', #1046, 1000.000000000000114 ) ;
#1961 = CARTESIAN_POINT ( 'NONE',  ( -14.06751759013176439, 13.82333008205884894, -73.66894643731649239 ) ) ;
#1962 = ORIENTED_EDGE ( 'NONE', *, *, #777, .F. ) ;
#1963 = ORIENTED_EDGE ( 'NONE', *, *, #4518, .T. ) ;
#1964 = CARTESIAN_POINT ( 'NONE',  ( -54.95363206267652600, 13.82249539609411215, -51.04016382340453362 ) ) ;
#1965 = VERTEX_POINT ( 'NONE', #2191 ) ;
#1966 = CARTESIAN_POINT ( 'NONE',  ( 175.3328929353346268, 0.000000000000000000, -16.82410989875777929 ) ) ;
#1967 = CARTESIAN_POINT ( 'NONE',  ( 60.88729581202311181, 51.89338020668107276, 13.68323954409840404 ) ) ;
#1968 = ORIENTED_EDGE ( 'NONE', *, *, #3593, .T. ) ;
#1969 = FACE_OUTER_BOUND ( 'NONE', #1936, .T. ) ;
#1970 = EDGE_LOOP ( 'NONE', ( #2594, #540, #820, #1968 ) ) ;
#1971 = CARTESIAN_POINT ( 'NONE',  ( 17.27863193369071126, 15.00709905046796955, 74.37016234713460960 ) ) ;
#1972 = ORIENTED_EDGE ( 'NONE', *, *, #1722, .F. ) ;
#1973 = VERTEX_POINT ( 'NONE', #2492 ) ;
#1974 = PRESENTATION_STYLE_ASSIGNMENT (( #4459 ) ) ;
#1975 = DIRECTION ( 'NONE',  ( -0.000000000000000000, -1.000000000000000000, -0.000000000000000000 ) ) ;
#1976 = TOROIDAL_SURFACE ( 'NONE', #2405, 58.50000000000000000, 4.000000000000000000 ) ;
#1977 = DIRECTION ( 'NONE',  ( 0.000000000000000000, 1.000000000000000000, 0.000000000000000000 ) ) ;
#1978 = DIRECTION ( 'NONE',  ( 0.000000000000000000, 1.000000000000000000, 0.000000000000000000 ) ) ;
#1979 = AXIS2_PLACEMENT_3D ( 'NONE', #3877, #1422, #2126 ) ;
#1980 = CARTESIAN_POINT ( 'NONE',  ( 0.000000000000000000, 65.00000000000000000, 0.000000000000000000 ) ) ;
#1981 = ADVANCED_FACE ( 'NONE', ( #3159 ), #1189, .T. ) ;
#1982 = EDGE_LOOP ( 'NONE', ( #1698, #2895, #824 ) ) ;
#1983 = AXIS2_PLACEMENT_3D ( 'NONE', #1503, #2902, #2944 ) ;
#1984 = PLANE ( 'NONE',  #816 ) ;
#1985 =( BOUNDED_CURVE ( )  B_SPLINE_CURVE ( 3, ( #1845, #4256, #1176, #832 ),
 .UNSPECIFIED., .F., .T. ) 
 B_SPLINE_CURVE_WITH_KNOTS ( ( 4, 4 ),
 ( 3.141592653589794892, 4.712388980384689674 ),
 .UNSPECIFIED. ) 
 CURVE ( )  GEOMETRIC_REPRESENTATION_ITEM ( )  RATIONAL_B_SPLINE_CURVE ( ( 1.000000000000000000, 0.8047378541243654926, 0.8047378541243654926, 1.000000000000000000 ) ) 
 REPRESENTATION_ITEM ( '' )  );
#1986 = FACE_BOUND ( 'NONE', #1645, .T. ) ;
#1987 = EDGE_CURVE ( 'NONE', #2504, #635, #1877, .T. ) ;
#1988 = CARTESIAN_POINT ( 'NONE',  ( -30.35722144775308351, 55.00000000000000000, -9.162049188273725164 ) ) ;
#1989 = CARTESIAN_POINT ( 'NONE',  ( -15.01346861859403781, 14.80507353957385241, -73.69289653019775699 ) ) ;
#1990 = EDGE_CURVE ( 'NONE', #759, #2064, #4154, .T. ) ;
#1991 = ORIENTED_EDGE ( 'NONE', *, *, #1409, .T. ) ;
#1992 = FACE_OUTER_BOUND ( 'NONE', #3872, .T. ) ;
#1993 = ORIENTED_EDGE ( 'NONE', *, *, #4263, .T. ) ;
#1994 = FACE_OUTER_BOUND ( 'NONE', #3134, .T. ) ;
#1995 = CARTESIAN_POINT ( 'NONE',  ( 72.39318637525391864, 15.11318647132280191, 22.24522743270663838 ) ) ;
#1996 = ORIENTED_EDGE ( 'NONE', *, *, #1540, .F. ) ;
#1997 = CARTESIAN_POINT ( 'NONE',  ( -74.82735196696710034, 14.99999999999999822, 19.28335455041105462 ) ) ;
#1998 = CARTESIAN_POINT ( 'NONE',  ( 55.78393266325185351, 15.00000000000000000, -53.96437233603090533 ) ) ;
#1999 = DIRECTION ( 'NONE',  ( 0.2230034993739967164, 0.000000000000000000, -0.9748176441093748812 ) ) ;
#2000 = EDGE_CURVE ( 'NONE', #3729, #1643, #2782, .T. ) ;
#2001 = CARTESIAN_POINT ( 'NONE',  ( 174.6101287694738460, -2.032395098134107445E-15, 23.13662801939299385 ) ) ;
#2002 = DIRECTION ( 'NONE',  ( 0.000000000000000000, -0.1274775941805176283, -0.9918414505262154179 ) ) ;
#2003 = LINE ( 'NONE', #3299, #1330 ) ;
#2004 = FACE_OUTER_BOUND ( 'NONE', #1467, .T. ) ;
#2005 = CARTESIAN_POINT ( 'NONE',  ( 16.20766952281708839, 13.25176592379590623, 74.66198127989335376 ) ) ;
#2006 = CARTESIAN_POINT ( 'NONE',  ( -14.62557573765685781, 15.45328883575796475, -72.69550965939252762 ) ) ;
#2007 = VERTEX_POINT ( 'NONE', #3086 ) ;
#2008 = DIRECTION ( 'NONE',  ( -0.4842560575137391798, 0.000000000000000000, -0.8749263230474039199 ) ) ;
#2009 = VERTEX_POINT ( 'NONE', #2979 ) ;
#2010 = EDGE_CURVE ( 'NONE', #61, #100, #3827, .T. ) ;
#2011 = CARTESIAN_POINT ( 'NONE',  ( -72.22704816960271046, 15.26352126214760396, 19.97591044019249296 ) ) ;
#2012 = EDGE_CURVE ( 'NONE', #3331, #1007, #3953, .T. ) ;
#2013 = APPLICATION_PROTOCOL_DEFINITION ( 'draft international standard', 'automotive_design', 1998, #256 ) ;
#2014 = AXIS2_PLACEMENT_3D ( 'NONE', #1640, #4399, #2361 ) ;
#2015 = ORIENTED_EDGE ( 'NONE', *, *, #1787, .F. ) ;
#2016 = CARTESIAN_POINT ( 'NONE',  ( 101.2773412062124549, 0.000000000000000000, 137.5786702763943197 ) ) ;
#2017 =( NAMED_UNIT ( * ) PLANE_ANGLE_UNIT ( ) SI_UNIT ( $, .RADIAN. ) );
#2018 = VECTOR ( 'NONE', #4163, 1000.000000000000000 ) ;
#2019 = DIRECTION ( 'NONE',  ( -0.000000000000000000, 1.000000000000000000, -0.000000000000000000 ) ) ;
#2020 = DIRECTION ( 'NONE',  ( 0.000000000000000000, 0.000000000000000000, 1.000000000000000000 ) ) ;
#2021 = VECTOR ( 'NONE', #2266, 1000.000000000000114 ) ;
#2022 = CARTESIAN_POINT ( 'NONE',  ( 8.970000000000002416, 31.00000000000000000, 28.25000000000000711 ) ) ;
#2023 = DIRECTION ( 'NONE',  ( -0.000000000000000000, -1.000000000000000000, -0.000000000000000000 ) ) ;
#2024 = AXIS2_PLACEMENT_3D ( 'NONE', #3623, #796, #1232 ) ;
#2025 = ORIENTED_EDGE ( 'NONE', *, *, #1799, .F. ) ;
#2026 = ADVANCED_FACE ( 'NONE', ( #1556 ), #2737, .T. ) ;
#2027 = CARTESIAN_POINT ( 'NONE',  ( -56.52305403919226023, 14.50115431522265652, 51.35016646899661197 ) ) ;
#2028 = DIRECTION ( 'NONE',  ( 0.000000000000000000, 0.000000000000000000, 1.000000000000000000 ) ) ;
#2029 = LINE ( 'NONE', #3062, #3611 ) ;
#2030 = CARTESIAN_POINT ( 'NONE',  ( 56.06470982359611099, 15.00000000000000178, -53.79542248017195760 ) ) ;
#2031 = AXIS2_PLACEMENT_3D ( 'NONE', #3023, #500, #4434 ) ;
#2032 = LINE ( 'NONE', #3867, #4494 ) ;
#2033 = EDGE_LOOP ( 'NONE', ( #908, #1130 ) ) ;
#2034 = CARTESIAN_POINT ( 'NONE',  ( -54.95363206267652600, 65.00000000000000000, -51.04016382340453362 ) ) ;
#2035 = VERTEX_POINT ( 'NONE', #1242 ) ;
#2036 = CARTESIAN_POINT ( 'NONE',  ( -71.73488470352099000, 13.80468640977683137, 21.88414064107996992 ) ) ;
#2037 = ADVANCED_FACE ( 'NONE', ( #1600 ), #3067, .T. ) ;
#2038 = ORIENTED_EDGE ( 'NONE', *, *, #331, .F. ) ;
#2039 = CARTESIAN_POINT ( 'NONE',  ( 55.77831909150363288, 15.00000000000000000, -52.14084222697090354 ) ) ;
#2040 = ADVANCED_FACE ( 'NONE', ( #1264 ), #2653, .T. ) ;
#2041 = DIRECTION ( 'NONE',  ( 0.8660254037844432595, 0.000000000000000000, 0.4999999999999919509 ) ) ;
#2042 = CARTESIAN_POINT ( 'NONE',  ( -71.76287681987773226, 15.21500962731341389, -22.42275561850141941 ) ) ;
#2043 = DIRECTION ( 'NONE',  ( 0.1483641837633081773, -0.9889327929522043759, 0.000000000000000000 ) ) ;
#2044 = DIRECTION ( 'NONE',  ( 0.000000000000000000, 0.000000000000000000, -1.000000000000000000 ) ) ;
#2045 = CARTESIAN_POINT ( 'NONE',  ( 54.40846377318113269, 13.55526982450924045, 52.35999261517476100 ) ) ;
#2046 = VECTOR ( 'NONE', #3416, 1000.000000000000000 ) ;
#2047 = ORIENTED_EDGE ( 'NONE', *, *, #1399, .F. ) ;
#2048 =( BOUNDED_CURVE ( )  B_SPLINE_CURVE ( 3, ( #4421, #1269, #3058, #4466 ),
 .UNSPECIFIED., .F., .F. ) 
 B_SPLINE_CURVE_WITH_KNOTS ( ( 4, 4 ),
 ( 1.570796326794899000, 2.824964990453909586 ),
 .UNSPECIFIED. ) 
 CURVE ( )  GEOMETRIC_REPRESENTATION_ITEM ( )  RATIONAL_B_SPLINE_CURVE ( ( 1.000000000000000000, 0.8731612146197131885, 0.8731612146197131885, 1.000000000000000000 ) ) 
 REPRESENTATION_ITEM ( '' )  );
#2049 = CARTESIAN_POINT ( 'NONE',  ( -56.55533772385741997, 13.25176592379587959, 51.36724418284896387 ) ) ;
#2050 = CARTESIAN_POINT ( 'NONE',  ( 175.3328444095748466, 0.000000000000000000, -16.81874353239901865 ) ) ;
#2051 = AXIS2_PLACEMENT_3D ( 'NONE', #1905, #153, #3297 ) ;
#2052 = CARTESIAN_POINT ( 'NONE',  ( -70.84877485523171003, 14.90325694513983201, -24.60498211992591777 ) ) ;
#2053 = CARTESIAN_POINT ( 'NONE',  ( -15.61907238558590727, 14.68811650807129787, -73.98033097774894884 ) ) ;
#2054 = DIRECTION ( 'NONE',  ( -0.000000000000000000, -1.000000000000000000, -0.000000000000000000 ) ) ;
#2055 = CARTESIAN_POINT ( 'NONE',  ( 56.71566630909902074, 65.00000000000000000, -14.33817265605800806 ) ) ;
#2056 = FACE_OUTER_BOUND ( 'NONE', #2987, .T. ) ;
#2057 = CIRCLE ( 'NONE', #1254, 3.499999999999996003 ) ;
#2058 = ORIENTED_EDGE ( 'NONE', *, *, #803, .F. ) ;
#2059 = CARTESIAN_POINT ( 'NONE',  ( -17.19066629029713411, 45.00000000000000000, -60.08935839643856269 ) ) ;
#2060 = ORIENTED_EDGE ( 'NONE', *, *, #2284, .F. ) ;
#2061 = CARTESIAN_POINT ( 'NONE',  ( 18.77654036181468200, 13.31543254344354565, -73.84962911181810341 ) ) ;
#2062 = ORIENTED_EDGE ( 'NONE', *, *, #461, .F. ) ;
#2063 = LINE ( 'NONE', #1353, #3193 ) ;
#2064 = VERTEX_POINT ( 'NONE', #1798 ) ;
#2065 = CARTESIAN_POINT ( 'NONE',  ( 0.000000000000000000, 15.00000000000000000, 0.000000000000000000 ) ) ;
#2066 = CARTESIAN_POINT ( 'NONE',  ( 54.46099601150621083, 13.65714802978490816, 51.94277683072116503 ) ) ;
#2067 = ORIENTED_EDGE ( 'NONE', *, *, #3940, .T. ) ;
#2068 = PLANE ( 'NONE',  #2582 ) ;
#2069 = DIRECTION ( 'NONE',  ( 0.000000000000000000, 0.000000000000000000, 1.000000000000000000 ) ) ;
#2070 = ORIENTED_EDGE ( 'NONE', *, *, #4315, .T. ) ;
#2071 = CARTESIAN_POINT ( 'NONE',  ( -59.94431147082452327, 54.43569157680884985, 8.565986471132024604 ) ) ;
#2072 = CARTESIAN_POINT ( 'NONE',  ( -17.95752216891241915, 13.25176592379590268, -73.69346916486576049 ) ) ;
#2073 = EDGE_LOOP ( 'NONE', ( #3694, #2998, #204, #770, #4099 ) ) ;
#2074 = CARTESIAN_POINT ( 'NONE',  ( 18.82271466184043263, 50.00000000000000000, 8.980342722836025970 ) ) ;
#2075 = ADVANCED_FACE ( 'NONE', ( #701 ), #1412, .T. ) ;
#2076 = ORIENTED_EDGE ( 'NONE', *, *, #148, .T. ) ;
#2077 = FACE_OUTER_BOUND ( 'NONE', #1157, .T. ) ;
#2078 = VECTOR ( 'NONE', #586, 1000.000000000000000 ) ;
#2079 = DIRECTION ( 'NONE',  ( 0.000000000000000000, -1.000000000000000000, 0.000000000000000000 ) ) ;
#2080 = ORIENTED_EDGE ( 'NONE', *, *, #1561, .F. ) ;
#2081 = DIRECTION ( 'NONE',  ( -0.9887746132728439941, -0.1483404529302504438, -0.01788502646311051006 ) ) ;
#2082 = FACE_OUTER_BOUND ( 'NONE', #161, .T. ) ;
#2083 = CARTESIAN_POINT ( 'NONE',  ( 54.41536756590044632, 13.49842479801005446, 52.57274220713066626 ) ) ;
#2084 = AXIS2_PLACEMENT_3D ( 'NONE', #307, #4516, #3790 ) ;
#2085 = ORIENTED_EDGE ( 'NONE', *, *, #2251, .F. ) ;
#2086 = EDGE_CURVE ( 'NONE', #2943, #1611, #1091, .T. ) ;
#2087 = DIRECTION ( 'NONE',  ( -0.000000000000000000, 0.000000000000000000, 1.000000000000000000 ) ) ;
#2088 = CARTESIAN_POINT ( 'NONE',  ( 17.17126945179774822, 65.00000000000000000, -75.06095859642189794 ) ) ;
#2089 = CARTESIAN_POINT ( 'NONE',  ( -70.00100406300938971, 15.49482668900824578, -24.28875396908092910 ) ) ;
#2090 = EDGE_CURVE ( 'NONE', #4160, #247, #200, .T. ) ;
#2091 = CARTESIAN_POINT ( 'NONE',  ( 22.87179452855879447, 65.00000000000000000, 6.303132937829255766 ) ) ;
#2092 = EDGE_CURVE ( 'NONE', #818, #1895, #3190, .T. ) ;
#2093 = EDGE_CURVE ( 'NONE', #2972, #1893, #2097, .T. ) ;
#2094 = FACE_OUTER_BOUND ( 'NONE', #4410, .T. ) ;
#2095 = VECTOR ( 'NONE', #4001, 1000.000000000000000 ) ;
#2096 = CARTESIAN_POINT ( 'NONE',  ( -58.31945581503364195, 54.99999999999999289, 7.711963742950382894 ) ) ;
#2097 = LINE ( 'NONE', #1738, #3864 ) ;
#2098 = EDGE_LOOP ( 'NONE', ( #1653, #3326, #240, #958 ) ) ;
#2099 =( BOUNDED_CURVE ( )  B_SPLINE_CURVE ( 3, ( #4521, #3534, #4259, #1433 ),
 .UNSPECIFIED., .F., .F. ) 
 B_SPLINE_CURVE_WITH_KNOTS ( ( 4, 4 ),
 ( 3.458383050241010004, 4.712388980384693227 ),
 .UNSPECIFIED. ) 
 CURVE ( )  GEOMETRIC_REPRESENTATION_ITEM ( )  RATIONAL_B_SPLINE_CURVE ( ( 1.000000000000000000, 0.8731930427660700156, 0.8731930427660700156, 1.000000000000000000 ) ) 
 REPRESENTATION_ITEM ( '' )  );
#2100 = CARTESIAN_POINT ( 'NONE',  ( -18.92999999999999616, 25.00000000000000000, 28.25000000000000711 ) ) ;
#2101 = AXIS2_PLACEMENT_3D ( 'NONE', #1926, #1291, #2319 ) ;
#2102 = ORIENTED_EDGE ( 'NONE', *, *, #4408, .T. ) ;
#2103 = CARTESIAN_POINT ( 'NONE',  ( 19.09224511650542766, 15.21496393293472416, -72.72022757779025426 ) ) ;
#2104 = VECTOR ( 'NONE', #1033, 1000.000000000000227 ) ;
#2105 = CYLINDRICAL_SURFACE ( 'NONE', #1670, 2.400000000000001243 ) ;
#2106 = VERTEX_POINT ( 'NONE', #4214 ) ;
#2107 = CARTESIAN_POINT ( 'NONE',  ( 15.64765861494380950, 15.00000000000000000, 73.34951110859687162 ) ) ;
#2108 = CARTESIAN_POINT ( 'NONE',  ( 0.000000000000000000, 15.00000000000000000, 0.000000000000000000 ) ) ;
#2109 = ORIENTED_EDGE ( 'NONE', *, *, #182, .F. ) ;
#2110 = CARTESIAN_POINT ( 'NONE',  ( -56.73292700313347581, 14.90325694513983912, 49.05434779167200787 ) ) ;
#2111 = FACE_OUTER_BOUND ( 'NONE', #3348, .T. ) ;
#2112 = LINE ( 'NONE', #2871, #2751 ) ;
#2113 = DIRECTION ( 'NONE',  ( 0.4842560575137391798, 0.000000000000000000, 0.8749263230474039199 ) ) ;
#2114 = AXIS2_PLACEMENT_3D ( 'NONE', #764, #1514, #2935 ) ;
#2115 = CARTESIAN_POINT ( 'NONE',  ( 54.66920960491937365, 13.25235129953026636, 53.36974697372319554 ) ) ;
#2116 = DIRECTION ( 'NONE',  ( 0.4788984193720239868, 0.1483404529302464192, 0.8652464469429657079 ) ) ;
#2117 = ADVANCED_FACE ( 'NONE', ( #3130 ), #2482, .F. ) ;
#2118 = ORIENTED_EDGE ( 'NONE', *, *, #2962, .T. ) ;
#2119 = LINE ( 'NONE', #337, #1219 ) ;
#2120 = AXIS2_PLACEMENT_3D ( 'NONE', #2562, #786, #3231 ) ;
#2121 = ORIENTED_EDGE ( 'NONE', *, *, #1481, .T. ) ;
#2122 = CARTESIAN_POINT ( 'NONE',  ( 17.88986076169169692, 15.38958280064336215, -72.18649304665656530 ) ) ;
#2123 = AXIS2_PLACEMENT_3D ( 'NONE', #731, #387, #1031 ) ;
#2124 = FACE_OUTER_BOUND ( 'NONE', #340, .T. ) ;
#2125 = ORIENTED_EDGE ( 'NONE', *, *, #2142, .F. ) ;
#2126 = DIRECTION ( 'NONE',  ( 0.000000000000000000, 0.000000000000000000, 1.000000000000000000 ) ) ;
#2127 = CIRCLE ( 'NONE', #3220, 1.250000000000001110 ) ;
#2128 = CARTESIAN_POINT ( 'NONE',  ( -57.34465222361622239, 13.02212729426340587, 52.67900312300270826 ) ) ;
#2129 = CYLINDRICAL_SURFACE ( 'NONE', #1076, 1.999999999999998890 ) ;
#2130 = VERTEX_POINT ( 'NONE', #656 ) ;
#2131 = EDGE_CURVE ( 'NONE', #2926, #1464, #2907, .T. ) ;
#2132 = CARTESIAN_POINT ( 'NONE',  ( 56.76542028968542297, 13.82333008205884894, -49.01730081989665422 ) ) ;
#2133 = DIRECTION ( 'NONE',  ( 0.9887746132728448822, -0.1483404529302446706, 0.01788502646310304034 ) ) ;
#2134 = DIRECTION ( 'NONE',  ( -0.5155803934418886625, 0.000000000000000000, 0.8568412092671007230 ) ) ;
#2135 = CARTESIAN_POINT ( 'NONE',  ( -61.32543917949345769, 51.44888909375809050, 11.93709638706469001 ) ) ;
#2136 = DIRECTION ( 'NONE',  ( 0.000000000000000000, 1.000000000000000000, 0.000000000000000000 ) ) ;
#2137 = VERTEX_POINT ( 'NONE', #1025 ) ;
#2138 = DIRECTION ( 'NONE',  ( -0.000000000000000000, 1.000000000000000000, -0.000000000000000000 ) ) ;
#2139 = EDGE_CURVE ( 'NONE', #4004, #1455, #2416, .T. ) ;
#2140 = ORIENTED_EDGE ( 'NONE', *, *, #886, .F. ) ;
#2141 = CYLINDRICAL_SURFACE ( 'NONE', #3363, 62.50000000000000000 ) ;
#2142 = EDGE_CURVE ( 'NONE', #3285, #3267, #3634, .T. ) ;
#2143 = CARTESIAN_POINT ( 'NONE',  ( 71.46086933816070541, 15.26357696537430542, 22.56219114346026444 ) ) ;
#2144 = EDGE_LOOP ( 'NONE', ( #4206, #3890, #3983, #3334 ) ) ;
#2145 = ADVANCED_FACE ( 'NONE', ( #3109 ), #1066, .T. ) ;
#2146 =( BOUNDED_SURFACE ( )  B_SPLINE_SURFACE ( 3, 2, ( 
 ( #1961, #588, #4124 ),
 ( #3349, #239, #4097 ),
 ( #2345, #3746, #2006 ),
 ( #1689, #1989, #4401 ),
 ( #1592, #1665, #1641 ),
 ( #4499, #2053, #4141 ),
 ( #3395, #4446, #1344 ),
 ( #1253, #2640, #3063 ),
 ( #4471, #4050, #1319 ),
 ( #215, #2733, #2711 ) ),
 .UNSPECIFIED., .F., .F., .F. ) 
 B_SPLINE_SURFACE_WITH_KNOTS ( ( 4, 2, 2, 2, 4 ),
 ( 3, 3 ),
 ( 3.450695304743722325, 3.766118723653963940, 4.081542142564205555, 4.396965561474447171, 4.712388980384688786 ),
 ( 0.000000000000000000, 0.6864271697496928670 ),
 .UNSPECIFIED. ) 
 GEOMETRIC_REPRESENTATION_ITEM ( )  RATIONAL_B_SPLINE_SURFACE ( (
 ( 1.000000000000000000, 0.8321116870725295822, 0.8947095730987677520),
 ( 1.000000000000000000, 0.8310352245411176675, 0.8940344742935011357),
 ( 1.000000000000000000, 0.8294167734965721683, 0.8930194697441820040),
 ( 1.000000000000000000, 0.8252348168936920469, 0.8903967738082838590),
 ( 1.000000000000000000, 0.8226701617747549378, 0.8887883614797615905),
 ( 1.000000000000000000, 0.8168080273763118626, 0.8851119493305066310),
 ( 1.000000000000000000, 0.8135109372135677086, 0.8830441935426625033),
 ( 1.000000000000000000, 0.8064742262165123243, 0.8786311507766622064),
 ( 1.000000000000000000, 0.8027360291200853482, 0.8762867566895420346),
 ( 1.000000000000000000, 0.7989501367710043489, 0.8739124507316933244) ) ) 
 REPRESENTATION_ITEM ( '' )  SURFACE ( )  );
#2147 = CARTESIAN_POINT ( 'NONE',  ( 16.20902163111481187, 14.50115431522486098, 74.62548393191977425 ) ) ;
#2148 = CARTESIAN_POINT ( 'NONE',  ( -17.23318272111391281, 15.45320977583376987, 72.12281506897804206 ) ) ;
#2149 = CARTESIAN_POINT ( 'NONE',  ( -55.78393266325232247, 15.00000000000000000, 53.96437233603046479 ) ) ;
#2150 = EDGE_LOOP ( 'NONE', ( #1642, #323, #1122, #1160 ) ) ;
#2151 = CARTESIAN_POINT ( 'NONE',  ( 56.29568908080434397, 13.65660588018446830, -49.94854867823691080 ) ) ;
#2152 = CARTESIAN_POINT ( 'NONE',  ( 56.16978818731644907, 13.73824274875337714, -49.70671756555348253 ) ) ;
#2153 = DIRECTION ( 'NONE',  ( -0.8749263230474035868, 0.000000000000000000, 0.4842560575137396794 ) ) ;
#2154 = CARTESIAN_POINT ( 'NONE',  ( 73.79703210361148535, 15.00000000000000000, -19.59196809082505553 ) ) ;
#2155 = LINE ( 'NONE', #2539, #4398 ) ;
#2156 = CARTESIAN_POINT ( 'NONE',  ( 24.16999999999999815, 31.00000000000000000, -15.54999999999999005 ) ) ;
#2157 = EDGE_LOOP ( 'NONE', ( #283, #4308 ) ) ;
#2158 = ORIENTED_EDGE ( 'NONE', *, *, #2221, .T. ) ;
#2159 = DIRECTION ( 'NONE',  ( -0.8660254037844397068, 0.000000000000000000, -0.4999999999999979461 ) ) ;
#2160 = VECTOR ( 'NONE', #1790, 1000.000000000000114 ) ;
#2161 = ORIENTED_EDGE ( 'NONE', *, *, #1384, .F. ) ;
#2162 = CARTESIAN_POINT ( 'NONE',  ( -56.41906225101456585, 65.00000000000000000, -52.40123485869532516 ) ) ;
#2163 = VECTOR ( 'NONE', #462, 1000.000000000000000 ) ;
#2164 = ORIENTED_EDGE ( 'NONE', *, *, #1424, .T. ) ;
#2165 = EDGE_CURVE ( 'NONE', #822, #374, #3869, .T. ) ;
#2166 = DIRECTION ( 'NONE',  ( 0.000000000000000000, 1.000000000000000000, 0.000000000000000000 ) ) ;
#2167 = EDGE_LOOP ( 'NONE', ( #3752, #3547, #2366, #3732 ) ) ;
#2168 = CIRCLE ( 'NONE', #2389, 2.400000000000000799 ) ;
#2169 = CARTESIAN_POINT ( 'NONE',  ( 16.19100397380237766, 15.26357696537461273, 73.16802379509614696 ) ) ;
#2170 = AXIS2_PLACEMENT_3D ( 'NONE', #3795, #681, #2853 ) ;
#2171 = CARTESIAN_POINT ( 'NONE',  ( 56.55533772385706470, 13.25176592379590446, -51.36724418284935467 ) ) ;
#2172 = EDGE_CURVE ( 'NONE', #3325, #734, #473, .T. ) ;
#2173 = CARTESIAN_POINT ( 'NONE',  ( 71.34636928268555778, 15.00000000000000000, 23.12348568401103677 ) ) ;
#2174 = ORIENTED_EDGE ( 'NONE', *, *, #2559, .F. ) ;
#2175 = DIRECTION ( 'NONE',  ( -0.8568412092670970592, 0.000000000000000000, -0.5155803934418946577 ) ) ;
#2176 = DIRECTION ( 'NONE',  ( 0.000000000000000000, 0.000000000000000000, 1.000000000000000000 ) ) ;
#2177 = DIRECTION ( 'NONE',  ( 0.9887746132728447712, 0.1483404529302446428, 0.01788502646310825145 ) ) ;
#2178 = CYLINDRICAL_SURFACE ( 'NONE', #878, 75.00000000000001421 ) ;
#2179 = CARTESIAN_POINT ( 'NONE',  ( 22.87179452855879447, 55.00000000000000000, 8.703132937829256122 ) ) ;
#2180 = ORIENTED_EDGE ( 'NONE', *, *, #3556, .T. ) ;
#2181 = EDGE_LOOP ( 'NONE', ( #708, #756, #566, #1092 ) ) ;
#2182 = CARTESIAN_POINT ( 'NONE',  ( -18.24828002125838822, 45.00000000000000000, -55.46619988777170107 ) ) ;
#2183 = CIRCLE ( 'NONE', #875, 75.00000000000002842 ) ;
#2184 = ORIENTED_EDGE ( 'NONE', *, *, #3915, .F. ) ;
#2185 = CARTESIAN_POINT ( 'NONE',  ( -19.93137397501696739, 15.00000000000000000, 73.70608857103587752 ) ) ;
#2186 = ADVANCED_FACE ( 'NONE', ( #2056 ), #3447, .F. ) ;
#2187 = CIRCLE ( 'NONE', #1979, 2.000000000000001776 ) ;
#2188 = CARTESIAN_POINT ( 'NONE',  ( 70.91546938986400050, 15.35087063487889303, 22.93027194295628135 ) ) ;
#2189 = ORIENTED_EDGE ( 'NONE', *, *, #243, .F. ) ;
#2190 = CARTESIAN_POINT ( 'NONE',  ( -54.02905470633153584, 15.47811634594455477, -50.70711385137974503 ) ) ;
#2191 = CARTESIAN_POINT ( 'NONE',  ( 74.62648367391068405, 15.00000000000000000, 21.32811664136199781 ) ) ;
#2192 = PLANE ( 'NONE',  #1955 ) ;
#2193 = VERTEX_POINT ( 'NONE', #311 ) ;
#2194 = AXIS2_PLACEMENT_3D ( 'NONE', #4299, #44, #1796 ) ;
#2195 = CARTESIAN_POINT ( 'NONE',  ( 55.30011439840865251, 15.21500962731399831, -50.93709656541631858 ) ) ;
#2196 = EDGE_CURVE ( 'NONE', #400, #2234, #2099, .T. ) ;
#2197 = ADVANCED_FACE ( 'NONE', ( #399 ), #23, .F. ) ;
#2198 = DIRECTION ( 'NONE',  ( 0.000000000000000000, 0.000000000000000000, 1.000000000000000000 ) ) ;
#2199 = EDGE_LOOP ( 'NONE', ( #3970, #1602, #4281, #3152 ) ) ;
#2200 = CARTESIAN_POINT ( 'NONE',  ( 17.17126945179774822, 0.000000000000000000, -75.06095859642189794 ) ) ;
#2201 = FACE_OUTER_BOUND ( 'NONE', #4182, .T. ) ;
#2202 = DIRECTION ( 'NONE',  ( -0.000000000000000000, -1.000000000000000000, -0.000000000000000000 ) ) ;
#2203 = ORIENTED_EDGE ( 'NONE', *, *, #3275, .F. ) ;
#2204 = VERTEX_POINT ( 'NONE', #1864 ) ;
#2205 = LINE ( 'NONE', #3935, #2595 ) ;
#2206 = ORIENTED_EDGE ( 'NONE', *, *, #1935, .F. ) ;
#2207 = ORIENTED_EDGE ( 'NONE', *, *, #243, .T. ) ;
#2208 = CARTESIAN_POINT ( 'NONE',  ( 8.970000000000002416, 25.00000000000000000, 31.75000000000000711 ) ) ;
#2209 = ORIENTED_EDGE ( 'NONE', *, *, #1680, .T. ) ;
#2210 = FACE_OUTER_BOUND ( 'NONE', #1551, .T. ) ;
#2211 = ADVANCED_FACE ( 'NONE', ( #1567 ), #3578, .T. ) ;
#2212 = ORIENTED_EDGE ( 'NONE', *, *, #988, .T. ) ;
#2213 = DIRECTION ( 'NONE',  ( 0.000000000000000000, 0.000000000000000000, -1.000000000000000000 ) ) ;
#2214 = CARTESIAN_POINT ( 'NONE',  ( 17.12850922837998269, 15.05990042397465167, 74.08259120235652517 ) ) ;
#2215 = VERTEX_POINT ( 'NONE', #4302 ) ;
#2216 = CARTESIAN_POINT ( 'NONE',  ( 72.19369915708359997, 55.00000000000000000, -10.05755057925694906 ) ) ;
#2217 = ORIENTED_EDGE ( 'NONE', *, *, #4496, .F. ) ;
#2218 = ADVANCED_FACE ( 'NONE', ( #1887 ), #4375, .F. ) ;
#2219 = EDGE_CURVE ( 'NONE', #4329, #2509, #1793, .T. ) ;
#2220 = LINE ( 'NONE', #89, #2864 ) ;
#2221 = EDGE_CURVE ( 'NONE', #2130, #4062, #69, .T. ) ;
#2222 = CARTESIAN_POINT ( 'NONE',  ( 74.08264951556769518, 15.00000000000000178, 21.96410902707332014 ) ) ;
#2223 = DIRECTION ( 'NONE',  ( 0.000000000000000000, 1.000000000000000000, 0.000000000000000000 ) ) ;
#2224 = ORIENTED_EDGE ( 'NONE', *, *, #3219, .T. ) ;
#2225 = FACE_OUTER_BOUND ( 'NONE', #1982, .T. ) ;
#2226 = EDGE_CURVE ( 'NONE', #2453, #3980, #1478, .T. ) ;
#2227 = EDGE_CURVE ( 'NONE', #916, #1401, #3301, .T. ) ;
#2228 = ORIENTED_EDGE ( 'NONE', *, *, #611, .F. ) ;
#2229 = ORIENTED_EDGE ( 'NONE', *, *, #278, .F. ) ;
#2230 = CARTESIAN_POINT ( 'NONE',  ( 70.83782826537046162, 13.82194042948881041, 24.63741233664532615 ) ) ;
#2231 = VECTOR ( 'NONE', #1975, 1000.000000000000000 ) ;
#2232 = ORIENTED_EDGE ( 'NONE', *, *, #4254, .T. ) ;
#2233 = CIRCLE ( 'NONE', #1366, 75.00000000000001421 ) ;
#2234 = VERTEX_POINT ( 'NONE', #3908 ) ;
#2235 = AXIS2_PLACEMENT_3D ( 'NONE', #2716, #1280, #3021 ) ;
#2236 = FACE_OUTER_BOUND ( 'NONE', #4503, .T. ) ;
#2237 = EDGE_LOOP ( 'NONE', ( #2923, #2705 ) ) ;
#2238 = EDGE_LOOP ( 'NONE', ( #4407, #1337, #2038, #517 ) ) ;
#2239 = CARTESIAN_POINT ( 'NONE',  ( -53.43144189309798264, 15.21496393293524640, -52.89448307506665259 ) ) ;
#2240 = AXIS2_PLACEMENT_3D ( 'NONE', #1706, #3097, #2431 ) ;
#2241 = CARTESIAN_POINT ( 'NONE',  ( 24.16999999999999815, 31.00000000000000000, -22.54999999999999005 ) ) ;
#2242 = AXIS2_PLACEMENT_3D ( 'NONE', #1110, #3889, #1759 ) ;
#2243 = AXIS2_PLACEMENT_3D ( 'NONE', #2867, #826, #762 ) ;
#2244 = CARTESIAN_POINT ( 'NONE',  ( -72.72683701911367393, 65.00000000000000000, -25.29440999895586728 ) ) ;
#2245 = ORIENTED_EDGE ( 'NONE', *, *, #3612, .F. ) ;
#2246 = CARTESIAN_POINT ( 'NONE',  ( -30.35722144775308351, 50.00000000000000000, -11.56204918827372552 ) ) ;
#2247 = CARTESIAN_POINT ( 'NONE',  ( 56.88055710349296135, 25.00000000000000355, 13.66939002283115023 ) ) ;
#2248 = CARTESIAN_POINT ( 'NONE',  ( 73.55416147525176029, 15.00000000000000000, -20.66005083581446655 ) ) ;
#2249 = ORIENTED_EDGE ( 'NONE', *, *, #1680, .F. ) ;
#2250 = CARTESIAN_POINT ( 'NONE',  ( 21.54292370180468907, 15.00000000000000000, -74.56794821596612621 ) ) ;
#2251 = EDGE_CURVE ( 'NONE', #3539, #2901, #2741, .T. ) ;
#2252 = VERTEX_POINT ( 'NONE', #768 ) ;
#2253 = DIRECTION ( 'NONE',  ( -0.000000000000000000, -1.000000000000000000, -0.000000000000000000 ) ) ;
#2254 = VERTEX_POINT ( 'NONE', #490 ) ;
#2255 = CARTESIAN_POINT ( 'NONE',  ( 60.29894625184084589, 53.76682628201019298, 11.57610910441209384 ) ) ;
#2256 = VERTEX_POINT ( 'NONE', #2939 ) ;
#2257 = CARTESIAN_POINT ( 'NONE',  ( -54.40414900927876829, 14.68787669031202547, -52.50907184545879858 ) ) ;
#2258 = AXIS2_PLACEMENT_3D ( 'NONE', #136, #1821, #3189 ) ;
#2259 = VERTEX_POINT ( 'NONE', #2156 ) ;
#2260 = CARTESIAN_POINT ( 'NONE',  ( 71.82725200986646996, 13.77594033682879449, -21.69237831956800022 ) ) ;
#2261 = CARTESIAN_POINT ( 'NONE',  ( 0.000000000000000000, 15.00000000000000000, 0.000000000000000000 ) ) ;
#2262 = CIRCLE ( 'NONE', #296, 2.000000000000001332 ) ;
#2263 = DIRECTION ( 'NONE',  ( -0.000000000000000000, 1.000000000000000000, -0.000000000000000000 ) ) ;
#2264 = VECTOR ( 'NONE', #3065, 1000.000000000000114 ) ;
#2265 =( BOUNDED_CURVE ( )  B_SPLINE_CURVE ( 3, ( #939, #3025, #1997, #4455 ),
 .UNSPECIFIED., .F., .F. ) 
 B_SPLINE_CURVE_WITH_KNOTS ( ( 4, 4 ),
 ( 2.981555974335107611E-16, 0.4873002987982620327 ),
 .UNSPECIFIED. ) 
 CURVE ( )  GEOMETRIC_REPRESENTATION_ITEM ( )  RATIONAL_B_SPLINE_CURVE ( ( 1.000000000000000000, 0.9803092372214116113, 0.9803092372214116113, 1.000000000000000000 ) ) 
 REPRESENTATION_ITEM ( '' )  );
#2266 = DIRECTION ( 'NONE',  ( 0.9887746132728446602, 0.1483404529302446428, 0.01788502646310824798 ) ) ;
#2267 = DIRECTION ( 'NONE',  ( -0.000000000000000000, -1.000000000000000000, 0.000000000000000000 ) ) ;
#2268 = ORIENTED_EDGE ( 'NONE', *, *, #752, .F. ) ;
#2269 = EDGE_CURVE ( 'NONE', #3171, #1611, #1060, .T. ) ;
#2270 = DIRECTION ( 'NONE',  ( 0.000000000000000000, 0.000000000000000000, 1.000000000000000000 ) ) ;
#2271 = CARTESIAN_POINT ( 'NONE',  ( -17.20676212284760709, 14.26626751192604381, 72.99997725928469094 ) ) ;
#2272 = DIRECTION ( 'NONE',  ( 0.000000000000000000, 0.000000000000000000, 1.000000000000000000 ) ) ;
#2273 = CIRCLE ( 'NONE', #1621, 62.50000000000000000 ) ;
#2274 = VERTEX_POINT ( 'NONE', #421 ) ;
#2275 = CARTESIAN_POINT ( 'NONE',  ( 21.26177432625323505, 14.99999999999999822, -74.73712204198545805 ) ) ;
#2276 = VERTEX_POINT ( 'NONE', #468 ) ;
#2277 = VERTEX_POINT ( 'NONE', #513 ) ;
#2278 = DIRECTION ( 'NONE',  ( 0.000000000000000000, 0.000000000000000000, -1.000000000000000000 ) ) ;
#2279 = EDGE_CURVE ( 'NONE', #2193, #1434, #3278, .T. ) ;
#2280 = CARTESIAN_POINT ( 'NONE',  ( -18.32164651503588004, 13.49842479801004735, 73.41146177190320543 ) ) ;
#2281 = VERTEX_POINT ( 'NONE', #2875 ) ;
#2282 = B_SPLINE_CURVE_WITH_KNOTS ( 'NONE', 3,
 ( #2295, #2957, #3366, #1658, #877, #1584 ),
 .UNSPECIFIED., .F., .F.,
 ( 4, 2, 4 ),
 ( 6.938893903907228378E-18, 0.0009638903881092448448, 0.001927780776218482751 ),
 .UNSPECIFIED. ) ;
#2283 = CARTESIAN_POINT ( 'NONE',  ( 72.55274353245530961, 13.31485535627526851, 23.29093383182868848 ) ) ;
#2284 = EDGE_CURVE ( 'NONE', #1434, #3078, #226, .T. ) ;
#2285 = EDGE_LOOP ( 'NONE', ( #522, #1792, #3696, #3064, #3703 ) ) ;
#2286 = DIRECTION ( 'NONE',  ( -0.4842560575137452861, 0.000000000000000000, -0.8749263230474004782 ) ) ;
#2287 = EDGE_CURVE ( 'NONE', #2193, #100, #160, .T. ) ;
#2288 = ORIENTED_EDGE ( 'NONE', *, *, #4279, .F. ) ;
#2289 = CARTESIAN_POINT ( 'NONE',  ( 71.46026716935739387, 15.38958280064324491, -20.60017263353467598 ) ) ;
#2290 = VERTEX_POINT ( 'NONE', #2179 ) ;
#2291 = FILL_AREA_STYLE ('',( #3362 ) ) ;
#2292 = EDGE_CURVE ( 'NONE', #1973, #912, #1833, .T. ) ;
#2293 = LINE ( 'NONE', #3364, #1657 ) ;
#2294 = DIRECTION ( 'NONE',  ( 0.000000000000000000, 0.000000000000000000, 1.000000000000000000 ) ) ;
#2295 = CARTESIAN_POINT ( 'NONE',  ( 15.64765861494380950, 15.00000000000000000, 73.34951110859687162 ) ) ;
#2296 = CARTESIAN_POINT ( 'NONE',  ( -57.99658932025867841, 55.00000000000000000, 7.658043302127309992 ) ) ;
#2297 = CARTESIAN_POINT ( 'NONE',  ( -73.48609877237142030, 15.00000000000000000, 19.68510250432085584 ) ) ;
#2298 =( BOUNDED_CURVE ( )  B_SPLINE_CURVE ( 3, ( #945, #2336, #3118, #3096 ),
 .UNSPECIFIED., .F., .F. ) 
 B_SPLINE_CURVE_WITH_KNOTS ( ( 4, 4 ),
 ( 4.712388980384689674, 6.283185307179586232 ),
 .UNSPECIFIED. ) 
 CURVE ( )  GEOMETRIC_REPRESENTATION_ITEM ( )  RATIONAL_B_SPLINE_CURVE ( ( 1.000000000000000000, 0.8047378541243649375, 0.8047378541243649375, 1.000000000000000000 ) ) 
 REPRESENTATION_ITEM ( '' )  );
#2299 = DIRECTION ( 'NONE',  ( 0.1483641837633082883, 0.9889327929522042648, 0.000000000000000000 ) ) ;
#2300 = CARTESIAN_POINT ( 'NONE',  ( 56.75553909973174882, 65.00000000000000000, -49.02865265840804909 ) ) ;
#2301 = AXIS2_PLACEMENT_3D ( 'NONE', #3210, #72, #3955 ) ;
#2302 = EDGE_LOOP ( 'NONE', ( #13, #2795, #248, #3942 ) ) ;
#2303 = CARTESIAN_POINT ( 'NONE',  ( 23.13402867837321963, 55.00000000000000000, -8.194495601027412590 ) ) ;
#2304 = EDGE_LOOP ( 'NONE', ( #2268, #3666, #2070, #2746 ) ) ;
#2305 = ORIENTED_EDGE ( 'NONE', *, *, #687, .F. ) ;
#2306 = LINE ( 'NONE', #2034, #299 ) ;
#2307 = LINE ( 'NONE', #1004, #3778 ) ;
#2308 = CARTESIAN_POINT ( 'NONE',  ( 72.72166057360647073, 15.05990042397356277, 22.20757148044648233 ) ) ;
#2309 = ORIENTED_EDGE ( 'NONE', *, *, #1362, .T. ) ;
#2310 = LINE ( 'NONE', #1699, #880 ) ;
#2311 = DIRECTION ( 'NONE',  ( 0.9998364509556315616, 0.000000000000000000, 0.01808511378031029196 ) ) ;
#2312 = EDGE_CURVE ( 'NONE', #4479, #198, #1178, .T. ) ;
#2313 = AXIS2_PLACEMENT_3D ( 'NONE', #4453, #1281, #3657 ) ;
#2314 = CARTESIAN_POINT ( 'NONE',  ( 22.87179452855879447, 50.00000000000000000, 6.303132937829255766 ) ) ;
#2315 = VECTOR ( 'NONE', #1456, 1000.000000000000000 ) ;
#2316 = DIRECTION ( 'NONE',  ( 0.000000000000000000, -1.000000000000000000, 0.000000000000000000 ) ) ;
#2317 = AXIS2_PLACEMENT_3D ( 'NONE', #1953, #3320, #183 ) ;
#2318 = LINE ( 'NONE', #3713, #3926 ) ;
#2319 = DIRECTION ( 'NONE',  ( 0.000000000000000000, 0.000000000000000000, 1.000000000000000000 ) ) ;
#2320 = PLANE ( 'NONE',  #1037 ) ;
#2321 = VECTOR ( 'NONE', #3803, 1000.000000000000227 ) ;
#2322 = PLANE ( 'NONE',  #1900 ) ;
#2323 = DIRECTION ( 'NONE',  ( 0.000000000000000000, 0.000000000000000000, -1.000000000000000000 ) ) ;
#2324 = VERTEX_POINT ( 'NONE', #2894 ) ;
#2325 = DIRECTION ( 'NONE',  ( -0.000000000000000000, -1.000000000000000000, -0.000000000000000000 ) ) ;
#2326 = DIRECTION ( 'NONE',  ( -0.8749263230474003672, 0.000000000000000000, 0.4842560575137452861 ) ) ;
#2327 = LINE ( 'NONE', #2622, #4007 ) ;
#2328 = EDGE_CURVE ( 'NONE', #129, #4500, #2446, .T. ) ;
#2329 = EDGE_LOOP ( 'NONE', ( #3535, #312, #4472 ) ) ;
#2330 = CARTESIAN_POINT ( 'NONE',  ( 16.20766952281708839, 0.000000000000000000, 74.66198127989335376 ) ) ;
#2331 = ORIENTED_EDGE ( 'NONE', *, *, #4089, .F. ) ;
#2332 = DIRECTION ( 'NONE',  ( -0.000000000000000000, 1.000000000000000000, -0.000000000000000000 ) ) ;
#2333 = CARTESIAN_POINT ( 'NONE',  ( -73.55416147525176029, 0.000000000000000000, 20.66005083581446655 ) ) ;
#2334 = VECTOR ( 'NONE', #3998, 1000.000000000000000 ) ;
#2335 = CARTESIAN_POINT ( 'NONE',  ( 56.55533772385705760, 13.25176592379589202, -51.36724418284936178 ) ) ;
#2336 = CARTESIAN_POINT ( 'NONE',  ( -101.2773412062134071, 0.000000000000000000, -137.5786702763935523 ) ) ;
#2337 = AXIS2_PLACEMENT_3D ( 'NONE', #2427, #3829, #3055 ) ;
#2338 = DIRECTION ( 'NONE',  ( -0.8660254037844363761, 0.000000000000000000, 0.5000000000000039968 ) ) ;
#2339 = EDGE_LOOP ( 'NONE', ( #1804, #3828, #692, #1075 ) ) ;
#2340 = FACE_OUTER_BOUND ( 'NONE', #2302, .T. ) ;
#2341 = ADVANCED_FACE ( 'NONE', ( #3417 ), #2611, .F. ) ;
#2342 = CARTESIAN_POINT ( 'NONE',  ( 0.000000000000000000, 45.00000000000000000, 0.000000000000000000 ) ) ;
#2343 = DIRECTION ( 'NONE',  ( 0.5098761939008296107, 0.1483404529302444763, -0.8473614204798646243 ) ) ;
#2344 = EDGE_CURVE ( 'NONE', #2520, #4268, #3745, .T. ) ;
#2345 = CARTESIAN_POINT ( 'NONE',  ( -14.48648735842624902, 13.77539654388697876, -73.61967350255312681 ) ) ;
#2346 = ORIENTED_EDGE ( 'NONE', *, *, #2748, .T. ) ;
#2347 = DIRECTION ( 'NONE',  ( -0.000000000000000000, -1.000000000000000000, -0.000000000000000000 ) ) ;
#2348 = CIRCLE ( 'NONE', #2714, 75.00000000000000000 ) ;
#2349 = ORIENTED_EDGE ( 'NONE', *, *, #1006, .T. ) ;
#2350 = ORIENTED_EDGE ( 'NONE', *, *, #405, .F. ) ;
#2351 = FACE_OUTER_BOUND ( 'NONE', #3338, .T. ) ;
#2352 = EDGE_CURVE ( 'NONE', #1111, #151, #3081, .T. ) ;
#2353 = VERTEX_POINT ( 'NONE', #1230 ) ;
#2354 = CARTESIAN_POINT ( 'NONE',  ( -72.51319004192964712, 14.54981794712801424, -23.28633969224825506 ) ) ;
#2355 = DIRECTION ( 'NONE',  ( -0.1483161919909267989, -0.9889363528682975080, -0.002682753969466239018 ) ) ;
#2356 = FACE_OUTER_BOUND ( 'NONE', #2483, .T. ) ;
#2357 = CARTESIAN_POINT ( 'NONE',  ( -14.45781687672282168, 65.00000000000000000, -75.63049339492074807 ) ) ;
#2358 = ORIENTED_EDGE ( 'NONE', *, *, #2818, .T. ) ;
#2359 = CARTESIAN_POINT ( 'NONE',  ( -55.30011439841093335, 15.21500962731356665, 50.93709656541536646 ) ) ;
#2360 = DIRECTION ( 'NONE',  ( -0.000000000000000000, 1.000000000000000000, -0.000000000000000000 ) ) ;
#2361 = DIRECTION ( 'NONE',  ( 0.000000000000000000, 0.000000000000000000, 1.000000000000000000 ) ) ;
#2362 = EDGE_CURVE ( 'NONE', #198, #1965, #2029, .T. ) ;
#2363 = FACE_BOUND ( 'NONE', #1499, .T. ) ;
#2364 = EDGE_CURVE ( 'NONE', #2445, #168, #1365, .T. ) ;
#2365 = DIRECTION ( 'NONE',  ( 0.000000000000000000, 0.000000000000000000, 1.000000000000000000 ) ) ;
#2366 = ORIENTED_EDGE ( 'NONE', *, *, #2429, .T. ) ;
#2367 = CARTESIAN_POINT ( 'NONE',  ( -26.30814158103471456, 55.00000000000000000, -11.83925897328046517 ) ) ;
#2368 = ORIENTED_EDGE ( 'NONE', *, *, #1601, .T. ) ;
#2369 = B_SPLINE_CURVE_WITH_KNOTS ( 'NONE', 3,
 ( #3528, #1404, #2451, #716, #303, #373 ),
 .UNSPECIFIED., .F., .F.,
 ( 4, 2, 4 ),
 ( -8.944528320798750273E-06, 0.0009833539879797058205, 0.001975652504280210088 ),
 .UNSPECIFIED. ) ;
#2370 = ADVANCED_FACE ( 'NONE', ( #1251 ), #1664, .F. ) ;
#2371 = DIRECTION ( 'NONE',  ( -0.000000000000000000, 1.000000000000000000, -0.000000000000000000 ) ) ;
#2372 =( NAMED_UNIT ( * ) PLANE_ANGLE_UNIT ( ) SI_UNIT ( $, .RADIAN. ) );
#2373 = VERTEX_POINT ( 'NONE', #4023 ) ;
#2374 = DIRECTION ( 'NONE',  ( -0.01808511378030476513, 0.000000000000000000, 0.9998364509556316726 ) ) ;
#2375 = CARTESIAN_POINT ( 'NONE',  ( 0.000000000000000000, 15.00000000000000000, 0.000000000000000000 ) ) ;
#2376 = LINE ( 'NONE', #1288, #3923 ) ;
#2377 = DIRECTION ( 'NONE',  ( -3.137640575642016794E-18, -1.000000000000000000, 1.734646215464058014E-16 ) ) ;
#2378 = CIRCLE ( 'NONE', #3549, 75.00000000000001421 ) ;
#2379 = LINE ( 'NONE', #1772, #1802 ) ;
#2380 = DIRECTION ( 'NONE',  ( 0.000000000000000000, 0.000000000000000000, 1.000000000000000000 ) ) ;
#2381 = CIRCLE ( 'NONE', #1072, 1.250000000000001110 ) ;
#2382 = ORIENTED_EDGE ( 'NONE', *, *, #2889, .T. ) ;
#2383 = CARTESIAN_POINT ( 'NONE',  ( -56.51326379231445429, 13.77539654388659685, 49.35550281527528682 ) ) ;
#2384 = DIRECTION ( 'NONE',  ( -0.000000000000000000, -1.000000000000000000, -0.000000000000000000 ) ) ;
#2385 = AXIS2_PLACEMENT_3D ( 'NONE', #2704, #4044, #605 ) ;
#2386 = CARTESIAN_POINT ( 'NONE',  ( 71.83199688147749384, 65.00000000000000000, 9.939178439855682612 ) ) ;
#2387 = CARTESIAN_POINT ( 'NONE',  ( 21.54292370180468907, 15.00000000000000000, -74.56794821596612621 ) ) ;
#2388 =( BOUNDED_CURVE ( )  B_SPLINE_CURVE ( 3, ( #2537, #4019, #3551, #2918 ),
 .UNSPECIFIED., .F., .F. ) 
 B_SPLINE_CURVE_WITH_KNOTS ( ( 4, 4 ),
 ( 8.673617379883863895E-16, 0.4873002987982741896 ),
 .UNSPECIFIED. ) 
 CURVE ( )  GEOMETRIC_REPRESENTATION_ITEM ( )  RATIONAL_B_SPLINE_CURVE ( ( 1.000000000000000000, 0.9803092372214106121, 0.9803092372214106121, 1.000000000000000000 ) ) 
 REPRESENTATION_ITEM ( '' )  );
#2389 = AXIS2_PLACEMENT_3D ( 'NONE', #343, #2424, #4131 ) ;
#2390 = LINE ( 'NONE', #653, #2 ) ;
#2391 = CARTESIAN_POINT ( 'NONE',  ( -60.67814384465687283, 53.76682667892181655, 9.387866305613250972 ) ) ;
#2392 = ADVANCED_FACE ( 'NONE', ( #4096 ), #561, .F. ) ;
#2393 = CARTESIAN_POINT ( 'NONE',  ( 71.94254195987963385, 13.73876860129760047, -21.21493091412297716 ) ) ;
#2394 = AXIS2_PLACEMENT_3D ( 'NONE', #1212, #4011, #868 ) ;
#2395 = EDGE_LOOP ( 'NONE', ( #2844, #4168, #1234, #1630 ) ) ;
#2396 = CARTESIAN_POINT ( 'NONE',  ( 65.51830411593772396, 0.000000000000000000, 163.7536333971600584 ) ) ;
#2397 = EDGE_LOOP ( 'NONE', ( #4217, #366 ) ) ;
#2398 = CARTESIAN_POINT ( 'NONE',  ( 18.63952092313171605, 13.37849394507853162, -73.68675163288060048 ) ) ;
#2399 = EDGE_CURVE ( 'NONE', #3475, #2868, #2636, .T. ) ;
#2400 = FACE_OUTER_BOUND ( 'NONE', #2395, .T. ) ;
#2401 = EDGE_LOOP ( 'NONE', ( #4285, #3981, #4051, #3631 ) ) ;
#2402 = DIRECTION ( 'NONE',  ( -0.000000000000000000, 1.000000000000000000, -0.000000000000000000 ) ) ;
#2403 = CARTESIAN_POINT ( 'NONE',  ( 0.000000000000000000, 25.00000000000000000, 0.000000000000000000 ) ) ;
#2404 = FACE_OUTER_BOUND ( 'NONE', #3069, .T. ) ;
#2405 = AXIS2_PLACEMENT_3D ( 'NONE', #3101, #1360, #2756 ) ;
#2406 = ORIENTED_EDGE ( 'NONE', *, *, #1957, .F. ) ;
#2407 = DIRECTION ( 'NONE',  ( -0.000000000000000000, -1.000000000000000000, -0.000000000000000000 ) ) ;
#2408 = DIRECTION ( 'NONE',  ( -0.9998364509556316726, 0.000000000000000000, -0.01808511378030502534 ) ) ;
#2409 = AXIS2_PLACEMENT_3D ( 'NONE', #3410, #623, #987 ) ;
#2410 = CARTESIAN_POINT ( 'NONE',  ( 8.970000000000002416, 25.00000000000000000, 31.75000000000000711 ) ) ;
#2411 = CARTESIAN_POINT ( 'NONE',  ( -18.92999999999999616, 31.00000000000000000, 31.75000000000000711 ) ) ;
#2412 = ADVANCED_FACE ( 'NONE', ( #907 ), #4445, .F. ) ;
#2413 = AXIS2_PLACEMENT_3D ( 'NONE', #227, #1284, #4083 ) ;
#2414 = CARTESIAN_POINT ( 'NONE',  ( 8.970000000000002416, 25.00000000000000000, 31.75000000000000711 ) ) ;
#2415 = CARTESIAN_POINT ( 'NONE',  ( -57.14809071541106533, 55.00000000000000000, -12.50382851702418741 ) ) ;
#2416 = LINE ( 'NONE', #749, #3711 ) ;
#2417 = ORIENTED_EDGE ( 'NONE', *, *, #4408, .F. ) ;
#2418 = CARTESIAN_POINT ( 'NONE',  ( 102.1043423157937440, 0.000000000000000000, -127.0649717766482780 ) ) ;
#2419 = ORIENTED_EDGE ( 'NONE', *, *, #923, .T. ) ;
#2420 = CIRCLE ( 'NONE', #4336, 2.000000000000001776 ) ;
#2421 = CARTESIAN_POINT ( 'NONE',  ( -71.67889451572632709, 0.000000000000000000, 22.07115948479778211 ) ) ;
#2422 = EDGE_CURVE ( 'NONE', #3414, #2277, #693, .T. ) ;
#2423 = AXIS2_PLACEMENT_3D ( 'NONE', #2162, #2253, #3306 ) ;
#2424 = DIRECTION ( 'NONE',  ( -0.000000000000000000, -1.000000000000000000, 0.000000000000000000 ) ) ;
#2425 = ORIENTED_EDGE ( 'NONE', *, *, #4187, .T. ) ;
#2426 = EDGE_CURVE ( 'NONE', #1893, #3529, #4439, .T. ) ;
#2427 = CARTESIAN_POINT ( 'NONE',  ( -175.0362120255932723, -1.977872705736640535, 16.82410904033797294 ) ) ;
#2428 = DIRECTION ( 'NONE',  ( -0.000000000000000000, -1.000000000000000000, -0.000000000000000000 ) ) ;
#2429 = EDGE_CURVE ( 'NONE', #759, #964, #3840, .T. ) ;
#2430 = ADVANCED_FACE ( 'NONE', ( #3372 ), #977, .F. ) ;
#2431 = DIRECTION ( 'NONE',  ( 0.000000000000000000, 0.000000000000000000, 1.000000000000000000 ) ) ;
#2432 = VERTEX_POINT ( 'NONE', #1615 ) ;
#2433 = CARTESIAN_POINT ( 'NONE',  ( -54.66920960491976444, 13.25235129953025037, -53.36974697372281895 ) ) ;
#2434 = CARTESIAN_POINT ( 'NONE',  ( 53.73602283859737128, 15.00000000000000000, 52.83973415020467712 ) ) ;
#2435 = CARTESIAN_POINT ( 'NONE',  ( -70.83293787981678236, 13.82333008205885605, -24.65164561742051674 ) ) ;
#2436 = DIRECTION ( 'NONE',  ( 0.8568412092671010560, 0.000000000000000000, 0.5155803934418881074 ) ) ;
#2437 = CYLINDRICAL_SURFACE ( 'NONE', #966, 62.50000000000000000 ) ;
#2438 = DIRECTION ( 'NONE',  ( 0.000000000000000000, 1.000000000000000000, 0.000000000000000000 ) ) ;
#2439 = CARTESIAN_POINT ( 'NONE',  ( 0.000000000000000000, 25.00000000000000000, 0.000000000000000000 ) ) ;
#2440 = ORIENTED_EDGE ( 'NONE', *, *, #921, .T. ) ;
#2441 = LINE ( 'NONE', #2505, #2899 ) ;
#2442 = ORIENTED_EDGE ( 'NONE', *, *, #1282, .T. ) ;
#2443 = LINE ( 'NONE', #4239, #3885 ) ;
#2444 =( BOUNDED_SURFACE ( )  B_SPLINE_SURFACE ( 3, 2, ( 
 ( #2433, #694, #3505 ),
 ( #3988, #870, #4359 ),
 ( #454, #1834, #4289 ),
 ( #3943, #1142, #2239 ),
 ( #825, #2257, #801 ),
 ( #1874, #1528, #3660 ),
 ( #2976, #3290, #2883 ),
 ( #2950, #431, #3609 ),
 ( #3636, #2597, #2190 ),
 ( #1899, #3223, #80 ) ),
 .UNSPECIFIED., .F., .F., .F. ) 
 B_SPLINE_SURFACE_WITH_KNOTS ( ( 4, 2, 2, 2, 4 ),
 ( 3, 3 ),
 ( 1.570796326794896114, 1.886178818226033505, 2.201561309657170895, 2.516943801088308508, 2.832326292519446120 ),
 ( 0.000000000000000000, 0.6860329862470361251 ),
 .UNSPECIFIED. ) 
 GEOMETRIC_REPRESENTATION_ITEM ( )  RATIONAL_B_SPLINE_SURFACE ( (
 ( 1.000000000000000000, 0.7990655904459008640, 0.8738264469441689997),
 ( 1.000000000000000000, 0.8028488174606178696, 0.8762020639204894934),
 ( 1.000000000000000000, 0.8065843899717644039, 0.8785477570124540225),
 ( 1.000000000000000000, 0.8136162608979568001, 0.8829633080440399961),
 ( 1.000000000000000000, 0.8169111372011517158, 0.8850322729912389885),
 ( 1.000000000000000000, 0.8227695216766863773, 0.8887109519496396715),
 ( 1.000000000000000000, 0.8253326411501354931, 0.8903204218835814032),
 ( 1.000000000000000000, 0.8295123856662368622, 0.8929450256915227868),
 ( 1.000000000000000000, 0.8311301589548303337, 0.8939608805882206521),
 ( 1.000000000000000000, 0.8322064199149026287, 0.8946367014675262741) ) ) 
 REPRESENTATION_ITEM ( '' )  SURFACE ( )  );
#2445 = VERTEX_POINT ( 'NONE', #3323 ) ;
#2446 = CIRCLE ( 'NONE', #766, 62.50000000000000000 ) ;
#2447 = CARTESIAN_POINT ( 'NONE',  ( 0.000000000000000000, 45.00000000000000000, 0.000000000000000000 ) ) ;
#2448 = ORIENTED_EDGE ( 'NONE', *, *, #4197, .T. ) ;
#2449 = CARTESIAN_POINT ( 'NONE',  ( -53.80627561220695299, 15.00000000000000000, -55.94069330553570296 ) ) ;
#2450 = CARTESIAN_POINT ( 'NONE',  ( 24.16999999999999815, 31.00000000000000000, -19.04999999999999005 ) ) ;
#2451 = CARTESIAN_POINT ( 'NONE',  ( 56.43140390567366182, 14.26597694346632217, -49.40208579674389000 ) ) ;
#2452 = ADVANCED_FACE ( 'NONE', ( #538 ), #3394, .T. ) ;
#2453 = VERTEX_POINT ( 'NONE', #4048 ) ;
#2454 = CARTESIAN_POINT ( 'NONE',  ( -26.30814158103472167, 65.00000000000000000, -11.83925897328049537 ) ) ;
#2455 = EDGE_CURVE ( 'NONE', #835, #2453, #213, .T. ) ;
#2456 = CARTESIAN_POINT ( 'NONE',  ( -60.00003848536366746, 65.00000000000000000, -17.49986804964195031 ) ) ;
#2457 = DIRECTION ( 'NONE',  ( 0.000000000000000000, 0.000000000000000000, -1.000000000000000000 ) ) ;
#2458 = CARTESIAN_POINT ( 'NONE',  ( -71.34636928268555778, 15.00000000000000000, -23.12348568401103677 ) ) ;
#2459 = AXIS2_PLACEMENT_3D ( 'NONE', #3133, #3843, #3492 ) ;
#2460 = LINE ( 'NONE', #2481, #654 ) ;
#2461 = DIRECTION ( 'NONE',  ( -0.9998364509556315616, 0.000000000000000000, -0.01808511378031029196 ) ) ;
#2462 = ORIENTED_EDGE ( 'NONE', *, *, #4065, .F. ) ;
#2463 = DIRECTION ( 'NONE',  ( 0.000000000000000000, 1.000000000000000000, 0.000000000000000000 ) ) ;
#2464 = CIRCLE ( 'NONE', #2101, 2.000000000000001776 ) ;
#2465 = ORIENTED_EDGE ( 'NONE', *, *, #1345, .T. ) ;
#2466 = EDGE_LOOP ( 'NONE', ( #2615, #4560, #3956, #1521 ) ) ;
#2467 = DIRECTION ( 'NONE',  ( 0.5155803934418841106, -0.000000000000000000, -0.8568412092671033875 ) ) ;
#2468 = AXIS2_PLACEMENT_3D ( 'NONE', #1813, #1470, #3202 ) ;
#2469 = EDGE_LOOP ( 'NONE', ( #3603, #3957, #1050, #4136, #368 ) ) ;
#2470 = LINE ( 'NONE', #685, #3411 ) ;
#2471 = ADVANCED_FACE ( 'NONE', ( #4185 ), #2068, .T. ) ;
#2472 = VERTEX_POINT ( 'NONE', #3815 ) ;
#2473 = DIRECTION ( 'NONE',  ( -0.000000000000000000, -1.000000000000000000, -0.000000000000000000 ) ) ;
#2474 = CARTESIAN_POINT ( 'NONE',  ( -30.61945559756750157, 55.00000000000000000, 7.735579350582937330 ) ) ;
#2475 = EDGE_LOOP ( 'NONE', ( #3198, #836, #2060, #1104, #483 ) ) ;
#2476 = DIRECTION ( 'NONE',  ( -0.000000000000000000, -1.000000000000000000, -0.000000000000000000 ) ) ;
#2477 = FACE_OUTER_BOUND ( 'NONE', #4294, .T. ) ;
#2478 = CARTESIAN_POINT ( 'NONE',  ( 62.81391131247453075, 0.000000000000000000, 158.8674901783055589 ) ) ;
#2479 = VECTOR ( 'NONE', #3013, 1000.000000000000000 ) ;
#2480 = EDGE_CURVE ( 'NONE', #4352, #3628, #1211, .T. ) ;
#2481 = CARTESIAN_POINT ( 'NONE',  ( -21.54292370180525040, 15.00000000000000711, 74.56794821596589884 ) ) ;
#2482 = CYLINDRICAL_SURFACE ( 'NONE', #1231, 2.000000000000001776 ) ;
#2483 = EDGE_LOOP ( 'NONE', ( #750, #1129, #1191, #3538 ) ) ;
#2484 = DIRECTION ( 'NONE',  ( 0.000000000000000000, -1.000000000000000000, -0.000000000000000000 ) ) ;
#2485 = AXIS2_PLACEMENT_3D ( 'NONE', #4177, #3476, #2020 ) ;
#2486 = EDGE_LOOP ( 'NONE', ( #3110, #1012, #3601, #1183 ) ) ;
#2487 = CARTESIAN_POINT ( 'NONE',  ( 19.78331068723281305, 15.05989072971395615, -73.41812734520986794 ) ) ;
#2488 = AXIS2_PLACEMENT_3D ( 'NONE', #567, #3041, #3724 ) ;
#2489 = AXIS2_PLACEMENT_3D ( 'NONE', #3545, #3920, #2971 ) ;
#2490 = CARTESIAN_POINT ( 'NONE',  ( 71.74860502996516232, 13.55472054524721059, 23.53734403221588778 ) ) ;
#2491 = ORIENTED_EDGE ( 'NONE', *, *, #1540, .T. ) ;
#2492 = CARTESIAN_POINT ( 'NONE',  ( 72.72683701911367393, 13.26261699206408906, 23.29440999895586373 ) ) ;
#2493 = CIRCLE ( 'NONE', #744, 75.00000000000001421 ) ;
#2494 = CARTESIAN_POINT ( 'NONE',  ( -18.14085186011653406, 13.55526982450923512, 73.29910811604753462 ) ) ;
#2495 = CARTESIAN_POINT ( 'NONE',  ( 71.58489794490462543, 15.00000000000000000, 22.90309899229316670 ) ) ;
#2496 = ORIENTED_EDGE ( 'NONE', *, *, #354, .T. ) ;
#2497 = LINE ( 'NONE', #828, #3883 ) ;
#2498 = DIRECTION ( 'NONE',  ( 0.000000000000000000, 1.000000000000000000, 0.000000000000000000 ) ) ;
#2499 = CARTESIAN_POINT ( 'NONE',  ( 72.73889458330521052, 13.25900031440755811, 23.29440999895586728 ) ) ;
#2500 = DIRECTION ( 'NONE',  ( 0.000000000000000000, 1.000000000000000000, 0.000000000000000000 ) ) ;
#2501 = CARTESIAN_POINT ( 'NONE',  ( -60.16707682062082796, 52.11368724677785735, -16.35084097480485354 ) ) ;
#2502 = EDGE_CURVE ( 'NONE', #4155, #2545, #2820, .T. ) ;
#2503 = CARTESIAN_POINT ( 'NONE',  ( -53.80627561220696720, 15.00000000000000000, -55.94069330553572428 ) ) ;
#2504 = VERTEX_POINT ( 'NONE', #3103 ) ;
#2505 = CARTESIAN_POINT ( 'NONE',  ( 174.5739585419132140, 0.000000000000000000, 25.13630092130423321 ) ) ;
#2506 = ORIENTED_EDGE ( 'NONE', *, *, #2172, .F. ) ;
#2507 = EDGE_CURVE ( 'NONE', #4435, #1695, #1430, .T. ) ;
#2508 = CARTESIAN_POINT ( 'NONE',  ( 16.72526245304975490, 13.82249539609410682, -73.11132330820312575 ) ) ;
#2509 = VERTEX_POINT ( 'NONE', #697 ) ;
#2510 = LINE ( 'NONE', #455, #4176 ) ;
#2511 = CARTESIAN_POINT ( 'NONE',  ( -16.71060609059390600, 13.82388556941332247, 73.11473423431857555 ) ) ;
#2512 = DIRECTION ( 'NONE',  ( 0.000000000000000000, -0.000000000000000000, -1.000000000000000000 ) ) ;
#2513 = ORIENTED_EDGE ( 'NONE', *, *, #233, .T. ) ;
#2514 = DIRECTION ( 'NONE',  ( -0.5155803934418946577, 0.000000000000000000, 0.8568412092670970592 ) ) ;
#2515 = CARTESIAN_POINT ( 'NONE',  ( -161.0936646476267526, 0.000000000000000000, -24.89246839385718957 ) ) ;
#2517 = DIRECTION ( 'NONE',  ( 0.000000000000000000, 1.000000000000000000, 0.000000000000000000 ) ) ;
#2516 = CIRCLE ( 'NONE', #2591, 2.000000000000001776 ) ;
#2518 = CARTESIAN_POINT ( 'NONE',  ( -59.20541232807864418, 54.28370076940343125, -13.78256334152034768 ) ) ;
#2519 = DIRECTION ( 'NONE',  ( 0.8568412092670993907, 0.000000000000000000, 0.5155803934418909940 ) ) ;
#2520 = VERTEX_POINT ( 'NONE', #650 ) ;
#2521 = ORIENTED_EDGE ( 'NONE', *, *, #810, .F. ) ;
#2522 = DIRECTION ( 'NONE',  ( 0.000000000000000000, 1.000000000000000000, 0.000000000000000000 ) ) ;
#2523 = VECTOR ( 'NONE', #2326, 1000.000000000000114 ) ;
#2524 = ORIENTED_EDGE ( 'NONE', *, *, #1921, .T. ) ;
#2525 = EDGE_LOOP ( 'NONE', ( #315, #684, #415, #6 ) ) ;
#2526 = FACE_OUTER_BOUND ( 'NONE', #2144, .T. ) ;
#2527 = VECTOR ( 'NONE', #1903, 1000.000000000000000 ) ;
#2528 = CARTESIAN_POINT ( 'NONE',  ( 70.10956344360360504, 15.47819391444479642, 23.97617181688828580 ) ) ;
#2529 = VERTEX_POINT ( 'NONE', #3124 ) ;
#2530 = AXIS2_PLACEMENT_3D ( 'NONE', #1103, #458, #1858 ) ;
#2531 = EDGE_CURVE ( 'NONE', #2896, #1147, #3484, .T. ) ;
#2532 = DIRECTION ( 'NONE',  ( -0.000000000000000000, -1.000000000000000000, 0.000000000000000000 ) ) ;
#2533 = CYLINDRICAL_SURFACE ( 'NONE', #1609, 2.400000000000001243 ) ;
#2534 = FACE_BOUND ( 'NONE', #1458, .T. ) ;
#2535 = ORIENTED_EDGE ( 'NONE', *, *, #4140, .T. ) ;
#2536 = CARTESIAN_POINT ( 'NONE',  ( 56.25824038449524522, 13.55472054524720349, -50.36744262593701649 ) ) ;
#2537 = CARTESIAN_POINT ( 'NONE',  ( 53.80627561220651955, 15.00000000000000000, 55.94069330553612218 ) ) ;
#2538 = CARTESIAN_POINT ( 'NONE',  ( 0.000000000000000000, 15.00000000000000000, 0.000000000000000000 ) ) ;
#2539 = CARTESIAN_POINT ( 'NONE',  ( -18.92999999999999616, 31.00000000000000000, 28.25000000000000711 ) ) ;
#2540 = CARTESIAN_POINT ( 'NONE',  ( 0.000000000000000000, 65.00000000000000000, 0.000000000000000000 ) ) ;
#2541 = EDGE_CURVE ( 'NONE', #3946, #3325, #1020, .T. ) ;
#2542 = VERTEX_POINT ( 'NONE', #677 ) ;
#2543 = CARTESIAN_POINT ( 'NONE',  ( 56.64332585397779951, 65.00000000000000000, -10.33882685223548670 ) ) ;
#2544 = CIRCLE ( 'NONE', #2114, 75.00000000000001421 ) ;
#2545 = VERTEX_POINT ( 'NONE', #1387 ) ;
#2546 = DIRECTION ( 'NONE',  ( -0.9998364509556316726, 0.000000000000000000, -0.01808511378030502534 ) ) ;
#2547 = AXIS2_PLACEMENT_3D ( 'NONE', #1013, #2355, #2700 ) ;
#2548 = ORIENTED_EDGE ( 'NONE', *, *, #3178, .F. ) ;
#2549 = CARTESIAN_POINT ( 'NONE',  ( 72.34194129345894453, 13.37792493363026303, 23.32056250828021504 ) ) ;
#2550 = CIRCLE ( 'NONE', #593, 75.00000000000001421 ) ;
#2551 = ORIENTED_EDGE ( 'NONE', *, *, #3313, .F. ) ;
#2552 = CARTESIAN_POINT ( 'NONE',  ( 60.64575437986353279, 51.22509306094665504, -15.09174928523676051 ) ) ;
#2553 = ORIENTED_EDGE ( 'NONE', *, *, #1733, .T. ) ;
#2554 = CARTESIAN_POINT ( 'NONE',  ( 15.97477108401536583, 13.37792493363025237, 74.31024017335720089 ) ) ;
#2555 = ADVANCED_FACE ( 'NONE', ( #2783 ), #546, .T. ) ;
#2556 = EDGE_LOOP ( 'NONE', ( #4341, #2834, #3741 ) ) ;
#2557 =( BOUNDED_CURVE ( )  B_SPLINE_CURVE ( 3, ( #651, #2685, #287, #2664 ),
 .UNSPECIFIED., .F., .F. ) 
 B_SPLINE_CURVE_WITH_KNOTS ( ( 4, 4 ),
 ( 3.683277528967262793, 4.712388980384691450 ),
 .UNSPECIFIED. ) 
 CURVE ( )  GEOMETRIC_REPRESENTATION_ITEM ( )  RATIONAL_B_SPLINE_CURVE ( ( 1.000000000000000000, 0.9136743046485484854, 0.9136743046485484854, 1.000000000000000000 ) ) 
 REPRESENTATION_ITEM ( '' )  );
#2558 = CARTESIAN_POINT ( 'NONE',  ( 53.57040640766425099, 15.38958280064299444, 51.58632041312026217 ) ) ;
#2559 = EDGE_CURVE ( 'NONE', #3796, #1059, #1216, .T. ) ;
#2560 = ORIENTED_EDGE ( 'NONE', *, *, #1409, .F. ) ;
#2561 = AXIS2_PLACEMENT_3D ( 'NONE', #3552, #2919, #3575 ) ;
#2562 = CARTESIAN_POINT ( 'NONE',  ( 0.000000000000000000, 25.00000000000000000, 0.000000000000000000 ) ) ;
#2563 = EDGE_CURVE ( 'NONE', #741, #2753, #3847, .T. ) ;
#2564 = ADVANCED_FACE ( 'NONE', ( #643 ), #2697, .F. ) ;
#2565 = CARTESIAN_POINT ( 'NONE',  ( -17.17126945179826336, 65.00000000000000000, 75.06095859642175583 ) ) ;
#2566 = CARTESIAN_POINT ( 'NONE',  ( 0.000000000000000000, 45.00000000000000000, 0.000000000000000000 ) ) ;
#2567 = CARTESIAN_POINT ( 'NONE',  ( 74.62648367391068405, 15.00000000000000000, 21.32811664136199781 ) ) ;
#2568 = DIRECTION ( 'NONE',  ( 0.000000000000000000, 1.000000000000000000, 0.000000000000000000 ) ) ;
#2569 = DIRECTION ( 'NONE',  ( 0.000000000000000000, 1.000000000000000000, 0.000000000000000000 ) ) ;
#2570 = VERTEX_POINT ( 'NONE', #1998 ) ;
#2571 = ORIENTED_EDGE ( 'NONE', *, *, #1812, .T. ) ;
#2572 = LINE ( 'NONE', #3982, #4418 ) ;
#2573 = ORIENTED_EDGE ( 'NONE', *, *, #3289, .F. ) ;
#2574 = ORIENTED_EDGE ( 'NONE', *, *, #2429, .F. ) ;
#2575 = CARTESIAN_POINT ( 'NONE',  ( -67.26815676203365513, 0.000000000000000000, -162.7851212821321099 ) ) ;
#2576 = VERTEX_POINT ( 'NONE', #2333 ) ;
#2577 = CARTESIAN_POINT ( 'NONE',  ( -56.09336038585142603, 13.52057599331109650, 50.59948569942699237 ) ) ;
#2578 = CARTESIAN_POINT ( 'NONE',  ( 18.84255101065865290, 15.00000000000000000, 75.29248897739219615 ) ) ;
#2579 = CARTESIAN_POINT ( 'NONE',  ( -71.13217424416552603, 13.73824274875338780, -23.79110471263103932 ) ) ;
#2580 = EDGE_CURVE ( 'NONE', #916, #3980, #2376, .T. ) ;
#2581 = DIRECTION ( 'NONE',  ( 0.000000000000000000, 0.000000000000000000, -1.000000000000000000 ) ) ;
#2582 = AXIS2_PLACEMENT_3D ( 'NONE', #2386, #3462, #2758 ) ;
#2583 = VERTEX_POINT ( 'NONE', #4041 ) ;
#2584 = EDGE_CURVE ( 'NONE', #2281, #3674, #1252, .T. ) ;
#2585 = DIRECTION ( 'NONE',  ( 0.000000000000000000, -1.000000000000000000, 0.000000000000000000 ) ) ;
#2586 = DIRECTION ( 'NONE',  ( 0.000000000000000000, 0.000000000000000000, 1.000000000000000000 ) ) ;
#2587 = VERTEX_POINT ( 'NONE', #3387 ) ;
#2588 = CARTESIAN_POINT ( 'NONE',  ( -30.35722144775308351, 65.00000000000000000, -6.762049188273723921 ) ) ;
#2589 = ORIENTED_EDGE ( 'NONE', *, *, #1647, .T. ) ;
#2590 = DIRECTION ( 'NONE',  ( -0.000000000000000000, -1.000000000000000000, 0.000000000000000000 ) ) ;
#2591 = AXIS2_PLACEMENT_3D ( 'NONE', #15, #3830, #4134 ) ;
#2592 = ORIENTED_EDGE ( 'NONE', *, *, #2287, .F. ) ;
#2593 = DIRECTION ( 'NONE',  ( -0.1483641837633012661, -0.9889327929522053751, 0.000000000000000000 ) ) ;
#2594 = ORIENTED_EDGE ( 'NONE', *, *, #4403, .F. ) ;
#2595 = VECTOR ( 'NONE', #492, 1000.000000000000114 ) ;
#2596 = ORIENTED_EDGE ( 'NONE', *, *, #2328, .T. ) ;
#2597 = CARTESIAN_POINT ( 'NONE',  ( -54.77818710251430190, 14.88749537471632678, -51.23371227519218252 ) ) ;
#2598 = AXIS2_PLACEMENT_3D ( 'NONE', #3463, #4210, #4231 ) ;
#2599 = VERTEX_POINT ( 'NONE', #3053 ) ;
#2600 = CARTESIAN_POINT ( 'NONE',  ( 73.14687834568802316, 15.11316379282982325, -19.62568119892613439 ) ) ;
#2601 = EDGE_CURVE ( 'NONE', #3154, #2886, #3756, .T. ) ;
#2602 = DIRECTION ( 'NONE',  ( -0.000000000000000000, -1.000000000000000000, 0.000000000000000000 ) ) ;
#2603 = CIRCLE ( 'NONE', #3060, 75.00000000000001421 ) ;
#2604 = FACE_OUTER_BOUND ( 'NONE', #827, .T. ) ;
#2605 = CARTESIAN_POINT ( 'NONE',  ( -74.29368106236820779, 13.02212729426340054, -23.32242403533427577 ) ) ;
#2606 = DIRECTION ( 'NONE',  ( -0.07183476290580266543, -0.9889363528682976190, -0.1297869670414454335 ) ) ;
#2607 = EDGE_LOOP ( 'NONE', ( #1255, #2839, #4313, #276, #612 ) ) ;
#2608 = DIRECTION ( 'NONE',  ( -0.000000000000000000, 1.000000000000000000, -0.000000000000000000 ) ) ;
#2609 =( BOUNDED_CURVE ( )  B_SPLINE_CURVE ( 3, ( #4189, #356, #2478, #465 ),
 .UNSPECIFIED., .F., .F. ) 
 B_SPLINE_CURVE_WITH_KNOTS ( ( 4, 4 ),
 ( 3.141592653589793560, 4.712388980384687898 ),
 .UNSPECIFIED. ) 
 CURVE ( )  GEOMETRIC_REPRESENTATION_ITEM ( )  RATIONAL_B_SPLINE_CURVE ( ( 1.000000000000000000, 0.8047378541243654926, 0.8047378541243654926, 1.000000000000000000 ) ) 
 REPRESENTATION_ITEM ( '' )  );
#2610 = LINE ( 'NONE', #1614, #2479 ) ;
#2611 = CYLINDRICAL_SURFACE ( 'NONE', #3315, 2.000000000000001776 ) ;
#2612 = EDGE_CURVE ( 'NONE', #2599, #1770, #577, .T. ) ;
#2613 = DIRECTION ( 'NONE',  ( -0.000000000000000000, -1.000000000000000000, 0.000000000000000000 ) ) ;
#2614 = EDGE_CURVE ( 'NONE', #4076, #1848, #2293, .T. ) ;
#2615 = ORIENTED_EDGE ( 'NONE', *, *, #4474, .F. ) ;
#2616 = VERTEX_POINT ( 'NONE', #2723 ) ;
#2617 = CARTESIAN_POINT ( 'NONE',  ( -54.34394009110275192, 13.73876860129759336, -51.69660349302152724 ) ) ;
#2618 = ADVANCED_FACE ( 'NONE', ( #1632 ), #3028, .F. ) ;
#2619 = CARTESIAN_POINT ( 'NONE',  ( -18.88491761362038091, 14.50088499283581989, 73.99319733072643146 ) ) ;
#2620 = ORIENTED_EDGE ( 'NONE', *, *, #118, .T. ) ;
#2621 = AXIS2_PLACEMENT_3D ( 'NONE', #3882, #4295, #4321 ) ;
#2622 = CARTESIAN_POINT ( 'NONE',  ( 23.13402867837321963, 50.00000000000000000, -10.59449560102741472 ) ) ;
#2623 = ORIENTED_EDGE ( 'NONE', *, *, #2086, .F. ) ;
#2624 = CARTESIAN_POINT ( 'NONE',  ( 59.66512016866906265, 54.28370101095925548, -11.63242426003942143 ) ) ;
#2625 = VECTOR ( 'NONE', #2263, 1000.000000000000000 ) ;
#2626 = ORIENTED_EDGE ( 'NONE', *, *, #472, .T. ) ;
#2627 = CARTESIAN_POINT ( 'NONE',  ( 23.13402867837321963, 65.00000000000000000, -8.194495601027412590 ) ) ;
#2628 = CARTESIAN_POINT ( 'NONE',  ( 0.000000000000000000, 15.00000000000000000, 0.000000000000000000 ) ) ;
#2629 = AXIS2_PLACEMENT_3D ( 'NONE', #1652, #4480, #3047 ) ;
#2630 = CARTESIAN_POINT ( 'NONE',  ( -18.92999999999999616, 25.00000000000000000, 31.75000000000000711 ) ) ;
#2631 = AXIS2_PLACEMENT_3D ( 'NONE', #655, #700, #1024 ) ;
#2632 = CARTESIAN_POINT ( 'NONE',  ( -17.02102296993784236, 13.78969526715976457, 73.06095859642175583 ) ) ;
#2633 = DIRECTION ( 'NONE',  ( -0.000000000000000000, 1.000000000000000000, -0.000000000000000000 ) ) ;
#2634 = CARTESIAN_POINT ( 'NONE',  ( 24.16999999999999815, 25.00000000000000000, -20.29999999999999005 ) ) ;
#2635 = FACE_OUTER_BOUND ( 'NONE', #2812, .T. ) ;
#2636 = LINE ( 'NONE', #2300, #2078 ) ;
#2637 = ORIENTED_EDGE ( 'NONE', *, *, #497, .T. ) ;
#2638 = VECTOR ( 'NONE', #3235, 1000.000000000000000 ) ;
#2639 = VERTEX_POINT ( 'NONE', #4132 ) ;
#2640 = CARTESIAN_POINT ( 'NONE',  ( -16.09003328632561391, 14.54981794712828957, -74.44143453188289072 ) ) ;
#2641 = EDGE_CURVE ( 'NONE', #717, #3154, #4180, .T. ) ;
#2642 = VERTEX_POINT ( 'NONE', #2022 ) ;
#2643 = ORIENTED_EDGE ( 'NONE', *, *, #2269, .T. ) ;
#2644 = CARTESIAN_POINT ( 'NONE',  ( 55.62711452516825261, 15.00000000000000000, -50.54279065145686900 ) ) ;
#2645 = ORIENTED_EDGE ( 'NONE', *, *, #2196, .F. ) ;
#2646 = CARTESIAN_POINT ( 'NONE',  ( -16.57673925864822095, 15.49475399352869331, 72.21798723631559369 ) ) ;
#2647 = ORIENTED_EDGE ( 'NONE', *, *, #1709, .T. ) ;
#2648 = CARTESIAN_POINT ( 'NONE',  ( 72.73207567030519272, 14.50115431522234921, 23.27531746292545023 ) ) ;
#2649 = ORIENTED_EDGE ( 'NONE', *, *, #2992, .F. ) ;
#2650 = EDGE_CURVE ( 'NONE', #1182, #973, #184, .T. ) ;
#2651 = CARTESIAN_POINT ( 'NONE',  ( 0.000000000000000000, 51.00000000000000711, 0.000000000000000000 ) ) ;
#2652 = ORIENTED_EDGE ( 'NONE', *, *, #2092, .T. ) ;
#2653 = PLANE ( 'NONE',  #4307 ) ;
#2654 = ORIENTED_EDGE ( 'NONE', *, *, #509, .T. ) ;
#2655 = DIRECTION ( 'NONE',  ( 0.000000000000000000, -0.000000000000000000, 1.000000000000000000 ) ) ;
#2656 = CARTESIAN_POINT ( 'NONE',  ( -73.04576584303673314, 15.00709905046796599, -22.22134697635046408 ) ) ;
#2657 = PLANE ( 'NONE',  #369 ) ;
#2658 = PRODUCT_DEFINITION_CONTEXT ( 'detailed design', #2835, 'design' ) ;
#2659 = CARTESIAN_POINT ( 'NONE',  ( -30.61945559756750157, 65.00000000000000000, 5.335579350582936087 ) ) ;
#2660 = CARTESIAN_POINT ( 'NONE',  ( 0.000000000000000000, 15.00000000000000000, 0.000000000000000000 ) ) ;
#2661 = CARTESIAN_POINT ( 'NONE',  ( 0.000000000000000000, 15.00000000000000000, 0.000000000000000000 ) ) ;
#2662 = CARTESIAN_POINT ( 'NONE',  ( -58.18135839855504798, 54.84908866330765420, -12.92454862907306179 ) ) ;
#2663 = CARTESIAN_POINT ( 'NONE',  ( -74.98773382167237855, 15.00000000000000000, -1.356383533523272789 ) ) ;
#2664 = CARTESIAN_POINT ( 'NONE',  ( -18.88495187033246125, 13.25235129953025748, 74.02979780953796762 ) ) ;
#2665 = EDGE_CURVE ( 'NONE', #2324, #3559, #4527, .T. ) ;
#2666 = EDGE_LOOP ( 'NONE', ( #1622, #3493, #1878, #1325, #2025 ) ) ;
#2667 = CARTESIAN_POINT ( 'NONE',  ( 55.60291288835095003, 15.00000000000000178, -50.86317476478685506 ) ) ;
#2668 = CARTESIAN_POINT ( 'NONE',  ( 53.85507452722760036, 15.00000000000000000, 52.19799754460665753 ) ) ;
#2669 = CARTESIAN_POINT ( 'NONE',  ( 58.87173847728419673, 54.80324163713978436, 10.19684784544462097 ) ) ;
#2670 = EDGE_LOOP ( 'NONE', ( #2551, #3001, #1321, #1996 ) ) ;
#2671 = CARTESIAN_POINT ( 'NONE',  ( 18.88495187033194966, 0.000000000000000000, -74.02979780953812394 ) ) ;
#2672 = ORIENTED_EDGE ( 'NONE', *, *, #1069, .F. ) ;
#2673 = CARTESIAN_POINT ( 'NONE',  ( 72.76300724667429165, 0.000000000000000000, 23.29473709704460660 ) ) ;
#2674 = CARTESIAN_POINT ( 'NONE',  ( -18.92999999999999616, 31.00000000000000000, 35.25000000000000000 ) ) ;
#2675 = VECTOR ( 'NONE', #1932, 1000.000000000000114 ) ;
#2676 = EDGE_CURVE ( 'NONE', #1118, #459, #3048, .T. ) ;
#2677 = CARTESIAN_POINT ( 'NONE',  ( 58.98932233183256102, 0.000000000000000000, 151.9574401705042703 ) ) ;
#2678 = CIRCLE ( 'NONE', #2317, 4.000000000000000000 ) ;
#2679 = FACE_OUTER_BOUND ( 'NONE', #1437, .T. ) ;
#2680 = FACE_OUTER_BOUND ( 'NONE', #2238, .T. ) ;
#2681 = CARTESIAN_POINT ( 'NONE',  ( 9.184850993605150311E-15, 65.00000000000000000, 75.00000000000001421 ) ) ;
#2682 = CIRCLE ( 'NONE', #2031, 2.000000000000001776 ) ;
#2683 = DIRECTION ( 'NONE',  ( 0.000000000000000000, -1.000000000000000000, 0.000000000000000000 ) ) ;
#2684 = DIRECTION ( 'NONE',  ( 0.5155803934418946577, 0.000000000000000000, -0.8568412092670970592 ) ) ;
#2685 = CARTESIAN_POINT ( 'NONE',  ( -17.88946578537039755, 13.65536964062101077, 73.06095859642175583 ) ) ;
#2686 = ORIENTED_EDGE ( 'NONE', *, *, #3090, .F. ) ;
#2687 = DIRECTION ( 'NONE',  ( 0.000000000000000000, 0.000000000000000000, 1.000000000000000000 ) ) ;
#2688 = ADVANCED_FACE ( 'NONE', ( #2356 ), #4043, .F. ) ;
#2689 = ORIENTED_EDGE ( 'NONE', *, *, #3275, .T. ) ;
#2690 = LINE ( 'NONE', #2766, #707 ) ;
#2691 = CARTESIAN_POINT ( 'NONE',  ( 60.86582068031756165, 51.56033611949587936, 14.03162053666649633 ) ) ;
#2692 = PRODUCT_RELATED_PRODUCT_CATEGORY ( 'part', '', ( #537 ) ) ;
#2693 = VERTEX_POINT ( 'NONE', #1562 ) ;
#2694 = CARTESIAN_POINT ( 'NONE',  ( -55.62711452516862209, 15.00000000000000000, 50.54279065145649952 ) ) ;
#2695 = ORIENTED_EDGE ( 'NONE', *, *, #3436, .T. ) ;
#2696 =( LENGTH_UNIT ( ) NAMED_UNIT ( * ) SI_UNIT ( .MILLI., .METRE. ) );
#2697 = CYLINDRICAL_SURFACE ( 'NONE', #3328, 2.400000000000000355 ) ;
#2698 = VECTOR ( 'NONE', #2360, 1000.000000000000000 ) ;
#2699 = EDGE_CURVE ( 'NONE', #3396, #1208, #604, .T. ) ;
#2700 = DIRECTION ( 'NONE',  ( 0.9889399116584693950, -0.1483167257221470470, 0.000000000000000000 ) ) ;
#2701 = CARTESIAN_POINT ( 'NONE',  ( 56.95289755861418257, 65.00000000000000000, 9.670044219008614661 ) ) ;
#2702 = CIRCLE ( 'NONE', #1247, 75.00000000000002842 ) ;
#2703 = EDGE_CURVE ( 'NONE', #1965, #1113, #3319, .T. ) ;
#2704 = CARTESIAN_POINT ( 'NONE',  ( 72.94800018782348161, -1.977872705736767545, -159.9978607165334381 ) ) ;
#2705 = ORIENTED_EDGE ( 'NONE', *, *, #2480, .F. ) ;
#2706 = AXIS2_PLACEMENT_3D ( 'NONE', #2208, #3605, #3244 ) ;
#2707 = CARTESIAN_POINT ( 'NONE',  ( -56.25824038449572839, 13.55472054524682157, 50.36744262593517618 ) ) ;
#2708 = ADVANCED_FACE ( 'NONE', ( #533 ), #925, .T. ) ;
#2709 = DIRECTION ( 'NONE',  ( -0.8660254037844362651, 0.000000000000000000, 0.5000000000000039968 ) ) ;
#2710 = CARTESIAN_POINT ( 'NONE',  ( 15.20379219503528745, 13.66834879762969024, 73.63049339492084755 ) ) ;
#2711 = CARTESIAN_POINT ( 'NONE',  ( -17.27863193369123351, 15.00709905046796599, -74.37016234713446750 ) ) ;
#2712 = ORIENTED_EDGE ( 'NONE', *, *, #4027, .T. ) ;
#2713 = LINE ( 'NONE', #3327, #4255 ) ;
#2714 = AXIS2_PLACEMENT_3D ( 'NONE', #2538, #3952, #3255 ) ;
#2715 = VERTEX_POINT ( 'NONE', #1222 ) ;
#2716 = CARTESIAN_POINT ( 'NONE',  ( 24.16999999999999815, 31.00000000000000000, -19.04999999999999005 ) ) ;
#2717 = DIRECTION ( 'NONE',  ( -0.9887746132728446602, -0.1483404529302446151, -0.01788502646310825145 ) ) ;
#2718 = ORIENTED_EDGE ( 'NONE', *, *, #923, .F. ) ;
#2719 = CARTESIAN_POINT ( 'NONE',  ( 17.95752216891189690, 13.25176592379590268, 73.69346916486588839 ) ) ;
#2720 = B_SPLINE_CURVE_WITH_KNOTS ( 'NONE', 3,
 ( #1725, #3139, #1403, #1209, #866, #1102 ),
 .UNSPECIFIED., .F., .F.,
 ( 4, 2, 4 ),
 ( 6.938893903907228378E-18, 0.0009638903881097665629, 0.001927780776219526187 ),
 .UNSPECIFIED. ) ;
#2721 = ORIENTED_EDGE ( 'NONE', *, *, #2507, .T. ) ;
#2722 = CARTESIAN_POINT ( 'NONE',  ( -53.85507452722801247, 15.00000000000000000, -52.19799754460623120 ) ) ;
#2723 = CARTESIAN_POINT ( 'NONE',  ( 70.83782826537046162, 0.000000000000000000, 24.63741233664532970 ) ) ;
#2724 = DIRECTION ( 'NONE',  ( 0.9887746132728451043, 0.1483404529302434216, 0.01788502646311052741 ) ) ;
#2725 = CARTESIAN_POINT ( 'NONE',  ( 56.88055710349296135, 65.00000000000000000, 13.66939002283115023 ) ) ;
#2726 = CARTESIAN_POINT ( 'NONE',  ( -18.88495187033246125, 15.00000000000000000, 74.02979780953796762 ) ) ;
#2727 = ORIENTED_EDGE ( 'NONE', *, *, #2426, .T. ) ;
#2728 = EDGE_CURVE ( 'NONE', #2445, #565, #2318, .T. ) ;
#2729 = FACE_OUTER_BOUND ( 'NONE', #84, .T. ) ;
#2730 = LINE ( 'NONE', #4208, #2046 ) ;
#2731 = EDGE_CURVE ( 'NONE', #3329, #2972, #1436, .T. ) ;
#2732 = CARTESIAN_POINT ( 'NONE',  ( -70.99975115074033738, 13.77539654388661994, -24.26417068727761617 ) ) ;
#2733 = CARTESIAN_POINT ( 'NONE',  ( -16.29495147479197570, 14.45336097005394649, -74.81967735023543753 ) ) ;
#2734 = CARTESIAN_POINT ( 'NONE',  ( -108.3458239266187633, 0.000000000000000000, 139.0444532587710000 ) ) ;
#2735 = CARTESIAN_POINT ( 'NONE',  ( 175.0362120255937555, -1.977872705736708925, -16.82410904033793031 ) ) ;
#2736 = VECTOR ( 'NONE', #114, 1000.000000000000114 ) ;
#2737 = PLANE ( 'NONE',  #1151 ) ;
#2738 = ORIENTED_EDGE ( 'NONE', *, *, #4368, .F. ) ;
#2739 =( BOUNDED_CURVE ( )  B_SPLINE_CURVE ( 3, ( #46, #2222, #858, #2567 ),
 .UNSPECIFIED., .F., .F. ) 
 B_SPLINE_CURVE_WITH_KNOTS ( ( 4, 4 ),
 ( 2.654924803260359401, 3.141592653589775352 ),
 .UNSPECIFIED. ) 
 CURVE ( )  GEOMETRIC_REPRESENTATION_ITEM ( )  RATIONAL_B_SPLINE_CURVE ( ( 1.000000000000000000, 0.9803600635457785373, 0.9803600635457785373, 1.000000000000000000 ) ) 
 REPRESENTATION_ITEM ( '' )  );
#2740 = DIRECTION ( 'NONE',  ( 0.000000000000000000, 0.000000000000000000, 1.000000000000000000 ) ) ;
#2741 = CIRCLE ( 'NONE', #1930, 2.000000000000001776 ) ;
#2742 = ORIENTED_EDGE ( 'NONE', *, *, #2219, .T. ) ;
#2743 = DIRECTION ( 'NONE',  ( -0.5098761939008231714, 0.1483404529302446428, 0.8473614204798681770 ) ) ;
#2744 = CARTESIAN_POINT ( 'NONE',  ( -71.67889451572634130, 13.82249539609410682, 22.07115948479778567 ) ) ;
#2745 = EDGE_LOOP ( 'NONE', ( #3438, #1676, #2840, #3604, #2245 ) ) ;
#2746 = ORIENTED_EDGE ( 'NONE', *, *, #2507, .F. ) ;
#2747 = FACE_OUTER_BOUND ( 'NONE', #3948, .T. ) ;
#2748 = EDGE_CURVE ( 'NONE', #1815, #3909, #2282, .T. ) ;
#2749 = FACE_BOUND ( 'NONE', #218, .T. ) ;
#2750 = CYLINDRICAL_SURFACE ( 'NONE', #4230, 2.400000000000001243 ) ;
#2751 = VECTOR ( 'NONE', #2717, 1000.000000000000227 ) ;
#2752 = AXIS2_PLACEMENT_3D ( 'NONE', #411, #3566, #58 ) ;
#2753 = VERTEX_POINT ( 'NONE', #4465 ) ;
#2754 = CARTESIAN_POINT ( 'NONE',  ( -55.64337023726290710, 15.45328883575856338, 49.01387496347980743 ) ) ;
#2755 = B_SPLINE_CURVE_WITH_KNOTS ( 'NONE', 3,
 ( #3826, #985, #11, #1744, #367, #2722 ),
 .UNSPECIFIED., .F., .F.,
 ( 4, 2, 4 ),
 ( 0.000000000000000000, 0.0009600810763620298708, 0.001920162152724059742 ),
 .UNSPECIFIED. ) ;
#2756 = DIRECTION ( 'NONE',  ( 0.000000000000000000, 0.000000000000000000, -1.000000000000000000 ) ) ;
#2757 = AXIS2_PLACEMENT_3D ( 'NONE', #1861, #65, #1150 ) ;
#2758 = DIRECTION ( 'NONE',  ( 0.9998364509556316726, 0.000000000000000000, 0.01808511378030502534 ) ) ;
#2759 = CARTESIAN_POINT ( 'NONE',  ( 175.0723822531536200, -1.977872705736598347, -18.82378194224923718 ) ) ;
#2760 = VECTOR ( 'NONE', #1461, 1000.000000000000000 ) ;
#2761 = CARTESIAN_POINT ( 'NONE',  ( 72.05056996334323571, 14.84782821750936321, -20.82797360552511279 ) ) ;
#2762 = CARTESIAN_POINT ( 'NONE',  ( 75.34924783977145069, 15.00000000000000178, -18.63083219917968592 ) ) ;
#2763 = EDGE_CURVE ( 'NONE', #1415, #3632, #3759, .T. ) ;
#2764 = DIRECTION ( 'NONE',  ( 0.000000000000000000, 0.000000000000000000, -1.000000000000000000 ) ) ;
#2765 = EDGE_LOOP ( 'NONE', ( #2905, #3221 ) ) ;
#2766 = CARTESIAN_POINT ( 'NONE',  ( -71.29928486044646263, 0.000000000000000000, -23.26826118103612728 ) ) ;
#2767 = EDGE_CURVE ( 'NONE', #3351, #2252, #4115, .T. ) ;
#2768 = ORIENTED_EDGE ( 'NONE', *, *, #3521, .F. ) ;
#2769 = PLANE ( 'NONE',  #4111 ) ;
#2770 = EDGE_CURVE ( 'NONE', #1973, #247, #3689, .T. ) ;
#2771 = ADVANCED_FACE ( 'NONE', ( #1635 ), #3664, .T. ) ;
#2772 =( BOUNDED_CURVE ( )  B_SPLINE_CURVE ( 3, ( #620, #2016, #3404, #1719 ),
 .UNSPECIFIED., .F., .F. ) 
 B_SPLINE_CURVE_WITH_KNOTS ( ( 4, 4 ),
 ( 4.712388980384689674, 6.283185307179586232 ),
 .UNSPECIFIED. ) 
 CURVE ( )  GEOMETRIC_REPRESENTATION_ITEM ( )  RATIONAL_B_SPLINE_CURVE ( ( 1.000000000000000000, 0.8047378541243649375, 0.8047378541243649375, 1.000000000000000000 ) ) 
 REPRESENTATION_ITEM ( '' )  );
#2773 = CARTESIAN_POINT ( 'NONE',  ( -18.89254068399487352, 15.00000000000000000, 72.95662795166838066 ) ) ;
#2774 = ORIENTED_EDGE ( 'NONE', *, *, #2142, .T. ) ;
#2775 = FACE_OUTER_BOUND ( 'NONE', #626, .T. ) ;
#2776 = DIRECTION ( 'NONE',  ( 0.000000000000000000, 0.000000000000000000, -1.000000000000000000 ) ) ;
#2777 = CARTESIAN_POINT ( 'NONE',  ( -75.34919931401169890, 15.00000000000000000, 18.62725491042954218 ) ) ;
#2778 = CIRCLE ( 'NONE', #132, 3.499999999999999556 ) ;
#2779 = ORIENTED_EDGE ( 'NONE', *, *, #2131, .T. ) ;
#2780 = CARTESIAN_POINT ( 'NONE',  ( 8.970000000000002416, 31.00000000000000000, 35.25000000000000000 ) ) ;
#2781 = CARTESIAN_POINT ( 'NONE',  ( 14.20615707987455245, 13.81016052520481985, 73.64238592672280959 ) ) ;
#2782 = CIRCLE ( 'NONE', #805, 2.400000000000001243 ) ;
#2783 = FACE_OUTER_BOUND ( 'NONE', #785, .T. ) ;
#2784 = CARTESIAN_POINT ( 'NONE',  ( 73.59033170281239222, 65.00000000000000000, -22.65972373772572723 ) ) ;
#2785 = AXIS2_PLACEMENT_3D ( 'NONE', #502, #2532, #527 ) ;
#2786 = CARTESIAN_POINT ( 'NONE',  ( -18.92999999999999616, 25.00000000000000000, 33.00000000000000711 ) ) ;
#2787 = CARTESIAN_POINT ( 'NONE',  ( -59.20198973565086220, 54.80324170969421971, 8.061121626414726293 ) ) ;
#2788 = CARTESIAN_POINT ( 'NONE',  ( -71.29928486044646263, 15.00000000000000000, -23.26826118103612728 ) ) ;
#2789 = VERTEX_POINT ( 'NONE', #1246 ) ;
#2790 = DIRECTION ( 'NONE',  ( 0.000000000000000000, 0.000000000000000000, 1.000000000000000000 ) ) ;
#2791 = EDGE_CURVE ( 'NONE', #4117, #3496, #2298, .T. ) ;
#2792 = ORIENTED_EDGE ( 'NONE', *, *, #2889, .F. ) ;
#2793 = CARTESIAN_POINT ( 'NONE',  ( 17.54653893617726723, 13.70216449216853682, -73.08526125730273293 ) ) ;
#2794 = CARTESIAN_POINT ( 'NONE',  ( -19.93137397501696739, 15.00000000000000000, 73.70608857103587752 ) ) ;
#2795 = ORIENTED_EDGE ( 'NONE', *, *, #3090, .T. ) ;
#2796 = CARTESIAN_POINT ( 'NONE',  ( -24.13000000000000256, 31.00000000000000000, -22.35999999999999233 ) ) ;
#2797 = CYLINDRICAL_SURFACE ( 'NONE', #1581, 2.000000000000001776 ) ;
#2798 = CARTESIAN_POINT ( 'NONE',  ( -18.92999999999999616, 25.00000000000000000, 31.75000000000000711 ) ) ;
#2799 = ORIENTED_EDGE ( 'NONE', *, *, #1557, .T. ) ;
#2800 = CARTESIAN_POINT ( 'NONE',  ( -56.58714521822747656, 14.88768880342682621, 49.22842895907175631 ) ) ;
#2801 = CARTESIAN_POINT ( 'NONE',  ( -24.13000000000000256, 25.00000000000000000, -17.60999999999998877 ) ) ;
#2802 = CARTESIAN_POINT ( 'NONE',  ( 0.000000000000000000, 65.00000000000000000, 73.00000000000001421 ) ) ;
#2803 = CARTESIAN_POINT ( 'NONE',  ( -64.43596851727879482, 0.000000000000000000, 149.7308692303508053 ) ) ;
#2804 = CARTESIAN_POINT ( 'NONE',  ( -61.28114551059837112, 51.11182587696455215, 12.28350784498185000 ) ) ;
#2805 = DIRECTION ( 'NONE',  ( 0.01808511378031029543, 0.000000000000000000, -0.9998364509556316726 ) ) ;
#2806 = ADVANCED_FACE ( 'NONE', ( #2679 ), #2797, .F. ) ;
#2807 = EDGE_LOOP ( 'NONE', ( #1070, #1531, #3266, #1489, #1596, #4125, #3805, #2967, #1174, #426, #3087, #1897, #236, #51, #1276, #4227, #3613, #2102, #3873, #3725, #3543, #2975, #1525, #4028, #4265, #2876, #125, #1225, #1073, #3848, #3902, #3227, #86, #4238, #3682, #1349, #1668, #1259, #2207, #3282, #1541, #1859, #1780, #438, #1684, #2224, #3406, #386, #1526, #1876, #4404, #657, #403, #4355 ) ) ;
#2808 = DIRECTION ( 'NONE',  ( -0.000000000000000000, -1.000000000000000000, -0.000000000000000000 ) ) ;
#2809 = VERTEX_POINT ( 'NONE', #3878 ) ;
#2810 = DIRECTION ( 'NONE',  ( 0.000000000000000000, 0.000000000000000000, 1.000000000000000000 ) ) ;
#2811 = EDGE_CURVE ( 'NONE', #2007, #1545, #2516, .T. ) ;
#2812 = EDGE_LOOP ( 'NONE', ( #3162, #1637 ) ) ;
#2813 = AXIS2_PLACEMENT_3D ( 'NONE', #3347, #4470, #2272 ) ;
#2814 = DIRECTION ( 'NONE',  ( 0.000000000000000000, 1.000000000000000000, 0.000000000000000000 ) ) ;
#2815 = ORIENTED_EDGE ( 'NONE', *, *, #1935, .T. ) ;
#2816 = CARTESIAN_POINT ( 'NONE',  ( 16.10583139000265263, 13.31485535627771455, 74.47798592927902916 ) ) ;
#2817 = CARTESIAN_POINT ( 'NONE',  ( 56.75553909973174882, 13.82194042948881041, -49.02865265840804909 ) ) ;
#2818 = EDGE_CURVE ( 'NONE', #1262, #1815, #3102, .T. ) ;
#2819 = CARTESIAN_POINT ( 'NONE',  ( -14.08491502705286358, 45.00000000000000000, -73.66556297674445375 ) ) ;
#2820 = CIRCLE ( 'NONE', #552, 3.499999999999996003 ) ;
#2821 = EDGE_CURVE ( 'NONE', #2252, #3539, #4534, .T. ) ;
#2822 = ORIENTED_EDGE ( 'NONE', *, *, #1812, .F. ) ;
#2823 = LINE ( 'NONE', #4229, #2698 ) ;
#2824 = CIRCLE ( 'NONE', #784, 2.000000000000001776 ) ;
#2825 = FACE_BOUND ( 'NONE', #2237, .T. ) ;
#2826 = DIRECTION ( 'NONE',  ( 0.000000000000000000, 0.000000000000000000, 1.000000000000000000 ) ) ;
#2827 = AXIS2_PLACEMENT_3D ( 'NONE', #2565, #3574, #2581 ) ;
#2828 = CARTESIAN_POINT ( 'NONE',  ( -61.03862323220192820, 53.17918556671646968, 10.06614675620523158 ) ) ;
#2829 = DIRECTION ( 'NONE',  ( 0.8749263230474003672, 0.000000000000000000, -0.4842560575137456746 ) ) ;
#2830 = ORIENTED_EDGE ( 'NONE', *, *, #4345, .F. ) ;
#2831 = DIRECTION ( 'NONE',  ( 0.8568412092671007230, -0.000000000000000000, 0.5155803934418886625 ) ) ;
#2832 = AXIS2_PLACEMENT_3D ( 'NONE', #1307, #3686, #2655 ) ;
#2833 = EDGE_CURVE ( 'NONE', #4435, #4076, #2379, .T. ) ;
#2834 = ORIENTED_EDGE ( 'NONE', *, *, #1497, .T. ) ;
#2835 = APPLICATION_CONTEXT ( 'automotive_design' ) ;
#2836 = CARTESIAN_POINT ( 'NONE',  ( 18.27211564267081556, 14.68787669031229370, -73.36991103603975262 ) ) ;
#2837 = CIRCLE ( 'NONE', #2243, 75.00000000000001421 ) ;
#2838 = CARTESIAN_POINT ( 'NONE',  ( 70.90052309988909940, 13.80413826865953730, 24.45250640902443706 ) ) ;
#2839 = ORIENTED_EDGE ( 'NONE', *, *, #4315, .F. ) ;
#2840 = ORIENTED_EDGE ( 'NONE', *, *, #1881, .F. ) ;
#2841 = LINE ( 'NONE', #1487, #3208 ) ;
#2842 = CARTESIAN_POINT ( 'NONE',  ( -19.57710068800003356, 15.11316379282951239, 73.15989545435903096 ) ) ;
#2843 = CARTESIAN_POINT ( 'NONE',  ( 54.42835317750042634, 14.64302378775764346, 52.73167970442727892 ) ) ;
#2844 = ORIENTED_EDGE ( 'NONE', *, *, #3143, .F. ) ;
#2845 = ADVANCED_FACE ( 'NONE', ( #689 ), #645, .T. ) ;
#2846 = CARTESIAN_POINT ( 'NONE',  ( 56.36717020944227841, 13.37792493363025415, -50.98967766507693966 ) ) ;
#2847 = EDGE_CURVE ( 'NONE', #198, #3450, #2378, .T. ) ;
#2848 = CARTESIAN_POINT ( 'NONE',  ( -73.10096304599423434, 0.000000000000000000, 160.2520691426758788 ) ) ;
#2849 = ADVANCED_FACE ( 'NONE', ( #4179 ), #3160, .F. ) ;
#2850 = DIRECTION ( 'NONE',  ( -0.1483641837633081217, 0.9889327929522043759, 0.000000000000000000 ) ) ;
#2851 = CIRCLE ( 'NONE', #56, 3.499999999999999556 ) ;
#2852 = DIRECTION ( 'NONE',  ( 0.000000000000000000, 0.000000000000000000, 1.000000000000000000 ) ) ;
#2853 = DIRECTION ( 'NONE',  ( 0.000000000000000000, 0.000000000000000000, 1.000000000000000000 ) ) ;
#2854 = ORIENTED_EDGE ( 'NONE', *, *, #1228, .T. ) ;
#2855 = ORIENTED_EDGE ( 'NONE', *, *, #167, .F. ) ;
#2856 = LINE ( 'NONE', #2074, #1947 ) ;
#2857 = AXIS2_PLACEMENT_3D ( 'NONE', #1036, #688, #1309 ) ;
#2858 = ORIENTED_EDGE ( 'NONE', *, *, #1894, .T. ) ;
#2859 = LINE ( 'NONE', #3451, #4178 ) ;
#2860 = CIRCLE ( 'NONE', #3439, 3.499999999999999556 ) ;
#2861 = DIRECTION ( 'NONE',  ( 0.5155803934418886625, 0.000000000000000000, -0.8568412092671007230 ) ) ;
#2862 = VERTEX_POINT ( 'NONE', #1038 ) ;
#2863 = DIRECTION ( 'NONE',  ( 0.4788984193720223215, -0.1483404529302446151, 0.8652464469429670402 ) ) ;
#2864 = VECTOR ( 'NONE', #2134, 1000.000000000000000 ) ;
#2865 = FACE_OUTER_BOUND ( 'NONE', #2607, .T. ) ;
#2866 = VERTEX_POINT ( 'NONE', #3434 ) ;
#2867 = CARTESIAN_POINT ( 'NONE',  ( 0.000000000000000000, 0.000000000000000000, 0.000000000000000000 ) ) ;
#2868 = VERTEX_POINT ( 'NONE', #2817 ) ;
#2869 = PLANE ( 'NONE',  #2621 ) ;
#2870 = DIRECTION ( 'NONE',  ( 0.000000000000000000, 1.000000000000000000, 0.000000000000000000 ) ) ;
#2871 = CARTESIAN_POINT ( 'NONE',  ( -174.6101287694738460, -3.664695971990266586E-15, -23.13662801939297964 ) ) ;
#2872 = CARTESIAN_POINT ( 'NONE',  ( 174.5889407407229612, 0.000000000000000000, 24.30800928502264924 ) ) ;
#2873 = ADVANCED_FACE ( 'NONE', ( #2082 ), #4224, .F. ) ;
#2874 = CARTESIAN_POINT ( 'NONE',  ( -14.08491502705286358, 25.00000000000000000, -73.66556297674445375 ) ) ;
#2875 = CARTESIAN_POINT ( 'NONE',  ( -71.34636928268555778, 15.00000000000000000, -23.12348568401103677 ) ) ;
#2876 = ORIENTED_EDGE ( 'NONE', *, *, #230, .T. ) ;
#2877 = ORIENTED_EDGE ( 'NONE', *, *, #1987, .T. ) ;
#2878 = LINE ( 'NONE', #1132, #3260 ) ;
#2879 = ORIENTED_EDGE ( 'NONE', *, *, #1952, .F. ) ;
#2880 = CARTESIAN_POINT ( 'NONE',  ( 162.4248716844544447, 15.00000000000000000, 185.2654582096977549 ) ) ;
#2881 = CARTESIAN_POINT ( 'NONE',  ( -54.25416376144174535, 14.66607261105221838, -51.78373351888605924 ) ) ;
#2882 = ORIENTED_EDGE ( 'NONE', *, *, #3844, .F. ) ;
#2883 = CARTESIAN_POINT ( 'NONE',  ( -53.57040640766643236, 15.38958280064330353, -51.58632041311850003 ) ) ;
#2884 = CARTESIAN_POINT ( 'NONE',  ( 16.93166111793960482, 15.11318647132295645, 73.81695217822327493 ) ) ;
#2885 = CARTESIAN_POINT ( 'NONE',  ( -17.21005034007187007, 14.86417934356077275, 73.04716822281882571 ) ) ;
#2886 = VERTEX_POINT ( 'NONE', #281 ) ;
#2887 = DIRECTION ( 'NONE',  ( -0.000000000000000000, 1.000000000000000000, -0.000000000000000000 ) ) ;
#2888 = ORIENTED_EDGE ( 'NONE', *, *, #186, .T. ) ;
#2889 = EDGE_CURVE ( 'NONE', #1094, #1564, #1730, .T. ) ;
#2890 = CARTESIAN_POINT ( 'NONE',  ( 56.31318616431273938, 14.80507353957442973, -49.84849348772211641 ) ) ;
#2891 = CARTESIAN_POINT ( 'NONE',  ( 0.000000000000000000, 15.00000000000000000, 0.000000000000000000 ) ) ;
#2892 = CARTESIAN_POINT ( 'NONE',  ( 168.9902379861245549, 0.000000000000000000, 25.03530218148798170 ) ) ;
#2893 = CARTESIAN_POINT ( 'NONE',  ( 0.000000000000000000, 65.00000000000000000, 0.000000000000000000 ) ) ;
#2894 = CARTESIAN_POINT ( 'NONE',  ( 9.184850993605150311E-15, 63.00000000000000000, 75.00000000000001421 ) ) ;
#2895 = ORIENTED_EDGE ( 'NONE', *, *, #4400, .T. ) ;
#2896 = VERTEX_POINT ( 'NONE', #302 ) ;
#2897 = CARTESIAN_POINT ( 'NONE',  ( 7.654042494670957804E-15, 65.00000000000000000, -62.50000000000000000 ) ) ;
#2898 = EDGE_CURVE ( 'NONE', #3632, #4500, #3026, .T. ) ;
#2899 = VECTOR ( 'NONE', #1825, 1000.000000000000114 ) ;
#2900 = ADVANCED_FACE ( 'NONE', ( #4510, #2749, #1748, #4158, #3809 ), #1014, .T. ) ;
#2901 = VERTEX_POINT ( 'NONE', #4558 ) ;
#2902 = DIRECTION ( 'NONE',  ( -0.4788984193720245419, -0.1483404529302495278, -0.8652464469429650418 ) ) ;
#2903 = VECTOR ( 'NONE', #1563, 1000.000000000000114 ) ;
#2904 = EDGE_CURVE ( 'NONE', #1182, #734, #2720, .T. ) ;
#2905 = ORIENTED_EDGE ( 'NONE', *, *, #4346, .F. ) ;
#2906 = DIRECTION ( 'NONE',  ( 0.000000000000000000, 0.000000000000000000, 1.000000000000000000 ) ) ;
#2907 = CIRCLE ( 'NONE', #2170, 3.499999999999999556 ) ;
#2908 = ORIENTED_EDGE ( 'NONE', *, *, #1123, .T. ) ;
#2909 = VECTOR ( 'NONE', #3916, 1000.000000000000114 ) ;
#2910 = EDGE_CURVE ( 'NONE', #1372, #2009, #4275, .T. ) ;
#2911 = EDGE_CURVE ( 'NONE', #973, #2373, #4422, .T. ) ;
#2912 = CARTESIAN_POINT ( 'NONE',  ( 60.69638870581268009, 51.56033703798200207, -14.74730089691863988 ) ) ;
#2913 = CARTESIAN_POINT ( 'NONE',  ( 14.11584785209845627, 14.90325694513983379, 73.65932991159768051 ) ) ;
#2914 = LINE ( 'NONE', #2241, #3630 ) ;
#2915 = ORIENTED_EDGE ( 'NONE', *, *, #2945, .T. ) ;
#2916 = CARTESIAN_POINT ( 'NONE',  ( -72.13232916392099980, 15.00000000000000000, 20.54086389097971832 ) ) ;
#2917 =( BOUNDED_CURVE ( )  B_SPLINE_CURVE ( 3, ( #1966, #268, #3088, #1672 ),
 .UNSPECIFIED., .F., .F. ) 
 B_SPLINE_CURVE_WITH_KNOTS ( ( 4, 4 ),
 ( 6.280502120815710576, 6.283185307179586232 ),
 .UNSPECIFIED. ) 
 CURVE ( )  GEOMETRIC_REPRESENTATION_ITEM ( )  RATIONAL_B_SPLINE_CURVE ( ( 1.000000000000000000, 0.9999994000426679630, 0.9999994000426679630, 1.000000000000000000 ) ) 
 REPRESENTATION_ITEM ( '' )  );
#2918 = CARTESIAN_POINT ( 'NONE',  ( 53.86565812859459612, 15.00000000000000000, 54.11412048021050936 ) ) ;
#2919 = DIRECTION ( 'NONE',  ( 0.000000000000000000, 1.000000000000000000, 0.000000000000000000 ) ) ;
#2920 = CARTESIAN_POINT ( 'NONE',  ( -60.13505873409207680, 52.55088014990576539, -15.87350364611420517 ) ) ;
#2921 = CARTESIAN_POINT ( 'NONE',  ( 56.64332585397779951, 55.00000000000000000, -10.33882685223548492 ) ) ;
#2922 = CIRCLE ( 'NONE', #585, 1.250000000000001110 ) ;
#2923 = ORIENTED_EDGE ( 'NONE', *, *, #3473, .F. ) ;
#2924 = CARTESIAN_POINT ( 'NONE',  ( 0.000000000000000000, 25.00000000000000000, 0.000000000000000000 ) ) ;
#2925 = CIRCLE ( 'NONE', #2409, 2.000000000000001776 ) ;
#2926 = VERTEX_POINT ( 'NONE', #1837 ) ;
#2927 = CARTESIAN_POINT ( 'NONE',  ( 17.20676212284676510, 14.26626751192584308, -72.99997725928487569 ) ) ;
#2928 = AXIS2_PLACEMENT_3D ( 'NONE', #1927, #1587, #905 ) ;
#2929 = ORIENTED_EDGE ( 'NONE', *, *, #1213, .F. ) ;
#2930 = CARTESIAN_POINT ( 'NONE',  ( 60.59366058664426191, 51.00000000000000711, -15.31856052997650508 ) ) ;
#2931 = CARTESIAN_POINT ( 'NONE',  ( 71.75878991176027455, 14.88749537471487372, -21.82244546643891425 ) ) ;
#2932 = ADVANCED_FACE ( 'NONE', ( #2865 ), #576, .T. ) ;
#2933 = EDGE_LOOP ( 'NONE', ( #526, #2774, #1547, #267, #1857, #3046 ) ) ;
#2934 = CARTESIAN_POINT ( 'NONE',  ( 54.93011408353955716, 14.90307291276053903, 51.06502349491949388 ) ) ;
#2935 = DIRECTION ( 'NONE',  ( 0.000000000000000000, 0.000000000000000000, 1.000000000000000000 ) ) ;
#2936 = CARTESIAN_POINT ( 'NONE',  ( 23.13402867837321963, 65.00000000000000000, -10.59449560102741472 ) ) ;
#2937 = DIRECTION ( 'NONE',  ( 0.000000000000000000, 1.000000000000000000, 0.000000000000000000 ) ) ;
#2938 = DIRECTION ( 'NONE',  ( -0.000000000000000000, -1.000000000000000000, -0.000000000000000000 ) ) ;
#2939 = CARTESIAN_POINT ( 'NONE',  ( 7.091006580473553811, 25.00000000000000000, -74.66403167305983857 ) ) ;
#2940 = VERTEX_POINT ( 'NONE', #2171 ) ;
#2941 = DIRECTION ( 'NONE',  ( 0.000000000000000000, 1.000000000000000000, 0.000000000000000000 ) ) ;
#2942 = ORIENTED_EDGE ( 'NONE', *, *, #2665, .F. ) ;
#2943 = VERTEX_POINT ( 'NONE', #4409 ) ;
#2944 = DIRECTION ( 'NONE',  ( -0.8749263230473998121, 0.000000000000000000, 0.4842560575137463963 ) ) ;
#2945 = EDGE_CURVE ( 'NONE', #3909, #4004, #1159, .T. ) ;
#2946 = ORIENTED_EDGE ( 'NONE', *, *, #2362, .T. ) ;
#2947 = ORIENTED_EDGE ( 'NONE', *, *, #1195, .F. ) ;
#2948 = DIRECTION ( 'NONE',  ( 0.000000000000000000, 0.000000000000000000, 1.000000000000000000 ) ) ;
#2949 = EDGE_LOOP ( 'NONE', ( #2217, #3600 ) ) ;
#2950 = CARTESIAN_POINT ( 'NONE',  ( -54.69977669818230481, 13.77594033682878916, -51.35803576478703292 ) ) ;
#2951 = CARTESIAN_POINT ( 'NONE',  ( 71.29928486044646263, 15.00000000000000000, 23.26826118103612728 ) ) ;
#2952 = EDGE_LOOP ( 'NONE', ( #3754, #3606, #4037 ) ) ;
#2953 = DIRECTION ( 'NONE',  ( -0.000000000000000000, -1.000000000000000000, -0.000000000000000000 ) ) ;
#2954 = ADVANCED_FACE ( 'NONE', ( #3200, #169 ), #1573, .T. ) ;
#2955 = DIRECTION ( 'NONE',  ( 0.000000000000000000, 1.000000000000000000, 0.000000000000000000 ) ) ;
#2956 = EDGE_CURVE ( 'NONE', #2520, #759, #4382, .T. ) ;
#2957 = CARTESIAN_POINT ( 'NONE',  ( 15.95778341973700520, 15.00000000000000000, 73.44588964375037676 ) ) ;
#2958 = EDGE_CURVE ( 'NONE', #2106, #1094, #35, .T. ) ;
#2959 = LINE ( 'NONE', #1223, #1221 ) ;
#2960 = EDGE_LOOP ( 'NONE', ( #1163, #3173 ) ) ;
#2961 = FACE_OUTER_BOUND ( 'NONE', #1053, .T. ) ;
#2962 = EDGE_CURVE ( 'NONE', #79, #1405, #1294, .T. ) ;
#2963 = DIRECTION ( 'NONE',  ( 0.000000000000000000, -0.000000000000000000, 1.000000000000000000 ) ) ;
#2964 = CARTESIAN_POINT ( 'NONE',  ( -72.94800018782459006, -1.977872705736761771, 159.9978607165328697 ) ) ;
#2965 = VERTEX_POINT ( 'NONE', #2668 ) ;
#2966 = VECTOR ( 'NONE', #4539, 1000.000000000000114 ) ;
#2967 = ORIENTED_EDGE ( 'NONE', *, *, #671, .T. ) ;
#2968 = ORIENTED_EDGE ( 'NONE', *, *, #2665, .T. ) ;
#2969 = CARTESIAN_POINT ( 'NONE',  ( 8.970000000000002416, 25.00000000000000000, 31.75000000000000711 ) ) ;
#2970 = EDGE_LOOP ( 'NONE', ( #2686, #3142, #3892, #3912 ) ) ;
#2971 = DIRECTION ( 'NONE',  ( 0.000000000000000000, -0.000000000000000000, 1.000000000000000000 ) ) ;
#2972 = VERTEX_POINT ( 'NONE', #244 ) ;
#2973 = AXIS2_PLACEMENT_3D ( 'NONE', #1049, #2484, #2159 ) ;
#2974 = CARTESIAN_POINT ( 'NONE',  ( -18.84255101065914673, 15.00000000000000000, -75.29248897739208246 ) ) ;
#2975 = ORIENTED_EDGE ( 'NONE', *, *, #2992, .T. ) ;
#2976 = CARTESIAN_POINT ( 'NONE',  ( -54.52042342295846566, 13.70216449216817267, -51.73837909587315664 ) ) ;
#2977 = CIRCLE ( 'NONE', #2757, 75.00000000000001421 ) ;
#2978 = ORIENTED_EDGE ( 'NONE', *, *, #1550, .T. ) ;
#2979 = CARTESIAN_POINT ( 'NONE',  ( 73.04445348902481783, 15.00000000000000000, 22.23502020015192926 ) ) ;
#2980 = EDGE_LOOP ( 'NONE', ( #2799, #842, #3120 ) ) ;
#2981 = CARTESIAN_POINT ( 'NONE',  ( 22.87179452855879447, 50.00000000000000000, 8.703132937829256122 ) ) ;
#2982 = CIRCLE ( 'NONE', #117, 1.250000000000001110 ) ;
#2983 = CARTESIAN_POINT ( 'NONE',  ( 0.000000000000000000, 15.00000000000000000, 0.000000000000000000 ) ) ;
#2984 = CARTESIAN_POINT ( 'NONE',  ( 72.72683701911367393, 65.00000000000000000, 23.29440999895586373 ) ) ;
#2985 = CARTESIAN_POINT ( 'NONE',  ( 53.80627561220651955, 15.00000000000000000, 55.94069330553612218 ) ) ;
#2986 = ADVANCED_FACE ( 'NONE', ( #1994 ), #3772, .F. ) ;
#2987 = EDGE_LOOP ( 'NONE', ( #641, #1741, #3386, #4175, #469 ) ) ;
#2988 = CARTESIAN_POINT ( 'NONE',  ( -73.18838339464868170, 15.00000000000000178, 19.80499922569140736 ) ) ;
#2989 = DIRECTION ( 'NONE',  ( 0.9887746132728439941, -0.1483404529302504438, 0.01788502646311051006 ) ) ;
#2990 = DIRECTION ( 'NONE',  ( -0.000000000000000000, 1.000000000000000000, -0.000000000000000000 ) ) ;
#2991 = DIRECTION ( 'NONE',  ( 0.000000000000000000, 0.000000000000000000, 1.000000000000000000 ) ) ;
#2992 = EDGE_CURVE ( 'NONE', #3351, #3539, #2690, .T. ) ;
#2993 = ORIENTED_EDGE ( 'NONE', *, *, #405, .T. ) ;
#2994 = ORIENTED_EDGE ( 'NONE', *, *, #36, .T. ) ;
#2995 = DIRECTION ( 'NONE',  ( -0.8749263230474039199, -0.000000000000000000, 0.4842560575137391798 ) ) ;
#2996 = ORIENTED_EDGE ( 'NONE', *, *, #587, .T. ) ;
#2997 = CARTESIAN_POINT ( 'NONE',  ( -16.91522061659341603, 13.80468640977793093, 73.06630281133695348 ) ) ;
#2998 = ORIENTED_EDGE ( 'NONE', *, *, #3821, .T. ) ;
#2999 = CIRCLE ( 'NONE', #1687, 1.999999999999998668 ) ;
#3000 = CARTESIAN_POINT ( 'NONE',  ( 59.59531661840881611, 54.43569138081510062, 10.72822813772043737 ) ) ;
#3001 = ORIENTED_EDGE ( 'NONE', *, *, #472, .F. ) ;
#3002 = CYLINDRICAL_SURFACE ( 'NONE', #1535, 2.000000000000000888 ) ;
#3003 = CARTESIAN_POINT ( 'NONE',  ( 71.69552596899953301, 15.35079996961689019, -20.36323152872814291 ) ) ;
#3004 = ORIENTED_EDGE ( 'NONE', *, *, #1448, .T. ) ;
#3005 = VECTOR ( 'NONE', #1459, 1000.000000000000114 ) ;
#3006 = CARTESIAN_POINT ( 'NONE',  ( -70.26894597491808270, 15.45328883575775691, -23.68163469591271308 ) ) ;
#3007 = CARTESIAN_POINT ( 'NONE',  ( 0.000000000000000000, 65.00000000000000000, 0.000000000000000000 ) ) ;
#3008 = EDGE_CURVE ( 'NONE', #973, #2130, #1696, .T. ) ;
#3009 = DIRECTION ( 'NONE',  ( 0.000000000000000000, 1.000000000000000000, 0.000000000000000000 ) ) ;
#3010 = DIRECTION ( 'NONE',  ( 0.000000000000000000, -0.000000000000000000, 1.000000000000000000 ) ) ;
#3011 = VECTOR ( 'NONE', #1638, 1000.000000000000000 ) ;
#3012 = CYLINDRICAL_SURFACE ( 'NONE', #2928, 1.999999999999998890 ) ;
#3013 = DIRECTION ( 'NONE',  ( -0.000000000000000000, 1.000000000000000000, -0.000000000000000000 ) ) ;
#3014 = DIRECTION ( 'NONE',  ( -0.000000000000000000, -1.000000000000000000, -0.000000000000000000 ) ) ;
#3015 = CIRCLE ( 'NONE', #449, 1.250000000000001110 ) ;
#3016 = FACE_OUTER_BOUND ( 'NONE', #1186, .T. ) ;
#3017 = ORIENTED_EDGE ( 'NONE', *, *, #3313, .T. ) ;
#3018 = AXIS2_PLACEMENT_3D ( 'NONE', #3526, #4009, #1237 ) ;
#3019 = CARTESIAN_POINT ( 'NONE',  ( -175.3328444095748466, 0.000000000000000000, 16.81874353239905417 ) ) ;
#3020 = ORIENTED_EDGE ( 'NONE', *, *, #2958, .T. ) ;
#3021 = DIRECTION ( 'NONE',  ( 0.000000000000000000, 0.000000000000000000, 1.000000000000000000 ) ) ;
#3022 = EDGE_CURVE ( 'NONE', #2789, #3560, #1875, .T. ) ;
#3023 = CARTESIAN_POINT ( 'NONE',  ( 8.939921633775680015E-15, 63.00000000000000000, -73.00000000000001421 ) ) ;
#3024 = EDGE_LOOP ( 'NONE', ( #3132, #141, #1993, #2062, #3294 ) ) ;
#3025 = CARTESIAN_POINT ( 'NONE',  ( -75.35513345722409895, 14.99999999999999822, 18.95532432492496611 ) ) ;
#3026 = CIRCLE ( 'NONE', #758, 4.000000000000000000 ) ;
#3027 = LINE ( 'NONE', #2981, #493 ) ;
#3028 = CYLINDRICAL_SURFACE ( 'NONE', #997, 4.000000000000000000 ) ;
#3029 = LINE ( 'NONE', #1194, #2625 ) ;
#3030 = CARTESIAN_POINT ( 'NONE',  ( 67.12448723622097191, -1.977872705736595016, 162.5255473480496846 ) ) ;
#3031 = DIRECTION ( 'NONE',  ( 0.000000000000000000, 1.000000000000000000, 0.000000000000000000 ) ) ;
#3032 = VERTEX_POINT ( 'NONE', #3726 ) ;
#3033 = EDGE_CURVE ( 'NONE', #1611, #3733, #2307, .T. ) ;
#3034 = LINE ( 'NONE', #558, #600 ) ;
#3035 = CARTESIAN_POINT ( 'NONE',  ( 0.000000000000000000, 15.00000000000000000, 0.000000000000000000 ) ) ;
#3036 = CARTESIAN_POINT ( 'NONE',  ( 23.13402867837321963, 50.00000000000000000, -8.194495601027412590 ) ) ;
#3037 = VECTOR ( 'NONE', #1539, 1000.000000000000114 ) ;
#3038 = CARTESIAN_POINT ( 'NONE',  ( -30.35722144775308351, 55.00000000000000000, -6.762049188273723921 ) ) ;
#3039 =( BOUNDED_CURVE ( )  B_SPLINE_CURVE ( 3, ( #4212, #334, #2762, #3868 ),
 .UNSPECIFIED., .F., .T. ) 
 B_SPLINE_CURVE_WITH_KNOTS ( ( 4, 4 ),
 ( 2.981555974335078029E-16, 0.002683186363875954706 ),
 .UNSPECIFIED. ) 
 CURVE ( )  GEOMETRIC_REPRESENTATION_ITEM ( )  RATIONAL_B_SPLINE_CURVE ( ( 1.000000000000000000, 0.9999994000426679630, 0.9999994000426679630, 1.000000000000000000 ) ) 
 REPRESENTATION_ITEM ( '' )  );
#3040 = VERTEX_POINT ( 'NONE', #2059 ) ;
#3041 = DIRECTION ( 'NONE',  ( 0.07648142908512438332, -0.9889363528682975080, -0.1271042130719797214 ) ) ;
#3042 = ORIENTED_EDGE ( 'NONE', *, *, #2352, .T. ) ;
#3043 = CARTESIAN_POINT ( 'NONE',  ( -71.07678140273868905, 15.45320977583422284, 21.13703350994563124 ) ) ;
#3044 = CARTESIAN_POINT ( 'NONE',  ( -38.66852950814212164, 15.00000000000000000, 64.26309069503227533 ) ) ;
#3045 = EDGE_CURVE ( 'NONE', #2576, #219, #223, .T. ) ;
#3046 = ORIENTED_EDGE ( 'NONE', *, *, #2531, .F. ) ;
#3047 = DIRECTION ( 'NONE',  ( 0.000000000000000000, 0.000000000000000000, -1.000000000000000000 ) ) ;
#3048 = CIRCLE ( 'NONE', #4524, 2.400000000000001243 ) ;
#3049 = ADVANCED_FACE ( 'NONE', ( #1326 ), #3381, .T. ) ;
#3050 = ORIENTED_EDGE ( 'NONE', *, *, #3318, .T. ) ;
#3051 = PLANE ( 'NONE',  #2832 ) ;
#3052 = EDGE_CURVE ( 'NONE', #3078, #1471, #2917, .T. ) ;
#3053 = CARTESIAN_POINT ( 'NONE',  ( -18.92999999999999616, 31.00000000000000000, 35.25000000000000000 ) ) ;
#3054 = AXIS2_PLACEMENT_3D ( 'NONE', #4331, #2569, #837 ) ;
#3055 = DIRECTION ( 'NONE',  ( 0.1483641837633081217, -0.9889327929522043759, 0.000000000000000000 ) ) ;
#3056 = AXIS2_PLACEMENT_3D ( 'NONE', #672, #37, #1425 ) ;
#3057 = CARTESIAN_POINT ( 'NONE',  ( 0.000000000000000000, 63.00000000000000000, 73.00000000000001421 ) ) ;
#3058 = CARTESIAN_POINT ( 'NONE',  ( -14.96238605684945178, 13.73824274875337359, -73.49782227818381841 ) ) ;
#3059 = CARTESIAN_POINT ( 'NONE',  ( -56.03517999499875657, 15.49482668900825111, 48.47827082444350566 ) ) ;
#3060 = AXIS2_PLACEMENT_3D ( 'NONE', #2447, #2814, #4219 ) ;
#3061 = DIRECTION ( 'NONE',  ( 0.000000000000000000, 0.000000000000000000, 1.000000000000000000 ) ) ;
#3062 = CARTESIAN_POINT ( 'NONE',  ( 78.00611074128885036, 15.00000000000000000, -165.5147406195007136 ) ) ;
#3063 = CARTESIAN_POINT ( 'NONE',  ( -16.93166111794097617, 15.11318647132305415, -73.81695217822202437 ) ) ;
#3064 = ORIENTED_EDGE ( 'NONE', *, *, #1956, .F. ) ;
#3065 = DIRECTION ( 'NONE',  ( 0.01808511378030476166, -0.000000000000000000, -0.9998364509556316726 ) ) ;
#3066 = ORIENTED_EDGE ( 'NONE', *, *, #82, .T. ) ;
#3067 =( BOUNDED_SURFACE ( )  B_SPLINE_SURFACE ( 3, 2, ( 
 ( #4144, #4361, #4339 ),
 ( #1942, #1922, #1217 ),
 ( #574, #4502, #2600 ),
 ( #3706, #4015, #480 ),
 ( #1901, #4039, #128 ),
 ( #1530, #871, #3003 ),
 ( #3293, #150, #2289 ),
 ( #2260, #175, #3661 ),
 ( #529, #2931, #3685 ),
 ( #1192, #549, #4414 ) ),
 .UNSPECIFIED., .F., .F., .F. ) 
 B_SPLINE_SURFACE_WITH_KNOTS ( ( 4, 2, 2, 2, 4 ),
 ( 3, 3 ),
 ( 1.570796326794895448, 1.886178818226031506, 2.201561309657167786, 2.516943801088304067, 2.832326292519440347 ),
 ( 0.000000000000000000, 0.6860329862470391227 ),
 .UNSPECIFIED. ) 
 GEOMETRIC_REPRESENTATION_ITEM ( )  RATIONAL_B_SPLINE_SURFACE ( (
 ( 1.000000000000000000, 0.7990655904458994208, 0.8738264469441692217),
 ( 1.000000000000000000, 0.8028488174607147920, 0.8762020639205514438),
 ( 1.000000000000000000, 0.8065843899716327314, 0.8785477570123725322),
 ( 1.000000000000000000, 0.8136162608980838096, 0.8829633080441208204),
 ( 1.000000000000000000, 0.8169111372011182981, 0.8850322729912190045),
 ( 1.000000000000000000, 0.8227695216767173525, 0.8887109519496603216),
 ( 1.000000000000000000, 0.8253326411501508142, 0.8903204218835920614),
 ( 1.000000000000000000, 0.8295123856662198758, 0.8929450256915132389),
 ( 1.000000000000000000, 0.8311301589548404367, 0.8939608805882282017),
 ( 1.000000000000000000, 0.8322064199149021846, 0.8946367014675271623) ) ) 
 REPRESENTATION_ITEM ( '' )  SURFACE ( )  );
#3068 = CARTESIAN_POINT ( 'NONE',  ( -72.21426228426199145, 13.65714802978490283, 21.19321764600760716 ) ) ;
#3069 = EDGE_LOOP ( 'NONE', ( #4010, #3833, #2792, #3960 ) ) ;
#3070 = DIRECTION ( 'NONE',  ( 0.000000000000000000, 1.000000000000000000, 0.000000000000000000 ) ) ;
#3071 = CARTESIAN_POINT ( 'NONE',  ( 24.16999999999999815, 25.00000000000000000, -17.79999999999999005 ) ) ;
#3072 = CARTESIAN_POINT ( 'NONE',  ( -72.39318637525104805, 15.11318647132303106, -22.24522743270647496 ) ) ;
#3073 = EDGE_CURVE ( 'NONE', #3733, #3796, #189, .T. ) ;
#3074 = LINE ( 'NONE', #4133, #217 ) ;
#3075 = CARTESIAN_POINT ( 'NONE',  ( 52.91935695882456514, 13.25235129953026991, 54.33825908875068933 ) ) ;
#3076 = CIRCLE ( 'NONE', #2857, 3.999999999999998224 ) ;
#3077 = DIRECTION ( 'NONE',  ( 0.5098761939008189525, -0.1483404529302457253, -0.8473614204798707306 ) ) ;
#3078 = VERTEX_POINT ( 'NONE', #751 ) ;
#3079 = CARTESIAN_POINT ( 'NONE',  ( -56.44691214245421662, 13.31485535627730954, 51.18705209745019857 ) ) ;
#3080 = CARTESIAN_POINT ( 'NONE',  ( -73.59033170281239222, 65.00000000000000000, 22.65972373772572723 ) ) ;
#3081 = LINE ( 'NONE', #1929, #3466 ) ;
#3082 = DIRECTION ( 'NONE',  ( -0.9998364509556316726, 0.000000000000000000, -0.01808511378030502534 ) ) ;
#3083 = B_SPLINE_CURVE_WITH_KNOTS ( 'NONE', 3,
 ( #1721, #1419, #3472, #3428, #3780, #2744 ),
 .UNSPECIFIED., .F., .F.,
 ( 4, 2, 4 ),
 ( 0.000000000000000000, 0.0009917329949733345688, 0.001983465989946669138 ),
 .UNSPECIFIED. ) ;
#3084 = CARTESIAN_POINT ( 'NONE',  ( -70.99916325275526674, 14.26597694346654244, -24.16998645516230226 ) ) ;
#3085 = CARTESIAN_POINT ( 'NONE',  ( -60.15407518615393911, 54.28370101095924838, 8.759400516348716081 ) ) ;
#3086 = CARTESIAN_POINT ( 'NONE',  ( 14.45781687672228699, 0.000000000000000000, 73.63049339492083334 ) ) ;
#3087 = ORIENTED_EDGE ( 'NONE', *, *, #3522, .T. ) ;
#3088 = CARTESIAN_POINT ( 'NONE',  ( 175.3328767600716844, 0.000000000000000000, -16.82053203128973351 ) ) ;
#3089 = CARTESIAN_POINT ( 'NONE',  ( -55.89876901896970907, 14.84780634947905575, 50.00416848632546163 ) ) ;
#3090 = EDGE_CURVE ( 'NONE', #2215, #1871, #1740, .T. ) ;
#3091 = EDGE_LOOP ( 'NONE', ( #2080, #4199, #2425, #3938 ) ) ;
#3092 = CARTESIAN_POINT ( 'NONE',  ( 0.000000000000000000, 0.000000000000000000, -75.00000000000001421 ) ) ;
#3093 = CARTESIAN_POINT ( 'NONE',  ( -56.55533772385741997, 0.000000000000000000, 51.36724418284897098 ) ) ;
#3094 = DIRECTION ( 'NONE',  ( 0.000000000000000000, 0.000000000000000000, 1.000000000000000000 ) ) ;
#3095 = CARTESIAN_POINT ( 'NONE',  ( 22.87179452855879447, 65.00000000000000000, 3.903132937829254967 ) ) ;
#3096 = CARTESIAN_POINT ( 'NONE',  ( -102.2318813635819339, 0.000000000000000000, -143.4333256102754319 ) ) ;
#3097 = DIRECTION ( 'NONE',  ( 0.000000000000000000, 1.000000000000000000, 0.000000000000000000 ) ) ;
#3098 = EDGE_LOOP ( 'NONE', ( #121, #4475, #394, #2125, #1586, #2596, #3239, #1441, #1205, #4264 ) ) ;
#3099 = EDGE_CURVE ( 'NONE', #2453, #1548, #1143, .T. ) ;
#3100 = CARTESIAN_POINT ( 'NONE',  ( 0.000000000000000000, 15.00000000000000000, 0.000000000000000000 ) ) ;
#3101 = CARTESIAN_POINT ( 'NONE',  ( 0.000000000000000000, 51.00000000000000711, 0.000000000000000000 ) ) ;
#3102 = B_SPLINE_CURVE_WITH_KNOTS ( 'NONE', 3,
 ( #1682, #989, #1705, #3785, #715, #1356 ),
 .UNSPECIFIED., .F., .F.,
 ( 4, 2, 4 ),
 ( -8.944528321753203939E-06, 0.0009833539879795551164, 0.001975652504280863211 ),
 .UNSPECIFIED. ) ;
#3103 = CARTESIAN_POINT ( 'NONE',  ( 0.000000000000000000, 25.00000000000000000, -75.00000000000001421 ) ) ;
#3104 = EDGE_CURVE ( 'NONE', #3632, #2866, #683, .T. ) ;
#3105 = CARTESIAN_POINT ( 'NONE',  ( 24.16999999999999815, 31.00000000000000000, -17.79999999999999005 ) ) ;
#3106 = EDGE_CURVE ( 'NONE', #2901, #845, #1393, .T. ) ;
#3107 = CARTESIAN_POINT ( 'NONE',  ( -71.16723756916512400, 14.66597966499598016, -23.67052438388584079 ) ) ;
#3108 = DIRECTION ( 'NONE',  ( 0.8568412092671008340, 0.000000000000000000, 0.5155803934418884404 ) ) ;
#3109 = FACE_OUTER_BOUND ( 'NONE', #157, .T. ) ;
#3110 = ORIENTED_EDGE ( 'NONE', *, *, #2584, .T. ) ;
#3111 = CARTESIAN_POINT ( 'NONE',  ( -36.31920431353091061, 15.00000000000000000, -65.61947422855506318 ) ) ;
#3112 = ORIENTED_EDGE ( 'NONE', *, *, #1881, .T. ) ;
#3113 = ORIENTED_EDGE ( 'NONE', *, *, #82, .F. ) ;
#3114 = CARTESIAN_POINT ( 'NONE',  ( 18.88495187033194966, 13.25235129953025037, -74.02979780953812394 ) ) ;
#3115 = CARTESIAN_POINT ( 'NONE',  ( -18.59192092637821503, 15.00000000000000178, 72.82430222922546648 ) ) ;
#3116 = ORIENTED_EDGE ( 'NONE', *, *, #4203, .T. ) ;
#3117 = DIRECTION ( 'NONE',  ( 0.000000000000000000, -1.000000000000000000, 0.000000000000000000 ) ) ;
#3118 = CARTESIAN_POINT ( 'NONE',  ( -103.2569213115098137, 0.000000000000000000, -142.8659843486150294 ) ) ;
#3119 = CARTESIAN_POINT ( 'NONE',  ( 54.52042342295781197, 13.70216449216817622, 51.73837909587410167 ) ) ;
#3120 = ORIENTED_EDGE ( 'NONE', *, *, #691, .F. ) ;
#3121 = CARTESIAN_POINT ( 'NONE',  ( -17.19066629029713411, 25.00000000000000000, -60.08935839643856269 ) ) ;
#3122 = DIRECTION ( 'NONE',  ( 0.000000000000000000, 0.000000000000000000, 1.000000000000000000 ) ) ;
#3123 = VECTOR ( 'NONE', #3485, 1000.000000000000000 ) ;
#3124 = CARTESIAN_POINT ( 'NONE',  ( -30.35722144775308351, 65.00000000000000000, -11.56204918827372552 ) ) ;
#3125 = ADVANCED_FACE ( 'NONE', ( #1093 ), #1435, .F. ) ;
#3126 = CARTESIAN_POINT ( 'NONE',  ( 18.27725463669291273, 15.00000000000000000, -72.73886143558675599 ) ) ;
#3127 = CIRCLE ( 'NONE', #1743, 75.00000000000001421 ) ;
#3128 = CARTESIAN_POINT ( 'NONE',  ( 71.67889451572634130, 13.82249539609411215, -22.07115948479778567 ) ) ;
#3129 = CARTESIAN_POINT ( 'NONE',  ( -61.25611502218329463, 52.55088085913200047, 10.76483822625207942 ) ) ;
#3130 = FACE_OUTER_BOUND ( 'NONE', #2525, .T. ) ;
#3131 = EDGE_CURVE ( 'NONE', #1017, #1827, #851, .T. ) ;
#3132 = ORIENTED_EDGE ( 'NONE', *, *, #3522, .F. ) ;
#3133 = CARTESIAN_POINT ( 'NONE',  ( 72.19369915708359997, 65.00000000000000000, -10.05755057925695084 ) ) ;
#3134 = EDGE_LOOP ( 'NONE', ( #3243, #1313, #495, #498 ) ) ;
#3135 = CARTESIAN_POINT ( 'NONE',  ( 18.32164651503578767, 13.49842479801004913, -73.41146177190371702 ) ) ;
#3136 = DIRECTION ( 'NONE',  ( 0.000000000000000000, 0.000000000000000000, -1.000000000000000000 ) ) ;
#3137 = ORIENTED_EDGE ( 'NONE', *, *, #2748, .F. ) ;
#3138 = CARTESIAN_POINT ( 'NONE',  ( -71.94254195987964806, 13.73876860129759159, 21.21493091412297360 ) ) ;
#3139 = CARTESIAN_POINT ( 'NONE',  ( -15.95778341973634973, 15.00000000000000000, -73.44588964375047624 ) ) ;
#3140 = DIRECTION ( 'NONE',  ( 0.000000000000000000, -1.000000000000000000, 0.000000000000000000 ) ) ;
#3141 = VECTOR ( 'NONE', #3253, 1000.000000000000000 ) ;
#3142 = ORIENTED_EDGE ( 'NONE', *, *, #4306, .T. ) ;
#3143 = EDGE_CURVE ( 'NONE', #3468, #571, #2119, .T. ) ;
#3144 = CARTESIAN_POINT ( 'NONE',  ( -19.93137397501696739, 15.00000000000000000, 73.70608857103587752 ) ) ;
#3145 = FACE_OUTER_BOUND ( 'NONE', #384, .T. ) ;
#3146 = AXIS2_PLACEMENT_3D ( 'NONE', #206, #1633, #579 ) ;
#3147 = CARTESIAN_POINT ( 'NONE',  ( -68.50795287513464871, 0.000000000000000000, 156.4980854505214438 ) ) ;
#3148 = VECTOR ( 'NONE', #1892, 1000.000000000000114 ) ;
#3149 = CARTESIAN_POINT ( 'NONE',  ( 0.000000000000000000, 25.00000000000000000, 0.000000000000000000 ) ) ;
#3150 = CARTESIAN_POINT ( 'NONE',  ( -61.34231174476362014, 51.89338105425126457, 11.47234069519407207 ) ) ;
#3151 = DIRECTION ( 'NONE',  ( -0.000000000000000000, 1.000000000000000000, -0.000000000000000000 ) ) ;
#3152 = ORIENTED_EDGE ( 'NONE', *, *, #1767, .T. ) ;
#3153 = DIRECTION ( 'NONE',  ( -0.000000000000000000, -1.000000000000000000, -0.000000000000000000 ) ) ;
#3154 = VERTEX_POINT ( 'NONE', #1027 ) ;
#3155 = CARTESIAN_POINT ( 'NONE',  ( 1.657496271455031644, 45.00000000000000000, -50.91246843055469640 ) ) ;
#3156 = EDGE_CURVE ( 'NONE', #3402, #822, #3536, .T. ) ;
#3157 = CARTESIAN_POINT ( 'NONE',  ( 71.23431776928870818, -1.977872705736603676, -161.0290215034162600 ) ) ;
#3158 = ORIENTED_EDGE ( 'NONE', *, *, #794, .T. ) ;
#3159 = FACE_OUTER_BOUND ( 'NONE', #3608, .T. ) ;
#3160 = CYLINDRICAL_SURFACE ( 'NONE', #1136, 2.000000000000001776 ) ;
#3161 = CARTESIAN_POINT ( 'NONE',  ( 54.63752978883515965, 14.50088499283203447, 53.35141706713253740 ) ) ;
#3162 = ORIENTED_EDGE ( 'NONE', *, *, #811, .T. ) ;
#3163 = LINE ( 'NONE', #352, #4552 ) ;
#3164 = FACE_BOUND ( 'NONE', #2157, .T. ) ;
#3165 = ADVANCED_FACE ( 'NONE', ( #3558 ), #1480, .F. ) ;
#3166 = CARTESIAN_POINT ( 'NONE',  ( 174.6101287694738176, 0.000000000000000000, 23.13662801939299385 ) ) ;
#3167 = DIRECTION ( 'NONE',  ( -0.000000000000000000, -1.000000000000000000, -0.000000000000000000 ) ) ;
#3168 = ORIENTED_EDGE ( 'NONE', *, *, #3915, .T. ) ;
#3169 = DIRECTION ( 'NONE',  ( 0.000000000000000000, 0.000000000000000000, 1.000000000000000000 ) ) ;
#3170 = VERTEX_POINT ( 'NONE', #2418 ) ;
#3171 = VERTEX_POINT ( 'NONE', #703 ) ;
#3172 = CARTESIAN_POINT ( 'NONE',  ( 16.57673925864772357, 15.49475399352870575, -72.21798723631575001 ) ) ;
#3173 = ORIENTED_EDGE ( 'NONE', *, *, #1758, .F. ) ;
#3174 = EDGE_CURVE ( 'NONE', #374, #2866, #2856, .T. ) ;
#3175 = AXIS2_PLACEMENT_3D ( 'NONE', #4235, #1370, #2764 ) ;
#3176 = CARTESIAN_POINT ( 'NONE',  ( 70.84877485523171003, 14.90325694513983912, 24.60498211992591422 ) ) ;
#3177 = VERTEX_POINT ( 'NONE', #1761 ) ;
#3178 = EDGE_CURVE ( 'NONE', #2753, #2064, #4262, .T. ) ;
#3179 = DIRECTION ( 'NONE',  ( -0.000000000000000000, 1.000000000000000000, -0.000000000000000000 ) ) ;
#3180 = CARTESIAN_POINT ( 'NONE',  ( 18.01984836884760099, 15.00000000000000355, 75.13951097367709053 ) ) ;
#3181 = CARTESIAN_POINT ( 'NONE',  ( 54.49483837486314286, 13.37849394507853695, 52.98567445024519884 ) ) ;
#3182 = ORIENTED_EDGE ( 'NONE', *, *, #2763, .T. ) ;
#3183 = FACE_OUTER_BOUND ( 'NONE', #3310, .T. ) ;
#3184 = AXIS2_PLACEMENT_3D ( 'NONE', #3374, #996, #1275 ) ;
#3185 = CARTESIAN_POINT ( 'NONE',  ( -72.09711112681723932, 0.000000000000000000, 160.8561091466450819 ) ) ;
#3186 = B_SPLINE_CURVE_WITH_KNOTS ( 'NONE', 3,
 ( #3542, #3585, #1442, #2927, #3268, #2508 ),
 .UNSPECIFIED., .F., .F.,
 ( 4, 2, 4 ),
 ( 0.000000000000000000, 0.0009917329949735099928, 0.001983465989947019986 ),
 .UNSPECIFIED. ) ;
#3187 = LINE ( 'NONE', #3886, #2638 ) ;
#3188 = AXIS2_PLACEMENT_3D ( 'NONE', #2091, #3837, #2069 ) ;
#3189 = DIRECTION ( 'NONE',  ( 0.000000000000000000, 0.000000000000000000, 1.000000000000000000 ) ) ;
#3190 = LINE ( 'NONE', #335, #4012 ) ;
#3191 = ORIENTED_EDGE ( 'NONE', *, *, #3626, .T. ) ;
#3192 = DIRECTION ( 'NONE',  ( 0.000000000000000000, 0.000000000000000000, -1.000000000000000000 ) ) ;
#3193 = VECTOR ( 'NONE', #2079, 1000.000000000000000 ) ;
#3194 = ORIENTED_EDGE ( 'NONE', *, *, #2958, .F. ) ;
#3195 = CARTESIAN_POINT ( 'NONE',  ( 16.91522061659308918, 13.80468640977802330, -73.06630281133705296 ) ) ;
#3196 = VECTOR ( 'NONE', #2153, 1000.000000000000000 ) ;
#3197 = CARTESIAN_POINT ( 'NONE',  ( 72.51319004193244666, 14.54981794712800891, 23.28633969224841493 ) ) ;
#3198 = ORIENTED_EDGE ( 'NONE', *, *, #118, .F. ) ;
#3199 = CARTESIAN_POINT ( 'NONE',  ( 15.49036464546764158, 13.55472054524720171, 73.90478665815260229 ) ) ;
#3200 = FACE_BOUND ( 'NONE', #2949, .T. ) ;
#3201 =( BOUNDED_CURVE ( )  B_SPLINE_CURVE ( 3, ( #721, #3860, #2781, #18 ),
 .UNSPECIFIED., .F., .F. ) 
 B_SPLINE_CURVE_WITH_KNOTS ( ( 4, 4 ),
 ( 2.636079977770662719, 2.824964990453910474 ),
 .UNSPECIFIED. ) 
 CURVE ( )  GEOMETRIC_REPRESENTATION_ITEM ( )  RATIONAL_B_SPLINE_CURVE ( ( 1.000000000000000000, 0.9970290802157327770, 0.9970290802157327770, 1.000000000000000000 ) ) 
 REPRESENTATION_ITEM ( '' )  );
#3202 = DIRECTION ( 'NONE',  ( 0.9889399116584693950, 0.1483167257221470192, 0.000000000000000000 ) ) ;
#3203 = ORIENTED_EDGE ( 'NONE', *, *, #1736, .F. ) ;
#3204 = LINE ( 'NONE', #3925, #957 ) ;
#3205 = CIRCLE ( 'NONE', #732, 1.999999999999999778 ) ;
#3206 = CARTESIAN_POINT ( 'NONE',  ( 8.970000000000002416, 31.00000000000000000, 31.75000000000000711 ) ) ;
#3207 = DIRECTION ( 'NONE',  ( 0.000000000000000000, 0.000000000000000000, 1.000000000000000000 ) ) ;
#3208 = VECTOR ( 'NONE', #3248, 1000.000000000000114 ) ;
#3209 = CARTESIAN_POINT ( 'NONE',  ( 21.54292370180475658, 15.00000000000000355, -74.56794821596609779 ) ) ;
#3210 = CARTESIAN_POINT ( 'NONE',  ( 24.16999999999999815, 25.00000000000000000, -19.04999999999999005 ) ) ;
#3211 = ORIENTED_EDGE ( 'NONE', *, *, #528, .F. ) ;
#3212 = ORIENTED_EDGE ( 'NONE', *, *, #1271, .F. ) ;
#3213 = CARTESIAN_POINT ( 'NONE',  ( -73.10096304599423434, 0.000000000000000000, 160.2520691426758788 ) ) ;
#3214 = VECTOR ( 'NONE', #2743, 1000.000000000000227 ) ;
#3215 = VERTEX_POINT ( 'NONE', #3213 ) ;
#3216 = DIRECTION ( 'NONE',  ( -0.9998364509556316726, 0.000000000000000000, -0.01808511378030502534 ) ) ;
#3217 = EDGE_LOOP ( 'NONE', ( #4454, #3822 ) ) ;
#3218 = LINE ( 'NONE', #429, #1377 ) ;
#3219 = EDGE_CURVE ( 'NONE', #1471, #1113, #2441, .T. ) ;
#3220 = AXIS2_PLACEMENT_3D ( 'NONE', #4324, #2500, #3276 ) ;
#3221 = ORIENTED_EDGE ( 'NONE', *, *, #2000, .F. ) ;
#3222 = ORIENTED_EDGE ( 'NONE', *, *, #3832, .F. ) ;
#3223 = CARTESIAN_POINT ( 'NONE',  ( -54.93011408353996217, 14.90307291276054258, -51.06502349491911019 ) ) ;
#3224 = DIRECTION ( 'NONE',  ( -0.000000000000000000, -1.000000000000000000, -0.000000000000000000 ) ) ;
#3225 = CIRCLE ( 'NONE', #3519, 75.00000000000001421 ) ;
#3226 = CARTESIAN_POINT ( 'NONE',  ( -18.97781291412219318, 14.45308281131668871, 74.18412324562260096 ) ) ;
#3227 = ORIENTED_EDGE ( 'NONE', *, *, #4518, .F. ) ;
#3228 = CARTESIAN_POINT ( 'NONE',  ( -24.13000000000000256, 25.00000000000000000, -19.85999999999998877 ) ) ;
#3229 = VERTEX_POINT ( 'NONE', #2100 ) ;
#3230 = B_SPLINE_CURVE_WITH_KNOTS ( 'NONE', 3,
 ( #4258, #1496, #1846, #1863, #1109, #1519, #2501, #2920, #3907, #792, #3237, #767, #4278, #1127, #2518, #3931, #211, #1229, #258, #1316, #2662, #1909, #4373, #1928 ),
 .UNSPECIFIED., .F., .F.,
 ( 4, 2, 2, 2, 2, 2, 2, 2, 2, 2, 2, 4 ),
 ( -1.307441366767944689E-05, 0.0004693497107492087097, 0.0009517738351660968120, 0.001916622083999851333, 0.002881470332833605420, 0.003846318581667360157, 0.004811166830501115328, 0.005293590954917993564, 0.005776015079334871800, 0.006258439203751751771, 0.006740863328168630007, 0.007705711577002406429 ),
 .UNSPECIFIED. ) ;
#3231 = DIRECTION ( 'NONE',  ( 0.000000000000000000, 0.000000000000000000, -1.000000000000000000 ) ) ;
#3232 =( BOUNDED_CURVE ( )  B_SPLINE_CURVE ( 3, ( #1964, #2617, #1594, #4030 ),
 .UNSPECIFIED., .F., .T. ) 
 B_SPLINE_CURVE_WITH_KNOTS ( ( 4, 4 ),
 ( 3.458383050241001566, 4.712388980384687898 ),
 .UNSPECIFIED. ) 
 CURVE ( )  GEOMETRIC_REPRESENTATION_ITEM ( )  RATIONAL_B_SPLINE_CURVE ( ( 1.000000000000000000, 0.8731930427660694605, 0.8731930427660694605, 1.000000000000000000 ) ) 
 REPRESENTATION_ITEM ( '' )  );
#3233 = CARTESIAN_POINT ( 'NONE',  ( 73.48609877237142030, 15.00000000000000000, -19.68510250432086295 ) ) ;
#3234 = ADVANCED_FACE ( 'NONE', ( #3469 ), #1801, .T. ) ;
#3235 = DIRECTION ( 'NONE',  ( -0.000000000000000000, 1.000000000000000000, -0.000000000000000000 ) ) ;
#3236 = ADVANCED_FACE ( 'NONE', ( #3871 ), #362, .T. ) ;
#3237 = CARTESIAN_POINT ( 'NONE',  ( -59.89416462315316636, 53.37996780612800052, -14.92265552108674243 ) ) ;
#3238 = CARTESIAN_POINT ( 'NONE',  ( 78.00611074128885036, 15.00000000000000000, -165.5147406195007136 ) ) ;
#3239 = ORIENTED_EDGE ( 'NONE', *, *, #4298, .T. ) ;
#3240 = B_SPLINE_CURVE_WITH_KNOTS ( 'NONE', 3,
 ( #66, #1429, #4149, #380, #3089, #1087 ),
 .UNSPECIFIED., .F., .F.,
 ( 4, 2, 4 ),
 ( -8.944528321676979444E-06, 0.0009833539879791038715, 0.001975652504279884827 ),
 .UNSPECIFIED. ) ;
#3241 = CARTESIAN_POINT ( 'NONE',  ( -16.20766952281761775, 13.25176592379590446, -74.66198127989325428 ) ) ;
#3242 = EDGE_CURVE ( 'NONE', #4268, #2753, #4374, .T. ) ;
#3243 = ORIENTED_EDGE ( 'NONE', *, *, #3291, .T. ) ;
#3244 = DIRECTION ( 'NONE',  ( 0.000000000000000000, 0.000000000000000000, 1.000000000000000000 ) ) ;
#3245 = CARTESIAN_POINT ( 'NONE',  ( -71.23431776928981662, -1.977872705736600567, 161.0290215034157484 ) ) ;
#3246 = ORIENTED_EDGE ( 'NONE', *, *, #1618, .T. ) ;
#3247 = CARTESIAN_POINT ( 'NONE',  ( 60.71903584200335757, 52.11368804785737296, -14.16424339562934875 ) ) ;
#3248 = DIRECTION ( 'NONE',  ( -0.8749263230474003672, 0.000000000000000000, 0.4842560575137452861 ) ) ;
#3249 = AXIS2_PLACEMENT_3D ( 'NONE', #1988, #3693, #1959 ) ;
#3250 = EDGE_LOOP ( 'NONE', ( #4332, #2109, #2968, #4356 ) ) ;
#3251 = CARTESIAN_POINT ( 'NONE',  ( 72.73093342984073217, 15.00000000000000178, 22.31683142351004534 ) ) ;
#3252 = ORIENTED_EDGE ( 'NONE', *, *, #3821, .F. ) ;
#3253 = DIRECTION ( 'NONE',  ( -0.000000000000000000, 1.000000000000000000, -0.000000000000000000 ) ) ;
#3254 = CARTESIAN_POINT ( 'NONE',  ( 73.79703210361148535, 15.00000000000000000, -19.59196809082505553 ) ) ;
#3255 = DIRECTION ( 'NONE',  ( -0.8660254037844398178, 0.000000000000000000, -0.4999999999999980016 ) ) ;
#3256 = DIRECTION ( 'NONE',  ( -0.000000000000000000, -1.000000000000000000, -0.000000000000000000 ) ) ;
#3257 = EDGE_CURVE ( 'NONE', #2432, #1871, #929, .T. ) ;
#3258 = DIRECTION ( 'NONE',  ( -0.5098761939008247257, -0.1483404529302446706, 0.8473614204798673999 ) ) ;
#3259 = CARTESIAN_POINT ( 'NONE',  ( 0.000000000000000000, 25.00000000000000000, 62.50000000000000000 ) ) ;
#3260 = VECTOR ( 'NONE', #116, 1000.000000000000000 ) ;
#3261 = VERTEX_POINT ( 'NONE', #26 ) ;
#3262 = ORIENTED_EDGE ( 'NONE', *, *, #578, .T. ) ;
#3263 = CARTESIAN_POINT ( 'NONE',  ( -55.77831909150398104, 15.00000000000000000, 52.14084222697053406 ) ) ;
#3264 = EDGE_CURVE ( 'NONE', #912, #2353, #4543, .T. ) ;
#3265 = VECTOR ( 'NONE', #2436, 1000.000000000000000 ) ;
#3266 = ORIENTED_EDGE ( 'NONE', *, *, #951, .T. ) ;
#3267 = VERTEX_POINT ( 'NONE', #1203 ) ;
#3268 = CARTESIAN_POINT ( 'NONE',  ( 16.96223263040644369, 14.04652211032744091, -73.05711298577294599 ) ) ;
#3269 = ORIENTED_EDGE ( 'NONE', *, *, #179, .F. ) ;
#3270 =( GEOMETRIC_REPRESENTATION_CONTEXT ( 3 ) GLOBAL_UNCERTAINTY_ASSIGNED_CONTEXT ( ( #4365 ) ) GLOBAL_UNIT_ASSIGNED_CONTEXT ( ( #2696, #2017, #1218 ) ) REPRESENTATION_CONTEXT ( 'NONE', 'WORKASPACE' ) );
#3271 = CARTESIAN_POINT ( 'NONE',  ( -24.13000000000000256, 31.00000000000000000, -21.10999999999998877 ) ) ;
#3272 = ORIENTED_EDGE ( 'NONE', *, *, #710, .T. ) ;
#3273 = CARTESIAN_POINT ( 'NONE',  ( -24.13000000000000256, 31.00000000000000000, -17.60999999999998877 ) ) ;
#3274 = FACE_OUTER_BOUND ( 'NONE', #174, .T. ) ;
#3275 = EDGE_CURVE ( 'NONE', #3261, #3368, #3479, .T. ) ;
#3276 = DIRECTION ( 'NONE',  ( 0.000000000000000000, 0.000000000000000000, 1.000000000000000000 ) ) ;
#3277 = CARTESIAN_POINT ( 'NONE',  ( -15.64765861494299060, 15.00000000000000000, -73.34951110859705636 ) ) ;
#3278 = LINE ( 'NONE', #1822, #2736 ) ;
#3279 = ORIENTED_EDGE ( 'NONE', *, *, #806, .F. ) ;
#3280 = DIRECTION ( 'NONE',  ( 0.2230034993739967164, -0.000000000000000000, -0.9748176441093748812 ) ) ;
#3281 = VERTEX_POINT ( 'NONE', #2897 ) ;
#3282 = ORIENTED_EDGE ( 'NONE', *, *, #3501, .T. ) ;
#3283 = CARTESIAN_POINT ( 'NONE',  ( 23.13402867837321963, 50.00000000000000000, -5.794495601027412235 ) ) ;
#3284 = VECTOR ( 'NONE', #713, 1000.000000000000000 ) ;
#3285 = VERTEX_POINT ( 'NONE', #3259 ) ;
#3286 = FACE_OUTER_BOUND ( 'NONE', #4221, .T. ) ;
#3287 = CIRCLE ( 'NONE', #2413, 1.250000000000001110 ) ;
#3288 = VERTEX_POINT ( 'NONE', #2588 ) ;
#3289 = EDGE_CURVE ( 'NONE', #48, #4008, #4486, .T. ) ;
#3290 = CARTESIAN_POINT ( 'NONE',  ( -54.48210520045003591, 14.80485542351243744, -51.84338565544597799 ) ) ;
#3291 = EDGE_CURVE ( 'NONE', #3963, #1134, #4080, .T. ) ;
#3292 = ORIENTED_EDGE ( 'NONE', *, *, #3106, .T. ) ;
#3293 = CARTESIAN_POINT ( 'NONE',  ( 72.06696235913568671, 13.70216449216817622, -21.34688216142830797 ) ) ;
#3294 = ORIENTED_EDGE ( 'NONE', *, *, #1085, .F. ) ;
#3295 = CARTESIAN_POINT ( 'NONE',  ( 54.69977669818219113, 13.77594033682879449, 51.35803576478685528 ) ) ;
#3296 = VECTOR ( 'NONE', #1292, 1000.000000000000000 ) ;
#3297 = DIRECTION ( 'NONE',  ( 0.000000000000000000, 0.000000000000000000, -1.000000000000000000 ) ) ;
#3298 = DIRECTION ( 'NONE',  ( 0.000000000000000000, 0.000000000000000000, 1.000000000000000000 ) ) ;
#3299 = CARTESIAN_POINT ( 'NONE',  ( -26.30814158103472167, 50.00000000000000000, -11.83925897328049537 ) ) ;
#3300 = CARTESIAN_POINT ( 'NONE',  ( 0.000000000000000000, 15.00000000000000000, 0.000000000000000000 ) ) ;
#3301 = LINE ( 'NONE', #4350, #3037 ) ;
#3302 = ORIENTED_EDGE ( 'NONE', *, *, #34, .F. ) ;
#3303 = CARTESIAN_POINT ( 'NONE',  ( 71.16723756916510979, 14.66597966499599259, 23.67052438388585145 ) ) ;
#3304 = ORIENTED_EDGE ( 'NONE', *, *, #2580, .F. ) ;
#3305 = ORIENTED_EDGE ( 'NONE', *, *, #4065, .T. ) ;
#3306 = DIRECTION ( 'NONE',  ( 0.000000000000000000, 0.000000000000000000, -1.000000000000000000 ) ) ;
#3307 = CARTESIAN_POINT ( 'NONE',  ( 17.26613439752102153, 15.00000000000000000, 74.37586242712222884 ) ) ;
#3308 = ORIENTED_EDGE ( 'NONE', *, *, #2010, .F. ) ;
#3309 = CARTESIAN_POINT ( 'NONE',  ( 59.13087623078079957, 54.69834208310867041, 10.35888911474729746 ) ) ;
#3310 = EDGE_LOOP ( 'NONE', ( #4318, #3459, #3917, #2718 ) ) ;
#3311 = CARTESIAN_POINT ( 'NONE',  ( 59.35619911810536564, 54.50782574811397296, -11.32992323914240629 ) ) ;
#3312 = CARTESIAN_POINT ( 'NONE',  ( 73.55416147525176029, 13.25235129953025570, -20.66005083581446655 ) ) ;
#3313 = EDGE_CURVE ( 'NONE', #3040, #3934, #4376, .T. ) ;
#3314 = PLANE ( 'NONE',  #3784 ) ;
#3315 = AXIS2_PLACEMENT_3D ( 'NONE', #3669, #955, #2323 ) ;
#3316 = CARTESIAN_POINT ( 'NONE',  ( -60.00003848536366746, 25.00000000000000000, -17.49986804964195031 ) ) ;
#3317 = EDGE_CURVE ( 'NONE', #2599, #4243, #1663, .T. ) ;
#3318 = EDGE_CURVE ( 'NONE', #168, #2007, #1501, .T. ) ;
#3319 = LINE ( 'NONE', #2001, #3777 ) ;
#3320 = DIRECTION ( 'NONE',  ( 0.000000000000000000, 1.000000000000000000, -0.000000000000000000 ) ) ;
#3321 = LINE ( 'NONE', #2634, #3296 ) ;
#3322 = CARTESIAN_POINT ( 'NONE',  ( -16.96223263063179942, 14.04652211007691598, 73.05711298572137480 ) ) ;
#3323 = CARTESIAN_POINT ( 'NONE',  ( 16.20766952281708839, 13.25176592379590623, 74.66198127989335376 ) ) ;
#3324 = CARTESIAN_POINT ( 'NONE',  ( 71.34636928268555778, 15.00000000000000000, 23.12348568401103677 ) ) ;
#3325 = VERTEX_POINT ( 'NONE', #3241 ) ;
#3326 = ORIENTED_EDGE ( 'NONE', *, *, #324, .T. ) ;
#3327 = CARTESIAN_POINT ( 'NONE',  ( -109.0556544259759448, 0.000000000000000000, 138.6173324758563581 ) ) ;
#3328 = AXIS2_PLACEMENT_3D ( 'NONE', #2314, #4487, #3094 ) ;
#3329 = VERTEX_POINT ( 'NONE', #1569 ) ;
#3330 = DIRECTION ( 'NONE',  ( -0.9887746132728448822, 0.1483404529302436159, -0.01788502646311052394 ) ) ;
#3331 = VERTEX_POINT ( 'NONE', #4304 ) ;
#3332 = AXIS2_PLACEMENT_3D ( 'NONE', #2303, #978, #3792 ) ;
#3333 = CARTESIAN_POINT ( 'NONE',  ( 58.00240876882669738, 55.00000000000003553, 9.816002024004243154 ) ) ;
#3334 = ORIENTED_EDGE ( 'NONE', *, *, #616, .F. ) ;
#3335 = DIRECTION ( 'NONE',  ( -0.9998364509556317836, 0.000000000000000000, -0.01808511378030476860 ) ) ;
#3336 = AXIS2_PLACEMENT_3D ( 'NONE', #2798, #1039, #2380 ) ;
#3337 = CARTESIAN_POINT ( 'NONE',  ( -56.75553909973208988, 13.82194042948881041, 49.02865265840764408 ) ) ;
#3338 = EDGE_LOOP ( 'NONE', ( #817, #2496, #891, #1579 ) ) ;
#3339 = DIRECTION ( 'NONE',  ( 0.000000000000000000, 1.000000000000000000, 0.000000000000000000 ) ) ;
#3340 = AXIS2_PLACEMENT_3D ( 'NONE', #2261, #2602, #178 ) ;
#3341 = CARTESIAN_POINT ( 'NONE',  ( 56.71566630909902074, 24.99999999999999645, -14.33817265605800806 ) ) ;
#3342 = CARTESIAN_POINT ( 'NONE',  ( 7.654042494670957804E-15, 45.00000000000000000, -62.50000000000000000 ) ) ;
#3343 = CARTESIAN_POINT ( 'NONE',  ( 56.71566630909902074, 24.99999999999999645, -14.33817265605800806 ) ) ;
#3344 = FACE_OUTER_BOUND ( 'NONE', #1768, .T. ) ;
#3345 = DIRECTION ( 'NONE',  ( -0.01808511378030502881, 0.000000000000000000, 0.9998364509556317836 ) ) ;
#3346 = CARTESIAN_POINT ( 'NONE',  ( -15.64765861494299060, 15.00000000000000000, -73.34951110859705636 ) ) ;
#3347 = CARTESIAN_POINT ( 'NONE',  ( -24.13000000000000256, 31.00000000000000000, -21.10999999999998877 ) ) ;
#3348 = EDGE_LOOP ( 'NONE', ( #1030, #2858, #2689, #2654, #983, #3453, #423 ) ) ;
#3349 = CARTESIAN_POINT ( 'NONE',  ( -14.27376981352923302, 13.80413826865864735, -73.62790735062127112 ) ) ;
#3350 =( BOUNDED_CURVE ( )  B_SPLINE_CURVE ( 3, ( #1019, #3482, #1686, #1752 ),
 .UNSPECIFIED., .F., .F. ) 
 B_SPLINE_CURVE_WITH_KNOTS ( ( 4, 4 ),
 ( 3.458383050241009560, 4.712388980384689674 ),
 .UNSPECIFIED. ) 
 CURVE ( )  GEOMETRIC_REPRESENTATION_ITEM ( )  RATIONAL_B_SPLINE_CURVE ( ( 1.000000000000000000, 0.8731930427660705707, 0.8731930427660705707, 1.000000000000000000 ) ) 
 REPRESENTATION_ITEM ( '' )  );
#3351 = VERTEX_POINT ( 'NONE', #1181 ) ;
#3352 = ORIENTED_EDGE ( 'NONE', *, *, #186, .F. ) ;
#3353 = CARTESIAN_POINT ( 'NONE',  ( 60.59366058664426191, 51.00000000000000711, -15.31856052997650508 ) ) ;
#3354 = EDGE_LOOP ( 'NONE', ( #4316, #863, #2349, #3881 ) ) ;
#3355 = DIRECTION ( 'NONE',  ( 0.000000000000000000, 1.000000000000000000, -0.000000000000000000 ) ) ;
#3356 = CARTESIAN_POINT ( 'NONE',  ( 60.82674195509620318, 52.55088014990578671, 12.97308252051338151 ) ) ;
#3357 = VERTEX_POINT ( 'NONE', #4351 ) ;
#3358 = DIRECTION ( 'NONE',  ( -0.000000000000000000, 1.000000000000000000, -0.000000000000000000 ) ) ;
#3359 = VECTOR ( 'NONE', #4061, 1000.000000000000000 ) ;
#3360 = CARTESIAN_POINT ( 'NONE',  ( 0.000000000000000000, 65.00000000000000000, -75.00000000000001421 ) ) ;
#3361 = EDGE_CURVE ( 'NONE', #3468, #3779, #3527, .T. ) ;
#3362 = FILL_AREA_STYLE_COLOUR ( '', #3708 ) ;
#3363 = AXIS2_PLACEMENT_3D ( 'NONE', #1765, #3801, #2810 ) ;
#3364 = CARTESIAN_POINT ( 'NONE',  ( -107.3419720074417540, 3.952961321756265984E-16, 139.6484932627401463 ) ) ;
#3365 = DIRECTION ( 'NONE',  ( 0.000000000000000000, 0.000000000000000000, 1.000000000000000000 ) ) ;
#3366 = CARTESIAN_POINT ( 'NONE',  ( 16.24734501925788166, 15.00000000000000178, 73.58512246811901036 ) ) ;
#3367 = DIRECTION ( 'NONE',  ( -0.000000000000000000, -1.000000000000000000, -0.000000000000000000 ) ) ;
#3368 = VERTEX_POINT ( 'NONE', #539 ) ;
#3369 = CIRCLE ( 'NONE', #1911, 2.000000000000001776 ) ;
#3370 = LINE ( 'NONE', #3667, #4415 ) ;
#3371 = DIRECTION ( 'NONE',  ( -0.000000000000000000, -1.000000000000000000, 0.000000000000000000 ) ) ;
#3372 = FACE_OUTER_BOUND ( 'NONE', #888, .T. ) ;
#3373 = EDGE_CURVE ( 'NONE', #3496, #4353, #1156, .T. ) ;
#3374 = CARTESIAN_POINT ( 'NONE',  ( -71.38728062746005776, 15.00000000000000000, 161.2832299295596670 ) ) ;
#3375 = EDGE_CURVE ( 'NONE', #2276, #4004, #2878, .T. ) ;
#3376 = ORIENTED_EDGE ( 'NONE', *, *, #255, .T. ) ;
#3377 = CARTESIAN_POINT ( 'NONE',  ( -18.92999999999999616, 25.00000000000000000, 31.75000000000000711 ) ) ;
#3378 = VERTEX_POINT ( 'NONE', #2543 ) ;
#3379 = EDGE_CURVE ( 'NONE', #2256, #1208, #162, .T. ) ;
#3380 = EDGE_CURVE ( 'NONE', #3946, #2639, #2205, .T. ) ;
#3381 =( BOUNDED_SURFACE ( )  B_SPLINE_SURFACE ( 3, 2, ( 
 ( #1717, #636, #4504 ),
 ( #617, #3751, #962 ),
 ( #4128, #4079, #4431 ),
 ( #3423, #982, #595 ),
 ( #3399, #3797, #2011 ),
 ( #3068, #3382, #658 ),
 ( #3700, #4476, #4523 ),
 ( #1646, #1373, #3043 ),
 ( #2036, #4451, #913 ),
 ( #1302, #4102, #568 ) ),
 .UNSPECIFIED., .F., .F., .F. ) 
 B_SPLINE_SURFACE_WITH_KNOTS ( ( 4, 2, 2, 2, 4 ),
 ( 3, 3 ),
 ( 1.570796326794895448, 1.886178818226031950, 2.201561309657168231, 2.516943801088304511, 2.832326292519441235 ),
 ( 0.000000000000000000, 0.6860329862470411211 ),
 .UNSPECIFIED. ) 
 GEOMETRIC_REPRESENTATION_ITEM ( )  RATIONAL_B_SPLINE_SURFACE ( (
 ( 1.000000000000000000, 0.7990655904458987546, 0.8738264469441696658),
 ( 1.000000000000000000, 0.8028488174607267824, 0.8762020639205598815),
 ( 1.000000000000000000, 0.8065843899716159671, 0.8785477570123627622),
 ( 1.000000000000000000, 0.8136162608980994637, 0.8829633080441314785),
 ( 1.000000000000000000, 0.8169111372011983452, 0.8850322729912700748),
 ( 1.000000000000000000, 0.8227695216766361952, 0.8887109519496099175),
 ( 1.000000000000000000, 0.8253326411501503701, 0.8903204218835925055),
 ( 1.000000000000000000, 0.8295123856662194317, 0.8929450256915134609),
 ( 1.000000000000000000, 0.8311301589548397706, 0.8939608805882284237),
 ( 1.000000000000000000, 0.8322064199149017405, 0.8946367014675273843) ) ) 
 REPRESENTATION_ITEM ( '' )  SURFACE ( )  );
#3382 = CARTESIAN_POINT ( 'NONE',  ( -72.30527441335703998, 14.76874022893807314, 21.10632190023071786 ) ) ;
#3383 = CARTESIAN_POINT ( 'NONE',  ( 75.34919931401169890, 15.00000000000000000, -18.62725491042946402 ) ) ;
#3384 = ORIENTED_EDGE ( 'NONE', *, *, #531, .T. ) ;
#3385 = DIRECTION ( 'NONE',  ( -0.4788984193720174365, 0.1483404529302454755, -0.8652464469429697047 ) ) ;
#3386 = ORIENTED_EDGE ( 'NONE', *, *, #1233, .F. ) ;
#3387 = CARTESIAN_POINT ( 'NONE',  ( 75.34924783977147911, 15.00000000000000178, -18.63262127678828151 ) ) ;
#3388 = DIRECTION ( 'NONE',  ( 0.9748176441093748812, -0.000000000000000000, 0.2230034993739967164 ) ) ;
#3389 = DIRECTION ( 'NONE',  ( 0.000000000000000000, 1.000000000000000000, 0.000000000000000000 ) ) ;
#3390 = CARTESIAN_POINT ( 'NONE',  ( -71.67889451572634130, 65.00000000000000000, 22.07115948479778567 ) ) ;
#3391 = CYLINDRICAL_SURFACE ( 'NONE', #3893, 2.400000000000000355 ) ;
#3392 = CYLINDRICAL_SURFACE ( 'NONE', #3880, 2.000000000000001776 ) ;
#3393 = CARTESIAN_POINT ( 'NONE',  ( 0.000000000000000000, 0.000000000000000000, 0.000000000000000000 ) ) ;
#3394 = TOROIDAL_SURFACE ( 'NONE', #2014, 73.00000000000001421, 2.000000000000000000 ) ;
#3395 = CARTESIAN_POINT ( 'NONE',  ( -15.66700861632581976, 13.49786974829316399, -74.02361008461198821 ) ) ;
#3396 = VERTEX_POINT ( 'NONE', #3979 ) ;
#3397 = CARTESIAN_POINT ( 'NONE',  ( 55.69240965965432366, 15.00000000000000178, -51.82842027944224128 ) ) ;
#3398 = VERTEX_POINT ( 'NONE', #3602 ) ;
#3399 = CARTESIAN_POINT ( 'NONE',  ( -72.54931563329917310, 13.55526982450923512, 20.93911550087131701 ) ) ;
#3400 = ADVANCED_FACE ( 'NONE', ( #1865 ), #4222, .T. ) ;
#3401 = DIRECTION ( 'NONE',  ( 0.000000000000000000, 0.000000000000000000, 1.000000000000000000 ) ) ;
#3402 = VERTEX_POINT ( 'NONE', #2921 ) ;
#3403 = ADVANCED_FACE ( 'NONE', ( #2225 ), #1888, .T. ) ;
#3404 = CARTESIAN_POINT ( 'NONE',  ( 103.2569213115087905, 0.000000000000000000, 142.8659843486158252 ) ) ;
#3405 = AXIS2_PLACEMENT_3D ( 'NONE', #4237, #2808, #401 ) ;
#3406 = ORIENTED_EDGE ( 'NONE', *, *, #245, .T. ) ;
#3407 = DIRECTION ( 'NONE',  ( 0.000000000000000000, 0.000000000000000000, 1.000000000000000000 ) ) ;
#3408 = DIRECTION ( 'NONE',  ( 0.9887746132728447712, 0.1483404529302446151, 0.01788502646310304381 ) ) ;
#3409 = CIRCLE ( 'NONE', #4226, 62.50000000000000000 ) ;
#3410 = CARTESIAN_POINT ( 'NONE',  ( 14.45781687672228699, 0.000000000000000000, 75.63049339492083334 ) ) ;
#3411 = VECTOR ( 'NONE', #3523, 1000.000000000000000 ) ;
#3412 = DIRECTION ( 'NONE',  ( -0.000000000000000000, -1.000000000000000000, -0.000000000000000000 ) ) ;
#3413 = CARTESIAN_POINT ( 'NONE',  ( 19.93137397501647001, 15.00000000000000000, -73.70608857103603384 ) ) ;
#3414 = VERTEX_POINT ( 'NONE', #3038 ) ;
#3415 = CARTESIAN_POINT ( 'NONE',  ( -55.59315134522834256, 15.05990042397346684, 51.87501972191089550 ) ) ;
#3416 = DIRECTION ( 'NONE',  ( 0.000000000000000000, -1.000000000000000000, 0.000000000000000000 ) ) ;
#3417 = FACE_OUTER_BOUND ( 'NONE', #4309, .T. ) ;
#3418 = FACE_OUTER_BOUND ( 'NONE', #2181, .T. ) ;
#3419 = EDGE_CURVE ( 'NONE', #1895, #800, #2381, .T. ) ;
#3420 = EDGE_LOOP ( 'NONE', ( #4192, #1097 ) ) ;
#3421 = DIRECTION ( 'NONE',  ( -0.000000000000000000, -1.000000000000000000, -0.000000000000000000 ) ) ;
#3422 = ORIENTED_EDGE ( 'NONE', *, *, #3375, .F. ) ;
#3423 = CARTESIAN_POINT ( 'NONE',  ( -72.73701408093418763, 13.49842479801004735, 20.83871956477249299 ) ) ;
#3424 = ORIENTED_EDGE ( 'NONE', *, *, #3513, .T. ) ;
#3425 = DIRECTION ( 'NONE',  ( -0.8749263230474040309, 0.000000000000000000, 0.4842560575137388468 ) ) ;
#3426 = VECTOR ( 'NONE', #584, 1000.000000000000000 ) ;
#3427 = EDGE_CURVE ( 'NONE', #3154, #3515, #2557, .T. ) ;
#3428 = CARTESIAN_POINT ( 'NONE',  ( -71.82321584365062961, 14.26626751192591236, 21.59849551438051662 ) ) ;
#3429 = CARTESIAN_POINT ( 'NONE',  ( -72.42671271127335331, 15.00000000000000000, -22.42652322434381418 ) ) ;
#3430 = AXIS2_PLACEMENT_3D ( 'NONE', #4489, #301, #1704 ) ;
#3431 = ADVANCED_FACE ( 'NONE', ( #4075 ), #610, .T. ) ;
#3432 = CARTESIAN_POINT ( 'NONE',  ( -107.3419720074417540, 0.000000000000000000, 139.6484932627401463 ) ) ;
#3433 = CIRCLE ( 'NONE', #2785, 58.50000000000000000 ) ;
#3434 = CARTESIAN_POINT ( 'NONE',  ( 18.82271466184043263, 65.00000000000000000, 8.980342722836025970 ) ) ;
#3435 = AXIS2_PLACEMENT_3D ( 'NONE', #1855, #2863, #3544 ) ;
#3436 = EDGE_CURVE ( 'NONE', #590, #2570, #3498, .T. ) ;
#3437 = CARTESIAN_POINT ( 'NONE',  ( 54.40414900927930120, 14.68787669031176435, 52.50907184546002782 ) ) ;
#3438 = ORIENTED_EDGE ( 'NONE', *, *, #4551, .F. ) ;
#3439 = AXIS2_PLACEMENT_3D ( 'NONE', #541, #4126, #634 ) ;
#3440 = CARTESIAN_POINT ( 'NONE',  ( -56.64826555086356308, 14.45336097005395715, 51.52168060572174113 ) ) ;
#3441 = DIRECTION ( 'NONE',  ( -0.8660254037844397068, 0.000000000000000000, -0.4999999999999979461 ) ) ;
#3442 = CARTESIAN_POINT ( 'NONE',  ( -70.90052309988919887, 13.80413826865843951, -24.45250640902415995 ) ) ;
#3443 = B_SPLINE_CURVE_WITH_KNOTS ( 'NONE', 3,
 ( #917, #2694, #4436, #547, #3753, #4151 ),
 .UNSPECIFIED., .F., .F.,
 ( 4, 2, 4 ),
 ( 0.000000000000000000, 0.0009638903881097635271, 0.001927780776219527054 ),
 .UNSPECIFIED. ) ;
#3444 = CARTESIAN_POINT ( 'NONE',  ( 55.78393266325185351, 15.00000000000000000, -53.96437233603090533 ) ) ;
#3445 = DIRECTION ( 'NONE',  ( 0.000000000000000000, 1.000000000000000000, 0.000000000000000000 ) ) ;
#3446 = DIRECTION ( 'NONE',  ( -0.5098761939008229493, 0.1483404529302449759, 0.8473614204798683991 ) ) ;
#3447 = CYLINDRICAL_SURFACE ( 'NONE', #252, 4.000000000000000000 ) ;
#3448 = ORIENTED_EDGE ( 'NONE', *, *, #1766, .F. ) ;
#3449 = DIRECTION ( 'NONE',  ( -3.137640575642016794E-18, -1.000000000000000000, 1.734646215464058014E-16 ) ) ;
#3450 = VERTEX_POINT ( 'NONE', #956 ) ;
#3451 = CARTESIAN_POINT ( 'NONE',  ( 71.38728062745892089, 0.000000000000000000, -161.2832299295601501 ) ) ;
#3452 = DIRECTION ( 'NONE',  ( -0.000000000000000000, -1.000000000000000000, 0.000000000000000000 ) ) ;
#3453 = ORIENTED_EDGE ( 'NONE', *, *, #748, .T. ) ;
#3454 = ADVANCED_FACE ( 'NONE', ( #3418 ), #2146, .T. ) ;
#3455 = DIRECTION ( 'NONE',  ( 0.000000000000000000, 0.000000000000000000, 1.000000000000000000 ) ) ;
#3456 = B_SPLINE_CURVE_WITH_KNOTS ( 'NONE', 3,
 ( #4553, #1400, #1769, #4198, #1052, #3849 ),
 .UNSPECIFIED., .F., .F.,
 ( 4, 2, 4 ),
 ( 0.000000000000000000, 0.0009600810763620478685, 0.001920162152724095737 ),
 .UNSPECIFIED. ) ;
#3457 = DIRECTION ( 'NONE',  ( 0.000000000000000000, 0.000000000000000000, -1.000000000000000000 ) ) ;
#3458 = CARTESIAN_POINT ( 'NONE',  ( 53.41316998973053387, 15.26352126214730021, 52.56250333513966666 ) ) ;
#3459 = ORIENTED_EDGE ( 'NONE', *, *, #3513, .F. ) ;
#3460 = FACE_OUTER_BOUND ( 'NONE', #2167, .T. ) ;
#3461 = CARTESIAN_POINT ( 'NONE',  ( 56.95289755861418257, 55.00000000000000000, 9.670044219008616437 ) ) ;
#3462 = DIRECTION ( 'NONE',  ( -0.01808511378030502881, 1.734929961601324113E-16, 0.9998364509556317836 ) ) ;
#3463 = CARTESIAN_POINT ( 'NONE',  ( 72.19369915708359997, 55.00000000000000000, -10.05755057925694906 ) ) ;
#3464 = CYLINDRICAL_SURFACE ( 'NONE', #1107, 1.250000000000001110 ) ;
#3465 = CARTESIAN_POINT ( 'NONE',  ( -57.99658932025867841, 55.00000000000000000, 7.658043302127309992 ) ) ;
#3466 = VECTOR ( 'NONE', #3014, 1000.000000000000000 ) ;
#3467 = CARTESIAN_POINT ( 'NONE',  ( 19.18441693744652454, 55.00000000000000000, -11.01638629627659682 ) ) ;
#3468 = VERTEX_POINT ( 'NONE', #2387 ) ;
#3469 = FACE_OUTER_BOUND ( 'NONE', #1970, .T. ) ;
#3470 = ORIENTED_EDGE ( 'NONE', *, *, #96, .F. ) ;
#3471 = CARTESIAN_POINT ( 'NONE',  ( 71.83199688147749384, 55.00000000000000000, 9.939178439855684388 ) ) ;
#3472 = CARTESIAN_POINT ( 'NONE',  ( -71.97311061088021233, 14.66607261105222015, 21.09361731904577297 ) ) ;
#3473 = EDGE_CURVE ( 'NONE', #3628, #4352, #409, .T. ) ;
#3474 = AXIS2_PLACEMENT_3D ( 'NONE', #3057, #181, #1951 ) ;
#3475 = VERTEX_POINT ( 'NONE', #1617 ) ;
#3476 = DIRECTION ( 'NONE',  ( 0.000000000000000000, 1.000000000000000000, 0.000000000000000000 ) ) ;
#3477 = DIRECTION ( 'NONE',  ( 0.000000000000000000, 0.000000000000000000, 1.000000000000000000 ) ) ;
#3478 = CARTESIAN_POINT ( 'NONE',  ( -58.98932233183359841, 0.000000000000000000, -151.9574401705038440 ) ) ;
#3479 = CIRCLE ( 'NONE', #2024, 3.999999999999998224 ) ;
#3480 = ORIENTED_EDGE ( 'NONE', *, *, #1956, .T. ) ;
#3481 = FACE_OUTER_BOUND ( 'NONE', #4244, .T. ) ;
#3482 = CARTESIAN_POINT ( 'NONE',  ( 54.34394009110235402, 13.73876860129760047, 51.69660349302191094 ) ) ;
#3483 = VECTOR ( 'NONE', #947, 1000.000000000000000 ) ;
#3484 = LINE ( 'NONE', #4498, #2018 ) ;
#3485 = DIRECTION ( 'NONE',  ( -0.000000000000000000, 1.000000000000000000, -0.000000000000000000 ) ) ;
#3486 = AXIS2_PLACEMENT_3D ( 'NONE', #1074, #664, #642 ) ;
#3487 = EDGE_LOOP ( 'NONE', ( #1800, #478, #2164, #3448 ) ) ;
#3488 = ADVANCED_FACE ( 'NONE', ( #2363, #3016 ), #4426, .T. ) ;
#3489 = CARTESIAN_POINT ( 'NONE',  ( -59.46681805212704575, 54.69834219174470746, 8.213685315630472772 ) ) ;
#3490 = DIRECTION ( 'NONE',  ( 0.000000000000000000, 0.000000000000000000, -1.000000000000000000 ) ) ;
#3491 = ORIENTED_EDGE ( 'NONE', *, *, #2699, .T. ) ;
#3492 = DIRECTION ( 'NONE',  ( -0.9998364509556316726, 0.000000000000000000, -0.01808511378030502534 ) ) ;
#3493 = ORIENTED_EDGE ( 'NONE', *, *, #1616, .F. ) ;
#3494 = ORIENTED_EDGE ( 'NONE', *, *, #3659, .F. ) ;
#3495 = CARTESIAN_POINT ( 'NONE',  ( 17.21005034007080781, 14.86417934356099657, -73.04716822281713462 ) ) ;
#3496 = VERTEX_POINT ( 'NONE', #722 ) ;
#3497 = DIRECTION ( 'NONE',  ( -0.000000000000000000, 1.000000000000000000, -0.000000000000000000 ) ) ;
#3498 =( BOUNDED_CURVE ( )  B_SPLINE_CURVE ( 3, ( #1296, #3721, #2030, #3444 ),
 .UNSPECIFIED., .F., .F. ) 
 B_SPLINE_CURVE_WITH_KNOTS ( ( 4, 4 ),
 ( 2.654924803260351407, 3.141592653589832196 ),
 .UNSPECIFIED. ) 
 CURVE ( )  GEOMETRIC_REPRESENTATION_ITEM ( )  RATIONAL_B_SPLINE_CURVE ( ( 1.000000000000000000, 0.9803600635457734302, 0.9803600635457734302, 1.000000000000000000 ) ) 
 REPRESENTATION_ITEM ( '' )  );
#3499 = ORIENTED_EDGE ( 'NONE', *, *, #1399, .T. ) ;
#3500 = LINE ( 'NONE', #2449, #1762 ) ;
#3501 = EDGE_CURVE ( 'NONE', #2035, #3475, #999, .T. ) ;
#3502 = DIRECTION ( 'NONE',  ( 0.000000000000000000, 0.000000000000000000, 1.000000000000000000 ) ) ;
#3503 = CARTESIAN_POINT ( 'NONE',  ( 54.66920960491935944, 13.25235129953025748, 53.36974697372319554 ) ) ;
#3504 = ORIENTED_EDGE ( 'NONE', *, *, #1343, .T. ) ;
#3505 = CARTESIAN_POINT ( 'NONE',  ( -53.85420464961176634, 15.00710262026254149, -54.12167747037312182 ) ) ;
#3506 = FACE_OUTER_BOUND ( 'NONE', #4513, .T. ) ;
#3507 = AXIS2_PLACEMENT_3D ( 'NONE', #1949, #2955, #3365 ) ;
#3508 = CARTESIAN_POINT ( 'NONE',  ( 56.75553909973174882, 13.82194042948881041, -49.02865265840804909 ) ) ;
#3509 =( NAMED_UNIT ( * ) SI_UNIT ( $, .STERADIAN. ) SOLID_ANGLE_UNIT ( ) );
#3510 = CIRCLE ( 'NONE', #1612, 75.00000000000001421 ) ;
#3511 = CARTESIAN_POINT ( 'NONE',  ( 24.16999999999999815, 25.00000000000000000, -15.54999999999999005 ) ) ;
#3512 = DIRECTION ( 'NONE',  ( -0.000000000000000000, -1.000000000000000000, -0.000000000000000000 ) ) ;
#3513 = EDGE_CURVE ( 'NONE', #2940, #2868, #3854, .T. ) ;
#3514 = DIRECTION ( 'NONE',  ( -0.000000000000000000, 1.000000000000000000, -0.000000000000000000 ) ) ;
#3515 = VERTEX_POINT ( 'NONE', #3905 ) ;
#3516 = DIRECTION ( 'NONE',  ( 0.000000000000000000, 0.000000000000000000, 1.000000000000000000 ) ) ;
#3517 = ADVANCED_FACE ( 'NONE', ( #1428 ), #1106, .F. ) ;
#3518 = ORIENTED_EDGE ( 'NONE', *, *, #806, .T. ) ;
#3519 = AXIS2_PLACEMENT_3D ( 'NONE', #3532, #1820, #487 ) ;
#3520 = FACE_OUTER_BOUND ( 'NONE', #201, .T. ) ;
#3521 = EDGE_CURVE ( 'NONE', #3560, #2789, #264, .T. ) ;
#3522 = EDGE_CURVE ( 'NONE', #8, #3215, #250, .T. ) ;
#3523 = DIRECTION ( 'NONE',  ( -0.000000000000000000, -1.000000000000000000, -0.000000000000000000 ) ) ;
#3524 = ORIENTED_EDGE ( 'NONE', *, *, #934, .T. ) ;
#3525 = CARTESIAN_POINT ( 'NONE',  ( 0.000000000000000000, 63.00000000000000000, 0.000000000000000000 ) ) ;
#3526 = CARTESIAN_POINT ( 'NONE',  ( 0.000000000000000000, 15.00000000000000000, 0.000000000000000000 ) ) ;
#3527 =( BOUNDED_CURVE ( )  B_SPLINE_CURVE ( 3, ( #2250, #2275, #3671, #3647 ),
 .UNSPECIFIED., .F., .F. ) 
 B_SPLINE_CURVE_WITH_KNOTS ( ( 4, 4 ),
 ( 8.673617379883863895E-16, 0.4873002987982661960 ),
 .UNSPECIFIED. ) 
 CURVE ( )  GEOMETRIC_REPRESENTATION_ITEM ( )  RATIONAL_B_SPLINE_CURVE ( ( 1.000000000000000000, 0.9803092372214112782, 0.9803092372214112782, 1.000000000000000000 ) ) 
 REPRESENTATION_ITEM ( '' )  );
#3528 = CARTESIAN_POINT ( 'NONE',  ( 56.75553909973174882, 13.82194042948881041, -49.02865265840804909 ) ) ;
#3529 = VERTEX_POINT ( 'NONE', #1363 ) ;
#3530 = CARTESIAN_POINT ( 'NONE',  ( 56.51326379231387165, 13.77539654388661461, -49.35550281527618921 ) ) ;
#3531 = DIRECTION ( 'NONE',  ( -0.000000000000000000, -1.000000000000000000, -0.000000000000000000 ) ) ;
#3532 = CARTESIAN_POINT ( 'NONE',  ( 0.000000000000000000, 63.00000000000000000, 0.000000000000000000 ) ) ;
#3533 = CARTESIAN_POINT ( 'NONE',  ( -61.25821921836689654, 51.00000000000000711, 12.39679709418949116 ) ) ;
#3534 = CARTESIAN_POINT ( 'NONE',  ( 17.59860186877683219, 13.73876860129758803, -72.91153440714532508 ) ) ;
#3535 = ORIENTED_EDGE ( 'NONE', *, *, #2287, .T. ) ;
#3536 = LINE ( 'NONE', #4193, #1803 ) ;
#3537 = EDGE_CURVE ( 'NONE', #741, #2576, #2824, .T. ) ;
#3538 = ORIENTED_EDGE ( 'NONE', *, *, #1078, .F. ) ;
#3539 = VERTEX_POINT ( 'NONE', #330 ) ;
#3540 = CARTESIAN_POINT ( 'NONE',  ( 19.57710068799858050, 15.11316379282955502, -73.15989545435914465 ) ) ;
#3541 = EDGE_CURVE ( 'NONE', #4008, #2254, #1043, .T. ) ;
#3542 = CARTESIAN_POINT ( 'NONE',  ( 18.27725463669291273, 15.00000000000000000, -72.73886143558675599 ) ) ;
#3543 = ORIENTED_EDGE ( 'NONE', *, *, #3612, .T. ) ;
#3544 = DIRECTION ( 'NONE',  ( 0.8749263230473998121, 0.000000000000000000, -0.4842560575137463963 ) ) ;
#3545 = CARTESIAN_POINT ( 'NONE',  ( 8.970000000000002416, 31.00000000000000000, 31.75000000000000711 ) ) ;
#3546 = CARTESIAN_POINT ( 'NONE',  ( 9.062386313690415163E-15, 65.00000000000000000, -73.00000000000001421 ) ) ;
#3547 = ORIENTED_EDGE ( 'NONE', *, *, #1990, .F. ) ;
#3548 = CARTESIAN_POINT ( 'NONE',  ( 55.46152525731352512, 15.11318647132246085, -51.57172474551715169 ) ) ;
#3549 = AXIS2_PLACEMENT_3D ( 'NONE', #2108, #3853, #3502 ) ;
#3550 = AXIS2_PLACEMENT_3D ( 'NONE', #261, #563, #3082 ) ;
#3551 = CARTESIAN_POINT ( 'NONE',  ( 54.11355089432206711, 15.00000000000000000, 55.16071042610725783 ) ) ;
#3552 = CARTESIAN_POINT ( 'NONE',  ( -30.35722144775308351, 65.00000000000000000, -9.162049188273725164 ) ) ;
#3553 = VECTOR ( 'NONE', #2023, 1000.000000000000000 ) ;
#3554 = CARTESIAN_POINT ( 'NONE',  ( 8.970000000000002416, 25.00000000000000000, 31.75000000000000711 ) ) ;
#3555 = CARTESIAN_POINT ( 'NONE',  ( -54.11355089432249343, 15.00000000000000000, -55.16071042610690256 ) ) ;
#3556 = EDGE_CURVE ( 'NONE', #759, #4268, #378, .T. ) ;
#3557 = EDGE_LOOP ( 'NONE', ( #2946, #1304, #1914, #1568, #1774 ) ) ;
#3558 = FACE_OUTER_BOUND ( 'NONE', #543, .T. ) ;
#3559 = VERTEX_POINT ( 'NONE', #2802 ) ;
#3560 = VERTEX_POINT ( 'NONE', #3105 ) ;
#3561 = CARTESIAN_POINT ( 'NONE',  ( 55.80054771489135845, 15.00000000000000000, -50.11286137029232179 ) ) ;
#3562 = ADVANCED_FACE ( 'NONE', ( #3164, #2825, #2111 ), #678, .T. ) ;
#3563 = ORIENTED_EDGE ( 'NONE', *, *, #1987, .F. ) ;
#3564 = CARTESIAN_POINT ( 'NONE',  ( -58.98932233183359841, 0.000000000000000000, -151.9574401705038440 ) ) ;
#3565 = EDGE_CURVE ( 'NONE', #100, #1434, #3863, .T. ) ;
#3566 = DIRECTION ( 'NONE',  ( -0.000000000000000000, -1.000000000000000000, -0.000000000000000000 ) ) ;
#3567 = CARTESIAN_POINT ( 'NONE',  ( 72.42671271127335331, 15.00000000000000000, 22.42652322434381418 ) ) ;
#3568 = EDGE_CURVE ( 'NONE', #571, #2570, #19, .T. ) ;
#3569 = EDGE_LOOP ( 'NONE', ( #514, #1782, #1082, #1301 ) ) ;
#3570 = DIRECTION ( 'NONE',  ( -0.9998364509556316726, 0.000000000000000000, -0.01808511378030502534 ) ) ;
#3571 = ADVANCED_FACE ( 'NONE', ( #2477 ), #4253, .T. ) ;
#3572 = EDGE_CURVE ( 'NONE', #1871, #2432, #1667, .T. ) ;
#3573 = CIRCLE ( 'NONE', #1023, 1.250000000000001110 ) ;
#3574 = DIRECTION ( 'NONE',  ( -0.000000000000000000, -1.000000000000000000, -0.000000000000000000 ) ) ;
#3575 = DIRECTION ( 'NONE',  ( 0.000000000000000000, 0.000000000000000000, 1.000000000000000000 ) ) ;
#3576 = AXIS2_PLACEMENT_3D ( 'NONE', #3525, #3224, #802 ) ;
#3577 = CARTESIAN_POINT ( 'NONE',  ( 7.091006580473556475, 45.00000000000000000, -74.66403167305983857 ) ) ;
#3578 = CYLINDRICAL_SURFACE ( 'NONE', #3765, 2.000000000000003109 ) ;
#3579 = ORIENTED_EDGE ( 'NONE', *, *, #663, .F. ) ;
#3580 = DIRECTION ( 'NONE',  ( 0.000000000000000000, 0.000000000000000000, 1.000000000000000000 ) ) ;
#3581 = AXIS2_PLACEMENT_3D ( 'NONE', #2651, #1675, #598 ) ;
#3582 = ORIENTED_EDGE ( 'NONE', *, *, #943, .T. ) ;
#3583 = VERTEX_POINT ( 'NONE', #3126 ) ;
#3584 = CARTESIAN_POINT ( 'NONE',  ( -18.92999999999999616, 25.00000000000000000, 30.50000000000000711 ) ) ;
#3585 = CARTESIAN_POINT ( 'NONE',  ( 17.98773072993444799, 14.84782821750937210, -72.81161074816596113 ) ) ;
#3586 = ORIENTED_EDGE ( 'NONE', *, *, #4463, .F. ) ;
#3587 = FACE_OUTER_BOUND ( 'NONE', #3091, .T. ) ;
#3588 = CARTESIAN_POINT ( 'NONE',  ( -30.61945559756750157, 50.00000000000000000, 5.335579350582936087 ) ) ;
#3589 = AXIS2_PLACEMENT_3D ( 'NONE', #2924, #2590, #798 ) ;
#3590 = ORIENTED_EDGE ( 'NONE', *, *, #1168, .T. ) ;
#3591 = CARTESIAN_POINT ( 'NONE',  ( -18.24828002125838822, 25.00000000000000000, -55.46619988777170107 ) ) ;
#3592 = ORIENTED_EDGE ( 'NONE', *, *, #3257, .F. ) ;
#3593 = EDGE_CURVE ( 'NONE', #822, #872, #4540, .T. ) ;
#3594 = CARTESIAN_POINT ( 'NONE',  ( 56.27035472976929498, 14.76896567921101067, -50.07188376989538625 ) ) ;
#3595 = FACE_OUTER_BOUND ( 'NONE', #4209, .T. ) ;
#3596 = ADVANCED_FACE ( 'NONE', ( #1754 ), #4369, .T. ) ;
#3597 = DIRECTION ( 'NONE',  ( 0.000000000000000000, 1.000000000000000000, 0.000000000000000000 ) ) ;
#3598 = CARTESIAN_POINT ( 'NONE',  ( 54.78819945743889974, 14.04652211002899698, 51.21828085592137114 ) ) ;
#3599 = DIRECTION ( 'NONE',  ( 0.000000000000000000, 0.000000000000000000, 1.000000000000000000 ) ) ;
#3600 = ORIENTED_EDGE ( 'NONE', *, *, #1840, .F. ) ;
#3601 = ORIENTED_EDGE ( 'NONE', *, *, #2455, .T. ) ;
#3602 = CARTESIAN_POINT ( 'NONE',  ( 55.69871066774256008, 15.00000000000000000, -50.22602542458545116 ) ) ;
#3603 = ORIENTED_EDGE ( 'NONE', *, *, #1001, .F. ) ;
#3604 = ORIENTED_EDGE ( 'NONE', *, *, #2767, .F. ) ;
#3605 = DIRECTION ( 'NONE',  ( -0.000000000000000000, 1.000000000000000000, -0.000000000000000000 ) ) ;
#3606 = ORIENTED_EDGE ( 'NONE', *, *, #2541, .T. ) ;
#3607 = CARTESIAN_POINT ( 'NONE',  ( 54.95363206267614942, 0.000000000000000000, 51.04016382340492441 ) ) ;
#3608 = EDGE_LOOP ( 'NONE', ( #4049, #2560, #843, #1331, #3137 ) ) ;
#3609 = CARTESIAN_POINT ( 'NONE',  ( -53.84359868162474783, 15.45320977583414646, -50.98578155903169318 ) ) ;
#3610 = CYLINDRICAL_SURFACE ( 'NONE', #3435, 1.999999999999998890 ) ;
#3611 = VECTOR ( 'NONE', #260, 1000.000000000000227 ) ;
#3612 = EDGE_CURVE ( 'NONE', #1401, #3351, #3800, .T. ) ;
#3613 = ORIENTED_EDGE ( 'NONE', *, *, #3537, .T. ) ;
#3614 = DIRECTION ( 'NONE',  ( 0.000000000000000000, -1.000000000000000000, 0.000000000000000000 ) ) ;
#3615 = ORIENTED_EDGE ( 'NONE', *, *, #616, .T. ) ;
#3616 = CARTESIAN_POINT ( 'NONE',  ( 56.73292700313312764, 14.90325694513983734, -49.05434779167240578 ) ) ;
#3617 = CYLINDRICAL_SURFACE ( 'NONE', #637, 2.000000000000001776 ) ;
#3618 = CARTESIAN_POINT ( 'NONE',  ( 14.45781687672228699, 13.77672171762433351, 73.63049339492083334 ) ) ;
#3619 = DIRECTION ( 'NONE',  ( 0.000000000000000000, 1.000000000000000000, 0.000000000000000000 ) ) ;
#3620 = CARTESIAN_POINT ( 'NONE',  ( -54.09335913097089588, 15.00000000000000000, -55.78179771705967482 ) ) ;
#3621 = ORIENTED_EDGE ( 'NONE', *, *, #1345, .F. ) ;
#3622 = ORIENTED_EDGE ( 'NONE', *, *, #2898, .F. ) ;
#3623 = CARTESIAN_POINT ( 'NONE',  ( 56.71566630909902074, 55.00000000000000000, -14.33817265605800806 ) ) ;
#3624 = ADVANCED_FACE ( 'NONE', ( #3595 ), #3617, .F. ) ;
#3625 = AXIS2_PLACEMENT_3D ( 'NONE', #4164, #1063, #1776 ) ;
#3626 = EDGE_CURVE ( 'NONE', #1306, #3450, #841, .T. ) ;
#3627 = ORIENTED_EDGE ( 'NONE', *, *, #2703, .F. ) ;
#3628 = VERTEX_POINT ( 'NONE', #4276 ) ;
#3629 = CARTESIAN_POINT ( 'NONE',  ( 53.80627561220652666, 15.00000000000000000, 55.94069330553612218 ) ) ;
#3630 = VECTOR ( 'NONE', #4342, 1000.000000000000000 ) ;
#3631 = ORIENTED_EDGE ( 'NONE', *, *, #1166, .T. ) ;
#3632 = VERTEX_POINT ( 'NONE', #508 ) ;
#3633 = CARTESIAN_POINT ( 'NONE',  ( 59.48548704325803982, 54.50782557484526336, 10.63025888278748177 ) ) ;
#3634 = CIRCLE ( 'NONE', #719, 62.50000000000000000 ) ;
#3635 = ORIENTED_EDGE ( 'NONE', *, *, #2612, .F. ) ;
#3636 = CARTESIAN_POINT ( 'NONE',  ( -54.81966408692801451, 13.80468640977771244, -51.18216217025605630 ) ) ;
#3637 = DIRECTION ( 'NONE',  ( 0.000000000000000000, 1.000000000000000000, 0.000000000000000000 ) ) ;
#3638 = DIRECTION ( 'NONE',  ( 0.000000000000000000, 1.000000000000000000, 0.000000000000000000 ) ) ;
#3639 = EDGE_CURVE ( 'NONE', #2353, #198, #345, .T. ) ;
#3640 = CARTESIAN_POINT ( 'NONE',  ( 72.36365620657412023, 15.00000000000000178, -20.31107528721755884 ) ) ;
#3641 = ORIENTED_EDGE ( 'NONE', *, *, #1069, .T. ) ;
#3642 = FACE_OUTER_BOUND ( 'NONE', #1850, .T. ) ;
#3643 = CARTESIAN_POINT ( 'NONE',  ( -15.35549569479091048, 14.84780634947904154, -73.41183825386889339 ) ) ;
#3644 = CARTESIAN_POINT ( 'NONE',  ( 169.7685045246558673, 0.000000000000000000, -18.91971886483792176 ) ) ;
#3645 = ORIENTED_EDGE ( 'NONE', *, *, #1010, .T. ) ;
#3646 = ORIENTED_EDGE ( 'NONE', *, *, #4257, .F. ) ;
#3647 = CARTESIAN_POINT ( 'NONE',  ( 19.93137397501647001, 15.00000000000000000, -73.70608857103603384 ) ) ;
#3648 = EDGE_CURVE ( 'NONE', #2642, #491, #4003, .T. ) ;
#3649 = EDGE_CURVE ( 'NONE', #1007, #4381, #4297, .T. ) ;
#3650 = ORIENTED_EDGE ( 'NONE', *, *, #2422, .T. ) ;
#3651 = ORIENTED_EDGE ( 'NONE', *, *, #570, .F. ) ;
#3652 = CARTESIAN_POINT ( 'NONE',  ( 24.16999999999999815, 25.00000000000000000, -22.54999999999999005 ) ) ;
#3653 = CIRCLE ( 'NONE', #1394, 73.00000000000001421 ) ;
#3654 = EDGE_CURVE ( 'NONE', #428, #79, #1175, .T. ) ;
#3655 = CARTESIAN_POINT ( 'NONE',  ( -18.63952092313265396, 13.37849394507852985, 73.68675163288081364 ) ) ;
#3656 = ORIENTED_EDGE ( 'NONE', *, *, #3317, .F. ) ;
#3657 = DIRECTION ( 'NONE',  ( 0.000000000000000000, 0.000000000000000000, 1.000000000000000000 ) ) ;
#3658 = EDGE_LOOP ( 'NONE', ( #407, #45, #2180 ) ) ;
#3659 = EDGE_CURVE ( 'NONE', #428, #2943, #2959, .T. ) ;
#3660 = CARTESIAN_POINT ( 'NONE',  ( -53.48283879152329234, 15.35079996961711934, -51.90853106247573834 ) ) ;
#3661 = CARTESIAN_POINT ( 'NONE',  ( 71.07678140273867484, 15.45320977583422462, -21.13703350994562769 ) ) ;
#3662 = DIRECTION ( 'NONE',  ( 0.000000000000000000, 0.000000000000000000, -1.000000000000000000 ) ) ;
#3663 = DIRECTION ( 'NONE',  ( -0.000000000000000000, -1.000000000000000000, 0.000000000000000000 ) ) ;
#3664 = CYLINDRICAL_SURFACE ( 'NONE', #850, 1.999999999999997558 ) ;
#3665 = DIRECTION ( 'NONE',  ( 0.5098761939008231714, -0.1483404529302446428, -0.8473614204798681770 ) ) ;
#3666 = ORIENTED_EDGE ( 'NONE', *, *, #461, .T. ) ;
#3667 = CARTESIAN_POINT ( 'NONE',  ( 103.8380644838641160, -1.977872705736593684, 142.2052395611658824 ) ) ;
#3668 = CARTESIAN_POINT ( 'NONE',  ( -14.08228916563911071, 13.82194042948881041, -73.66606499505266470 ) ) ;
#3669 = CARTESIAN_POINT ( 'NONE',  ( 58.26902014239125549, 65.00000000000000000, -50.33608339596558068 ) ) ;
#3670 = EDGE_LOOP ( 'NONE', ( #4194, #304, #3352, #2942 ) ) ;
#3671 = CARTESIAN_POINT ( 'NONE',  ( 20.71380107264465664, 14.99999999999999822, -74.44406497651874588 ) ) ;
#3672 =( BOUNDED_CURVE ( )  B_SPLINE_CURVE ( 3, ( #3737, #1924, #2579, #232 ),
 .UNSPECIFIED., .F., .F. ) 
 B_SPLINE_CURVE_WITH_KNOTS ( ( 4, 4 ),
 ( 1.570796326794894782, 2.824964990453910918 ),
 .UNSPECIFIED. ) 
 CURVE ( )  GEOMETRIC_REPRESENTATION_ITEM ( )  RATIONAL_B_SPLINE_CURVE ( ( 1.000000000000000000, 0.8731612146197120783, 0.8731612146197120783, 1.000000000000000000 ) ) 
 REPRESENTATION_ITEM ( '' )  );
#3673 = ORIENTED_EDGE ( 'NONE', *, *, #3419, .F. ) ;
#3674 = VERTEX_POINT ( 'NONE', #1516 ) ;
#3675 = DIRECTION ( 'NONE',  ( -0.8568412092670973923, 0.000000000000000000, -0.5155803934418941026 ) ) ;
#3676 = B_SPLINE_CURVE_WITH_KNOTS ( 'NONE', 3,
 ( #2173, #2495, #3901, #3567, #3251, #105 ),
 .UNSPECIFIED., .F., .F.,
 ( 4, 2, 4 ),
 ( 0.000000000000000000, 0.0009638903881092693478, 0.001927780776218538696 ),
 .UNSPECIFIED. ) ;
#3677 = EDGE_LOOP ( 'NONE', ( #3113, #317, #2994, #1198 ) ) ;
#3678 = CARTESIAN_POINT ( 'NONE',  ( -18.27211564267131649, 14.68787669031208587, 73.36991103603962472 ) ) ;
#3679 = EDGE_LOOP ( 'NONE', ( #2203, #1202, #2672, #123, #3211 ) ) ;
#3680 = B_SPLINE_CURVE_WITH_KNOTS ( 'NONE', 3,
 ( #3692, #4021, #928, #2271, #3322, #187 ),
 .UNSPECIFIED., .F., .F.,
 ( 4, 2, 4 ),
 ( 0.000000000000000000, 0.0009917329949730210176, 0.001983465989946042035 ),
 .UNSPECIFIED. ) ;
#3681 = CARTESIAN_POINT ( 'NONE',  ( 59.79794844153916955, 54.28370076940340994, 10.92910167323230475 ) ) ;
#3682 = ORIENTED_EDGE ( 'NONE', *, *, #691, .T. ) ;
#3683 = CARTESIAN_POINT ( 'NONE',  ( -26.66984385664081714, 50.00000000000000000, 8.157470045832143413 ) ) ;
#3684 = EDGE_CURVE ( 'NONE', #2281, #2453, #2977, .T. ) ;
#3685 = CARTESIAN_POINT ( 'NONE',  ( 70.92817610105466031, 15.47811634594355645, -21.43697699245226218 ) ) ;
#3686 = DIRECTION ( 'NONE',  ( 0.000000000000000000, 1.000000000000000000, 0.000000000000000000 ) ) ;
#3687 = CARTESIAN_POINT ( 'NONE',  ( -72.76300724667429165, 13.25176592379589913, -23.29473709704459949 ) ) ;
#3688 = LINE ( 'NONE', #346, #3284 ) ;
#3689 = LINE ( 'NONE', #2984, #3850 ) ;
#3690 = DIRECTION ( 'NONE',  ( 0.000000000000000000, 0.000000000000000000, 1.000000000000000000 ) ) ;
#3691 = FACE_OUTER_BOUND ( 'NONE', #3775, .T. ) ;
#3692 = CARTESIAN_POINT ( 'NONE',  ( -18.27725463669346695, 15.00000000000000000, 72.73886143558661388 ) ) ;
#3693 = DIRECTION ( 'NONE',  ( -0.000000000000000000, -1.000000000000000000, 0.000000000000000000 ) ) ;
#3694 = ORIENTED_EDGE ( 'NONE', *, *, #3568, .T. ) ;
#3695 = AXIS2_PLACEMENT_3D ( 'NONE', #3075, #4490, #1335 ) ;
#3696 = ORIENTED_EDGE ( 'NONE', *, *, #3008, .F. ) ;
#3697 = CARTESIAN_POINT ( 'NONE',  ( -36.31920431353083245, 15.00000000000000000, -65.61947422855509160 ) ) ;
#3698 = EDGE_CURVE ( 'NONE', #3761, #1564, #2388, .T. ) ;
#3699 = ORIENTED_EDGE ( 'NONE', *, *, #2699, .F. ) ;
#3700 = CARTESIAN_POINT ( 'NONE',  ( -72.06696235913568671, 13.70216449216817090, 21.34688216142830797 ) ) ;
#3701 = AXIS2_PLACEMENT_3D ( 'NONE', #1068, #2463, #3516 ) ;
#3702 = DIRECTION ( 'NONE',  ( -0.000000000000000000, 1.000000000000000000, -0.000000000000000000 ) ) ;
#3703 = ORIENTED_EDGE ( 'NONE', *, *, #1898, .T. ) ;
#3704 = DIRECTION ( 'NONE',  ( 0.9887746132728449933, -0.1483404529302446706, 0.01788502646310304034 ) ) ;
#3705 = AXIS2_PLACEMENT_3D ( 'NONE', #2660, #2267, #2338 ) ;
#3706 = CARTESIAN_POINT ( 'NONE',  ( 72.73701408093658927, 13.49842479801005446, -20.83871956477165810 ) ) ;
#3707 = DIRECTION ( 'NONE',  ( 3.137640575642016794E-18, 1.000000000000000000, -1.734646215464058014E-16 ) ) ;
#3708 = COLOUR_RGB ( '',0.7921568627450980005, 0.8196078431372548767, 0.9333333333333333481 ) ;
#3709 = CARTESIAN_POINT ( 'NONE',  ( -73.04445348902481783, 15.00000000000000000, -22.23502020015192926 ) ) ;
#3710 = ADVANCED_FACE ( 'NONE', ( #788 ), #133, .F. ) ;
#3711 = VECTOR ( 'NONE', #4545, 1000.000000000000114 ) ;
#3712 = CARTESIAN_POINT ( 'NONE',  ( 23.13402867837321963, 65.00000000000000000, -5.794495601027412235 ) ) ;
#3713 = CARTESIAN_POINT ( 'NONE',  ( 16.20766952281708839, 15.00000000000000000, 74.66198127989335376 ) ) ;
#3714 = EDGE_CURVE ( 'NONE', #3824, #3475, #112, .T. ) ;
#3715 = LINE ( 'NONE', #3390, #488 ) ;
#3716 = CARTESIAN_POINT ( 'NONE',  ( -72.36365620657412023, 15.00000000000000178, 20.31107528721754463 ) ) ;
#3717 = ADVANCED_FACE ( 'NONE', ( #1473 ), #1536, .F. ) ;
#3718 = EDGE_CURVE ( 'NONE', #247, #2616, #3861, .T. ) ;
#3719 = CARTESIAN_POINT ( 'NONE',  ( 0.000000000000000000, 15.00000000000000000, 0.000000000000000000 ) ) ;
#3720 = DIRECTION ( 'NONE',  ( 0.000000000000000000, 1.000000000000000000, 0.000000000000000000 ) ) ;
#3721 = CARTESIAN_POINT ( 'NONE',  ( 56.06280114671996273, 15.00000000000000178, -53.17540194660453778 ) ) ;
#3722 = ORIENTED_EDGE ( 'NONE', *, *, #2770, .T. ) ;
#3723 = ORIENTED_EDGE ( 'NONE', *, *, #24, .F. ) ;
#3724 = DIRECTION ( 'NONE',  ( 0.000000000000000000, 0.1274775941805171287, -0.9918414505262155290 ) ) ;
#3725 = ORIENTED_EDGE ( 'NONE', *, *, #2227, .T. ) ;
#3726 = CARTESIAN_POINT ( 'NONE',  ( 24.16999999999999815, 31.00000000000000000, -22.54999999999999005 ) ) ;
#3727 = AXIS2_PLACEMENT_3D ( 'NONE', #3744, #608, #4397 ) ;
#3728 = CARTESIAN_POINT ( 'NONE',  ( 59.25337378948653111, 54.63899925927198353, 10.44577108565229651 ) ) ;
#3729 = VERTEX_POINT ( 'NONE', #2936 ) ;
#3730 = FACE_OUTER_BOUND ( 'NONE', #2952, .T. ) ;
#3731 = VECTOR ( 'NONE', #902, 1000.000000000000000 ) ;
#3732 = ORIENTED_EDGE ( 'NONE', *, *, #609, .F. ) ;
#3733 = VERTEX_POINT ( 'NONE', #1197 ) ;
#3734 = FACE_OUTER_BOUND ( 'NONE', #3845, .T. ) ;
#3735 = VECTOR ( 'NONE', #1915, 1000.000000000000114 ) ;
#3736 = CARTESIAN_POINT ( 'NONE',  ( -71.34636928268555778, 15.00000000000000000, -23.12348568401103677 ) ) ;
#3737 = CARTESIAN_POINT ( 'NONE',  ( -72.76300724667429165, 13.25176592379589735, -23.29473709704460660 ) ) ;
#3738 = DIRECTION ( 'NONE',  ( 0.9887746132728446602, -0.1483404529302446706, 0.01788502646310824451 ) ) ;
#3739 = FACE_OUTER_BOUND ( 'NONE', #2073, .T. ) ;
#3740 = B_SPLINE_CURVE_WITH_KNOTS ( 'NONE', 3,
 ( #1042, #377, #4138, #2434, #1710, #628 ),
 .UNSPECIFIED., .F., .F.,
 ( 4, 2, 4 ),
 ( 0.000000000000000000, 0.0009600810763620011394, 0.001920162152724002279 ),
 .UNSPECIFIED. ) ;
#3741 = ORIENTED_EDGE ( 'NONE', *, *, #1889, .T. ) ;
#3742 = VECTOR ( 'NONE', #746, 1000.000000000000000 ) ;
#3743 = CARTESIAN_POINT ( 'NONE',  ( -14.45781687672282168, 0.000000000000000000, -75.63049339492074807 ) ) ;
#3744 = CARTESIAN_POINT ( 'NONE',  ( 24.16999999999999815, 25.00000000000000000, -19.04999999999999005 ) ) ;
#3745 = LINE ( 'NONE', #1295, #915 ) ;
#3746 = CARTESIAN_POINT ( 'NONE',  ( -14.56916317432877506, 14.86438140965759658, -73.61940382311973963 ) ) ;
#3747 = ADVANCED_FACE ( 'NONE', ( #1312 ), #4116, .T. ) ;
#3748 = ORIENTED_EDGE ( 'NONE', *, *, #2000, .T. ) ;
#3749 = CARTESIAN_POINT ( 'NONE',  ( -169.7852940813467058, 0.000000000000000000, 18.91941517412656282 ) ) ;
#3750 = ORIENTED_EDGE ( 'NONE', *, *, #2399, .T. ) ;
#3751 = CARTESIAN_POINT ( 'NONE',  ( -73.52244740245180310, 14.50088499283633858, 20.64178026359107321 ) ) ;
#3752 = ORIENTED_EDGE ( 'NONE', *, *, #4548, .F. ) ;
#3753 = CARTESIAN_POINT ( 'NONE',  ( -55.69240965965468604, 15.00000000000000178, 51.82842027944185759 ) ) ;
#3754 = ORIENTED_EDGE ( 'NONE', *, *, #3380, .F. ) ;
#3755 = CARTESIAN_POINT ( 'NONE',  ( -56.23237647742160306, 65.00000000000000000, -12.38053069064234002 ) ) ;
#3756 = LINE ( 'NONE', #1702, #338 ) ;
#3757 = CYLINDRICAL_SURFACE ( 'NONE', #2337, 2.000000000000000888 ) ;
#3758 = ADVANCED_FACE ( 'NONE', ( #2680 ), #4135, .F. ) ;
#3759 = LINE ( 'NONE', #2701, #1290 ) ;
#3760 = PLANE ( 'NONE',  #3782 ) ;
#3761 = VERTEX_POINT ( 'NONE', #2985 ) ;
#3762 = CARTESIAN_POINT ( 'NONE',  ( -56.36717020944281842, 13.37792493363023993, 50.98967766507732335 ) ) ;
#3763 = LINE ( 'NONE', #1105, #4103 ) ;
#3764 = CARTESIAN_POINT ( 'NONE',  ( 14.45781687672228699, 13.77672171762433351, 73.63049339492083334 ) ) ;
#3765 = AXIS2_PLACEMENT_3D ( 'NONE', #2964, #3258, #2519 ) ;
#3766 = CARTESIAN_POINT ( 'NONE',  ( -24.13000000000000256, 31.00000000000000000, -21.10999999999998877 ) ) ;
#3767 = CARTESIAN_POINT ( 'NONE',  ( -71.25426471376026427, 14.84780634947899358, -23.40766976754265016 ) ) ;
#3768 = DIRECTION ( 'NONE',  ( 0.000000000000000000, 0.000000000000000000, -1.000000000000000000 ) ) ;
#3769 = EDGE_CURVE ( 'NONE', #1017, #2926, #534, .T. ) ;
#3770 = ORIENTED_EDGE ( 'NONE', *, *, #952, .F. ) ;
#3771 = ADVANCED_FACE ( 'NONE', ( #3739 ), #3760, .F. ) ;
#3772 = CYLINDRICAL_SURFACE ( 'NONE', #3856, 2.400000000000001243 ) ;
#3773 = EDGE_CURVE ( 'NONE', #2137, #3515, #557, .T. ) ;
#3774 = CARTESIAN_POINT ( 'NONE',  ( 72.72683701911367393, 13.26261699206408906, 23.29440999895586373 ) ) ;
#3775 = EDGE_LOOP ( 'NONE', ( #838, #3851, #2620, #3191, #165 ) ) ;
#3776 = DIRECTION ( 'NONE',  ( 0.000000000000000000, 0.000000000000000000, 1.000000000000000000 ) ) ;
#3777 = VECTOR ( 'NONE', #3738, 1000.000000000000114 ) ;
#3778 = VECTOR ( 'NONE', #3449, 1000.000000000000000 ) ;
#3779 = VERTEX_POINT ( 'NONE', #3413 ) ;
#3780 = CARTESIAN_POINT ( 'NONE',  ( -71.75043208805576000, 14.04652211024265185, 21.83883212997787382 ) ) ;
#3781 = CARTESIAN_POINT ( 'NONE',  ( -71.46086933815793429, 15.26357696537453101, -22.56219114346014720 ) ) ;
#3782 = AXIS2_PLACEMENT_3D ( 'NONE', #282, #4093, #2002 ) ;
#3783 = CARTESIAN_POINT ( 'NONE',  ( -73.55416147525176029, 13.25235129953025393, 20.66005083581446655 ) ) ;
#3784 = AXIS2_PLACEMENT_3D ( 'NONE', #530, #4040, #941 ) ;
#3785 = CARTESIAN_POINT ( 'NONE',  ( 15.08434334723877690, 14.66597966499599259, 73.46789784400213819 ) ) ;
#3786 = DIRECTION ( 'NONE',  ( -0.8568412092671033875, 0.000000000000000000, -0.5155803934418839996 ) ) ;
#3787 = EDGE_LOOP ( 'NONE', ( #3723, #4360, #2442, #390 ) ) ;
#3788 = CARTESIAN_POINT ( 'NONE',  ( 24.16999999999999815, 31.00000000000000000, -19.04999999999999005 ) ) ;
#3789 = CYLINDRICAL_SURFACE ( 'NONE', #3950, 2.000000000000001776 ) ;
#3790 = DIRECTION ( 'NONE',  ( -0.8660254037844398178, 0.000000000000000000, -0.4999999999999980016 ) ) ;
#3791 = AXIS2_PLACEMENT_3D ( 'NONE', #2788, #2805, #2461 ) ;
#3792 = DIRECTION ( 'NONE',  ( 0.000000000000000000, 0.000000000000000000, -1.000000000000000000 ) ) ;
#3793 = FACE_OUTER_BOUND ( 'NONE', #4554, .T. ) ;
#3794 = CARTESIAN_POINT ( 'NONE',  ( -30.61945559756750157, 65.00000000000000000, 2.935579350582935287 ) ) ;
#3795 = CARTESIAN_POINT ( 'NONE',  ( -24.13000000000000256, 25.00000000000000000, -21.10999999999998877 ) ) ;
#3796 = VERTEX_POINT ( 'NONE', #2296 ) ;
#3797 = CARTESIAN_POINT ( 'NONE',  ( -72.67626465195300511, 14.68787669031254239, 20.86083919057840674 ) ) ;
#3798 = ADVANCED_FACE ( 'NONE', ( #972 ), #625, .F. ) ;
#3799 = ORIENTED_EDGE ( 'NONE', *, *, #4544, .F. ) ;
#3800 =( BOUNDED_CURVE ( )  B_SPLINE_CURVE ( 3, ( #1125, #1907, #830, #2515 ),
 .UNSPECIFIED., .F., .F. ) 
 B_SPLINE_CURVE_WITH_KNOTS ( ( 4, 4 ),
 ( 3.141592653589793560, 4.712388980384688786 ),
 .UNSPECIFIED. ) 
 CURVE ( )  GEOMETRIC_REPRESENTATION_ITEM ( )  RATIONAL_B_SPLINE_CURVE ( ( 1.000000000000000000, 0.8047378541243652705, 0.8047378541243652705, 1.000000000000000000 ) ) 
 REPRESENTATION_ITEM ( '' )  );
#3801 = DIRECTION ( 'NONE',  ( -0.000000000000000000, 1.000000000000000000, -0.000000000000000000 ) ) ;
#3802 = CIRCLE ( 'NONE', #1096, 3.499999999999996003 ) ;
#3803 = DIRECTION ( 'NONE',  ( 0.5098761939008186195, -0.1483404529302446428, -0.8473614204798708416 ) ) ;
#3804 = EDGE_CURVE ( 'NONE', #2234, #3779, #4084, .T. ) ;
#3805 = ORIENTED_EDGE ( 'NONE', *, *, #4027, .F. ) ;
#3806 = VECTOR ( 'NONE', #4344, 1000.000000000000000 ) ;
#3807 = CARTESIAN_POINT ( 'NONE',  ( -72.79917747423492358, 13.25176592379589557, -21.29506419513334592 ) ) ;
#3808 = CIRCLE ( 'NONE', #1032, 3.499999999999996003 ) ;
#3809 = FACE_BOUND ( 'NONE', #2397, .T. ) ;
#3810 = CARTESIAN_POINT ( 'NONE',  ( 54.75642883112389114, 14.45308281131668515, 53.52732971470936718 ) ) ;
#3811 = EDGE_LOOP ( 'NONE', ( #981, #17, #4052 ) ) ;
#3812 = VECTOR ( 'NONE', #4077, 1000.000000000000114 ) ;
#3813 = CARTESIAN_POINT ( 'NONE',  ( -74.62055738694310492, 14.99999999999999822, -21.65575172295197603 ) ) ;
#3814 = DIRECTION ( 'NONE',  ( -0.9887746132728446602, 0.1483404529302446706, -0.01788502646310824798 ) ) ;
#3815 = CARTESIAN_POINT ( 'NONE',  ( -26.30814158103472167, 55.00000000000000000, -11.83925897328049537 ) ) ;
#3816 = DIRECTION ( 'NONE',  ( 0.000000000000000000, 0.000000000000000000, -1.000000000000000000 ) ) ;
#3817 = DIRECTION ( 'NONE',  ( -0.000000000000000000, -1.000000000000000000, -0.000000000000000000 ) ) ;
#3818 = CYLINDRICAL_SURFACE ( 'NONE', #1389, 1.250000000000001110 ) ;
#3819 = AXIS2_PLACEMENT_3D ( 'NONE', #4266, #1207, #2546 ) ;
#3820 = DIRECTION ( 'NONE',  ( 0.000000000000000000, -0.000000000000000000, 1.000000000000000000 ) ) ;
#3821 = EDGE_CURVE ( 'NONE', #2570, #2254, #926, .T. ) ;
#3822 = ORIENTED_EDGE ( 'NONE', *, *, #662, .T. ) ;
#3823 = CARTESIAN_POINT ( 'NONE',  ( -24.13000000000000256, 31.00000000000000000, -21.10999999999998877 ) ) ;
#3824 = VERTEX_POINT ( 'NONE', #581 ) ;
#3825 = LINE ( 'NONE', #3471, #221 ) ;
#3826 = CARTESIAN_POINT ( 'NONE',  ( -53.86565812859499403, 15.00000000000000000, -54.11412048021014698 ) ) ;
#3827 =( BOUNDED_CURVE ( )  B_SPLINE_CURVE ( 3, ( #897, #2393, #503, #3312 ),
 .UNSPECIFIED., .F., .F. ) 
 B_SPLINE_CURVE_WITH_KNOTS ( ( 4, 4 ),
 ( 3.458383050241007783, 4.712388980384687898 ),
 .UNSPECIFIED. ) 
 CURVE ( )  GEOMETRIC_REPRESENTATION_ITEM ( )  RATIONAL_B_SPLINE_CURVE ( ( 1.000000000000000000, 0.8731930427660705707, 0.8731930427660705707, 1.000000000000000000 ) ) 
 REPRESENTATION_ITEM ( '' )  );
#3828 = ORIENTED_EDGE ( 'NONE', *, *, #1758, .T. ) ;
#3829 = DIRECTION ( 'NONE',  ( -0.9887746132728449933, -0.1483404529302446428, -0.01788502646310304034 ) ) ;
#3830 = DIRECTION ( 'NONE',  ( 0.000000000000000000, 1.000000000000000000, 0.000000000000000000 ) ) ;
#3831 = CARTESIAN_POINT ( 'NONE',  ( 23.13402867837321963, 50.00000000000000000, -8.194495601027412590 ) ) ;
#3832 = EDGE_CURVE ( 'NONE', #2886, #2137, #2464, .T. ) ;
#3833 = ORIENTED_EDGE ( 'NONE', *, *, #1424, .F. ) ;
#3834 = CARTESIAN_POINT ( 'NONE',  ( -56.76542028968576403, 13.82333008205883296, 49.01730081989627763 ) ) ;
#3835 = CARTESIAN_POINT ( 'NONE',  ( 8.970000000000002416, 31.00000000000000000, 30.50000000000000711 ) ) ;
#3836 = DIRECTION ( 'NONE',  ( 0.000000000000000000, 0.000000000000000000, -1.000000000000000000 ) ) ;
#3837 = DIRECTION ( 'NONE',  ( 0.000000000000000000, 1.000000000000000000, 0.000000000000000000 ) ) ;
#3838 = DIRECTION ( 'NONE',  ( 0.000000000000000000, 1.000000000000000000, 0.000000000000000000 ) ) ;
#3839 = CARTESIAN_POINT ( 'NONE',  ( 0.000000000000000000, 63.00000000000000000, -75.00000000000001421 ) ) ;
#3840 = CIRCLE ( 'NONE', #1649, 2.000000000000000888 ) ;
#3841 = DIRECTION ( 'NONE',  ( -0.5098761939008232824, 0.1483404529302446706, 0.8473614204798682881 ) ) ;
#3842 = ORIENTED_EDGE ( 'NONE', *, *, #2601, .F. ) ;
#3843 = DIRECTION ( 'NONE',  ( 0.01808511378030502881, -1.734929961601324113E-16, -0.9998364509556317836 ) ) ;
#3844 = EDGE_CURVE ( 'NONE', #1873, #1415, #2678, .T. ) ;
#3845 = EDGE_LOOP ( 'NONE', ( #2346, #2915, #3422, #3212 ) ) ;
#3846 = CARTESIAN_POINT ( 'NONE',  ( 17.12747531168400172, 13.77594033682842145, -73.05041408435540973 ) ) ;
#3847 = CIRCLE ( 'NONE', #994, 75.00000000000001421 ) ;
#3848 = ORIENTED_EDGE ( 'NONE', *, *, #3380, .T. ) ;
#3849 = CARTESIAN_POINT ( 'NONE',  ( 18.27725463669291273, 15.00000000000000000, -72.73886143558675599 ) ) ;
#3850 = VECTOR ( 'NONE', #234, 1000.000000000000000 ) ;
#3851 = ORIENTED_EDGE ( 'NONE', *, *, #1047, .T. ) ;
#3852 = CARTESIAN_POINT ( 'NONE',  ( -21.54292370180524330, 15.00000000000000000, 74.56794821596594147 ) ) ;
#3853 = DIRECTION ( 'NONE',  ( 0.000000000000000000, 1.000000000000000000, 0.000000000000000000 ) ) ;
#3854 =( BOUNDED_CURVE ( )  B_SPLINE_CURVE ( 3, ( #1795, #698, #2152, #3508 ),
 .UNSPECIFIED., .F., .F. ) 
 B_SPLINE_CURVE_WITH_KNOTS ( ( 4, 4 ),
 ( 1.570796326794899445, 2.824964990453908253 ),
 .UNSPECIFIED. ) 
 CURVE ( )  GEOMETRIC_REPRESENTATION_ITEM ( )  RATIONAL_B_SPLINE_CURVE ( ( 1.000000000000000000, 0.8731612146197134106, 0.8731612146197134106, 1.000000000000000000 ) ) 
 REPRESENTATION_ITEM ( '' )  );
#3855 = PLANE ( 'NONE',  #3056 ) ;
#3856 = AXIS2_PLACEMENT_3D ( 'NONE', #1350, #936, #2740 ) ;
#3857 = EDGE_LOOP ( 'NONE', ( #3020, #1283, #1674 ) ) ;
#3858 = ADVANCED_FACE ( 'NONE', ( #1585 ), #4394, .F. ) ;
#3859 = CARTESIAN_POINT ( 'NONE',  ( -21.54292370180524330, 15.00000000000000000, 74.56794821596594147 ) ) ;
#3860 = CARTESIAN_POINT ( 'NONE',  ( 14.33170597927824730, 13.79504270742606487, 73.63049339492083334 ) ) ;
#3861 = CIRCLE ( 'NONE', #853, 2.000000000000001776 ) ;
#3862 = EDGE_CURVE ( 'NONE', #3171, #129, #3409, .T. ) ;
#3863 = LINE ( 'NONE', #2759, #1005 ) ;
#3864 = VECTOR ( 'NONE', #47, 1000.000000000000000 ) ;
#3865 = VECTOR ( 'NONE', #2887, 1000.000000000000000 ) ;
#3866 = ADVANCED_FACE ( 'NONE', ( #3344 ), #208, .T. ) ;
#3867 = CARTESIAN_POINT ( 'NONE',  ( 8.970000000000002416, 31.00000000000000000, 28.25000000000000711 ) ) ;
#3868 = CARTESIAN_POINT ( 'NONE',  ( 75.34924783977147911, 15.00000000000000178, -18.63262127678828151 ) ) ;
#3869 = LINE ( 'NONE', #3467, #1204 ) ;
#3870 = EDGE_LOOP ( 'NONE', ( #222, #4150, #4358, #4385, #4493, #2643, #2623, #3494, #1236, #2118, #2350, #1413, #3641, #422, #1214 ) ) ;
#3871 = FACE_OUTER_BOUND ( 'NONE', #666, .T. ) ;
#3872 = EDGE_LOOP ( 'NONE', ( #4034, #3924, #2465, #2637 ) ) ;
#3873 = ORIENTED_EDGE ( 'NONE', *, *, #909, .T. ) ;
#3874 = CARTESIAN_POINT ( 'NONE',  ( -16.72526245305026293, 13.82249539609410682, 73.11132330820302627 ) ) ;
#3875 = DIRECTION ( 'NONE',  ( 0.000000000000000000, 0.000000000000000000, 1.000000000000000000 ) ) ;
#3876 = ORIENTED_EDGE ( 'NONE', *, *, #3997, .T. ) ;
#3877 = CARTESIAN_POINT ( 'NONE',  ( -56.41906225101456585, 0.000000000000000000, -52.40123485869532516 ) ) ;
#3878 = CARTESIAN_POINT ( 'NONE',  ( -14.08228916563911071, 0.000000000000000000, -73.66606499505266470 ) ) ;
#3879 = FACE_OUTER_BOUND ( 'NONE', #402, .T. ) ;
#3880 = AXIS2_PLACEMENT_3D ( 'NONE', #4073, #512, #1662 ) ;
#3881 = ORIENTED_EDGE ( 'NONE', *, *, #3593, .F. ) ;
#3882 = CARTESIAN_POINT ( 'NONE',  ( 0.000000000000000000, 15.00000000000000000, 0.000000000000000000 ) ) ;
#3883 = VECTOR ( 'NONE', #3570, 1000.000000000000114 ) ;
#3884 = PRODUCT_CONTEXT ( 'NONE', #256, 'mechanical' ) ;
#3885 = VECTOR ( 'NONE', #4171, 1000.000000000000000 ) ;
#3886 = CARTESIAN_POINT ( 'NONE',  ( -30.61945559756750157, 50.00000000000000000, 7.735579350582937330 ) ) ;
#3887 = EDGE_CURVE ( 'NONE', #4013, #741, #3715, .T. ) ;
#3888 = DIRECTION ( 'NONE',  ( 0.000000000000000000, 0.000000000000000000, 1.000000000000000000 ) ) ;
#3889 = DIRECTION ( 'NONE',  ( 0.000000000000000000, 1.000000000000000000, 0.000000000000000000 ) ) ;
#3890 = ORIENTED_EDGE ( 'NONE', *, *, #4485, .T. ) ;
#3891 = DIRECTION ( 'NONE',  ( -0.000000000000000000, 1.000000000000000000, -0.000000000000000000 ) ) ;
#3892 = ORIENTED_EDGE ( 'NONE', *, *, #4145, .T. ) ;
#3893 = AXIS2_PLACEMENT_3D ( 'NONE', #1537, #2608, #607 ) ;
#3894 = ORIENTED_EDGE ( 'NONE', *, *, #3379, .F. ) ;
#3895 = CARTESIAN_POINT ( 'NONE',  ( 17.87402626062828048, 14.76874022893831295, -73.17136541968959307 ) ) ;
#3896 = B_SPLINE_CURVE_WITH_KNOTS ( 'NONE', 3,
 ( #3465, #2096, #382, #1390, #2787, #3489, #1369, #1779, #2071, #3085, #358, #1432, #2391, #1737, #2828, #1090, #3129, #1757, #3150, #747, #2135, #1411, #2804, #3533 ),
 .UNSPECIFIED., .F., .F.,
 ( 4, 2, 2, 2, 2, 2, 2, 2, 2, 2, 2, 4 ),
 ( 0.000000000000000000, 0.0009649573973957661531, 0.001447436096093659367, 0.001929914794791552689, 0.002412393493489446445, 0.002894872192187339117, 0.003859829589583103210, 0.004824786986978866869, 0.005789744384374629661, 0.006754701781770393321, 0.007237180480468282523, 0.007719659179166171725 ),
 .UNSPECIFIED. ) ;
#3897 = CARTESIAN_POINT ( 'NONE',  ( 71.87838219990521793, 14.68811650807115043, 23.46365201940827205 ) ) ;
#3898 = EDGE_LOOP ( 'NONE', ( #3656, #1206, #3168, #2947 ) ) ;
#3899 = CARTESIAN_POINT ( 'NONE',  ( -67.26815676203365513, 4.732104822117643891E-15, -162.7851212821321099 ) ) ;
#3900 = CARTESIAN_POINT ( 'NONE',  ( -18.21268717747677002, 15.35079996961708204, 72.27176259120413704 ) ) ;
#3901 = CARTESIAN_POINT ( 'NONE',  ( 71.85025790760893472, 15.00000000000000178, 22.72194770333194214 ) ) ;
#3902 = ORIENTED_EDGE ( 'NONE', *, *, #375, .T. ) ;
#3903 = EDGE_CURVE ( 'NONE', #3325, #1555, #2048, .T. ) ;
#3904 = CARTESIAN_POINT ( 'NONE',  ( 56.27282250494499038, 13.49786974829316399, -50.57983250535308883 ) ) ;
#3905 = CARTESIAN_POINT ( 'NONE',  ( -18.88495187033246125, 13.25235129953025748, 74.02979780953796762 ) ) ;
#3906 = CARTESIAN_POINT ( 'NONE',  ( -54.95363206267652600, 13.82249539609411215, -51.04016382340453362 ) ) ;
#3907 = CARTESIAN_POINT ( 'NONE',  ( -60.09751410986075371, 52.76503290875064778, -15.63401896852817785 ) ) ;
#3908 = CARTESIAN_POINT ( 'NONE',  ( 18.88495187033195677, 13.25235129953025393, -74.02979780953812394 ) ) ;
#3909 = VERTEX_POINT ( 'NONE', #1659 ) ;
#3910 = CARTESIAN_POINT ( 'NONE',  ( 22.87179452855879447, 50.00000000000000000, 3.903132937829254967 ) ) ;
#3911 = EDGE_CURVE ( 'NONE', #2868, #3398, #2369, .T. ) ;
#3912 = ORIENTED_EDGE ( 'NONE', *, *, #3257, .T. ) ;
#3913 = EDGE_LOOP ( 'NONE', ( #2161, #2738, #3491, #3894 ) ) ;
#3914 = LINE ( 'NONE', #2880, #1397 ) ;
#3915 = EDGE_CURVE ( 'NONE', #1770, #3229, #1807, .T. ) ;
#3916 = DIRECTION ( 'NONE',  ( -0.5098761939008245037, -0.1483404529302446706, 0.8473614204798672889 ) ) ;
#3917 = ORIENTED_EDGE ( 'NONE', *, *, #1088, .T. ) ;
#3918 = ADVANCED_FACE ( 'NONE', ( #1357 ), #4205, .T. ) ;
#3919 = CARTESIAN_POINT ( 'NONE',  ( 14.48648735842607493, 13.77539654388697876, 73.61967350255325471 ) ) ;
#3920 = DIRECTION ( 'NONE',  ( 0.000000000000000000, 1.000000000000000000, 0.000000000000000000 ) ) ;
#3921 = ORIENTED_EDGE ( 'NONE', *, *, #951, .F. ) ;
#3922 = DIRECTION ( 'NONE',  ( 0.000000000000000000, -0.000000000000000000, 1.000000000000000000 ) ) ;
#3923 = VECTOR ( 'NONE', #3408, 1000.000000000000114 ) ;
#3924 = ORIENTED_EDGE ( 'NONE', *, *, #1651, .F. ) ;
#3925 = CARTESIAN_POINT ( 'NONE',  ( -103.8380644838650966, -1.977872705736592795, -142.2052395611650866 ) ) ;
#3926 = VECTOR ( 'NONE', #4367, 1000.000000000000000 ) ;
#3927 = AXIS2_PLACEMENT_3D ( 'NONE', #743, #2498, #4517 ) ;
#3928 = DIRECTION ( 'NONE',  ( 0.000000000000000000, 1.000000000000000000, 0.000000000000000000 ) ) ;
#3929 = AXIS2_PLACEMENT_3D ( 'NONE', #3973, #2606, #4347 ) ;
#3930 = EDGE_LOOP ( 'NONE', ( #3246, #2535, #4311, #1522 ) ) ;
#3931 = CARTESIAN_POINT ( 'NONE',  ( -59.01264092788031945, 54.43569138081514325, -13.57220883056383975 ) ) ;
#3932 = DIRECTION ( 'NONE',  ( 0.07183476290580359525, -0.9889363528682976190, 0.1297869670414449339 ) ) ;
#3933 = ORIENTED_EDGE ( 'NONE', *, *, #1123, .F. ) ;
#3934 = VERTEX_POINT ( 'NONE', #2819 ) ;
#3935 = CARTESIAN_POINT ( 'NONE',  ( -15.49873714555550031, 0.000000000000000000, -73.38112255132774919 ) ) ;
#3936 = CIRCLE ( 'NONE', #2313, 1.250000000000001110 ) ;
#3937 = AXIS2_PLACEMENT_3D ( 'NONE', #1454, #3841, #359 ) ;
#3938 = ORIENTED_EDGE ( 'NONE', *, *, #3769, .F. ) ;
#3939 = CARTESIAN_POINT ( 'NONE',  ( 19.18441693744652099, 55.00000000000000000, -11.01638629627661103 ) ) ;
#3940 = EDGE_CURVE ( 'NONE', #2583, #2901, #712, .T. ) ;
#3941 = CARTESIAN_POINT ( 'NONE',  ( 70.26894597492065486, 15.45328883575785461, 23.68163469591292980 ) ) ;
#3942 = ORIENTED_EDGE ( 'NONE', *, *, #4145, .F. ) ;
#3943 = CARTESIAN_POINT ( 'NONE',  ( -54.41536756590078028, 13.49842479801004913, -52.57274220713001256 ) ) ;
#3944 = FACE_OUTER_BOUND ( 'NONE', #2339, .T. ) ;
#3945 = ADVANCED_FACE ( 'NONE', ( #4512 ), #2129, .T. ) ;
#3946 = VERTEX_POINT ( 'NONE', #3478 ) ;
#3947 = FACE_OUTER_BOUND ( 'NONE', #2670, .T. ) ;
#3948 = EDGE_LOOP ( 'NONE', ( #3627, #1067, #1180, #967, #27 ) ) ;
#3949 = CARTESIAN_POINT ( 'NONE',  ( 56.25930981431648803, 14.68811650807155544, -50.51667895833872990 ) ) ;
#3950 = AXIS2_PLACEMENT_3D ( 'NONE', #3080, #2384, #649 ) ;
#3951 = DIRECTION ( 'NONE',  ( 0.000000000000000000, 0.000000000000000000, -1.000000000000000000 ) ) ;
#3952 = DIRECTION ( 'NONE',  ( 0.000000000000000000, 1.000000000000000000, 0.000000000000000000 ) ) ;
#3953 = CIRCLE ( 'NONE', #789, 62.50000000000000000 ) ;
#3954 = DIRECTION ( 'NONE',  ( -0.000000000000000000, 1.000000000000000000, -0.000000000000000000 ) ) ;
#3955 = DIRECTION ( 'NONE',  ( 0.000000000000000000, 0.000000000000000000, 1.000000000000000000 ) ) ;
#3956 = ORIENTED_EDGE ( 'NONE', *, *, #810, .T. ) ;
#3957 = ORIENTED_EDGE ( 'NONE', *, *, #1085, .T. ) ;
#3958 = CARTESIAN_POINT ( 'NONE',  ( 71.25426471376027848, 14.84780634947900779, 23.40766976754261819 ) ) ;
#3959 = CIRCLE ( 'NONE', #1983, 1.999999999999998890 ) ;
#3960 = ORIENTED_EDGE ( 'NONE', *, *, #1448, .F. ) ;
#3961 = CARTESIAN_POINT ( 'NONE',  ( -74.62648367391068405, 15.00000000000000000, -21.32811664136195162 ) ) ;
#3962 = ADVANCED_FACE ( 'NONE', ( #3879 ), #16, .F. ) ;
#3963 = VERTEX_POINT ( 'NONE', #2474 ) ;
#3964 = CARTESIAN_POINT ( 'NONE',  ( 23.13402867837321963, 55.00000000000000000, -10.59449560102741472 ) ) ;
#3965 = ORIENTED_EDGE ( 'NONE', *, *, #3022, .F. ) ;
#3966 = CARTESIAN_POINT ( 'NONE',  ( 60.62199030702308988, 51.11182587696590218, -15.20650029704588135 ) ) ;
#3967 = CARTESIAN_POINT ( 'NONE',  ( 13.96582406801083742, 15.49482668900825111, 72.76702479352421449 ) ) ;
#3968 = ORIENTED_EDGE ( 'NONE', *, *, #4427, .F. ) ;
#3969 = CARTESIAN_POINT ( 'NONE',  ( 54.81966408692740345, 13.80468640977622918, 51.18216217025667447 ) ) ;
#3970 = ORIENTED_EDGE ( 'NONE', *, *, #2086, .T. ) ;
#3971 = DIRECTION ( 'NONE',  ( -0.4788984193720283167, -0.1483404529302446428, -0.8652464469429635985 ) ) ;
#3972 = ADVANCED_FACE ( 'NONE', ( #4181 ), #3855, .T. ) ;
#3973 = CARTESIAN_POINT ( 'NONE',  ( 288.3696120155611879, 0.000000000000000000, 40.40942379631917447 ) ) ;
#3974 = CYLINDRICAL_SURFACE ( 'NONE', #674, 2.000000000000000888 ) ;
#3975 = CYLINDRICAL_SURFACE ( 'NONE', #2258, 1.250000000000001110 ) ;
#3976 = DIRECTION ( 'NONE',  ( -0.01808511378031029543, -0.000000000000000000, 0.9998364509556315616 ) ) ;
#3977 = ORIENTED_EDGE ( 'NONE', *, *, #3379, .T. ) ;
#3978 = ORIENTED_EDGE ( 'NONE', *, *, #396, .T. ) ;
#3979 = CARTESIAN_POINT ( 'NONE',  ( 4.274827109199811126, 45.00000000000000000, -62.35363544482751763 ) ) ;
#3980 = VERTEX_POINT ( 'NONE', #2777 ) ;
#3981 = ORIENTED_EDGE ( 'NONE', *, *, #2731, .F. ) ;
#3982 = CARTESIAN_POINT ( 'NONE',  ( -54.66920960491976444, 15.00000000000000000, -53.36974697372281895 ) ) ;
#3983 = ORIENTED_EDGE ( 'NONE', *, *, #1840, .T. ) ;
#3984 = ORIENTED_EDGE ( 'NONE', *, *, #2012, .F. ) ;
#3985 = LINE ( 'NONE', #3245, #2909 ) ;
#3986 = ADVANCED_FACE ( 'NONE', ( #646 ), #2750, .F. ) ;
#3987 = EDGE_LOOP ( 'NONE', ( #319, #4282, #2228, #2305, #1298 ) ) ;
#3988 = CARTESIAN_POINT ( 'NONE',  ( -54.56738468998540270, 13.31543254344209792, -53.18577550442302027 ) ) ;
#3989 = VERTEX_POINT ( 'NONE', #740 ) ;
#3990 = CARTESIAN_POINT ( 'NONE',  ( 54.96391419257083299, 13.82388556941332958, 51.02917650424844709 ) ) ;
#3991 = CARTESIAN_POINT ( 'NONE',  ( 71.67889451572634130, 65.00000000000000000, -22.07115948479778567 ) ) ;
#3992 = ADVANCED_FACE ( 'NONE', ( #2404 ), #376, .T. ) ;
#3993 = CARTESIAN_POINT ( 'NONE',  ( 73.18838339464868170, 15.00000000000000178, -19.80499922569141091 ) ) ;
#3994 = EDGE_CURVE ( 'NONE', #1827, #1464, #1193, .T. ) ;
#3995 = ORIENTED_EDGE ( 'NONE', *, *, #2541, .F. ) ;
#3996 = DIRECTION ( 'NONE',  ( -0.8568412092670975033, 0.000000000000000000, -0.5155803934418939916 ) ) ;
#3997 = EDGE_CURVE ( 'NONE', #3032, #772, #2914, .T. ) ;
#3998 = DIRECTION ( 'NONE',  ( -0.5098761939008186195, 0.1483404529302446428, 0.8473614204798709526 ) ) ;
#3999 = AXIS2_PLACEMENT_3D ( 'NONE', #4025, #2941, #3580 ) ;
#4000 = DIRECTION ( 'NONE',  ( 0.000000000000000000, 0.000000000000000000, 1.000000000000000000 ) ) ;
#4001 = DIRECTION ( 'NONE',  ( -0.000000000000000000, -1.000000000000000000, -0.000000000000000000 ) ) ;
#4002 =( BOUNDED_SURFACE ( )  B_SPLINE_SURFACE ( 3, 2, ( 
 ( #2132, #3616, #131 ),
 ( #484, #1534, #439 ),
 ( #3530, #1841, #87 ),
 ( #395, #2890, #1450 ),
 ( #2151, #3594, #1148 ),
 ( #2536, #3949, #1794 ),
 ( #3904, #41, #2195 ),
 ( #2846, #4250, #3548 ),
 ( #416, #1816, #63 ),
 ( #2335, #876, #603 ) ),
 .UNSPECIFIED., .F., .F., .F. ) 
 B_SPLINE_SURFACE_WITH_KNOTS ( ( 4, 2, 2, 2, 4 ),
 ( 3, 3 ),
 ( 3.450695304743718772, 3.766118723653961720, 4.081542142564204667, 4.396965561474447171, 4.712388980384689674 ),
 ( 0.000000000000000000, 0.6864271697496937552 ),
 .UNSPECIFIED. ) 
 GEOMETRIC_REPRESENTATION_ITEM ( )  RATIONAL_B_SPLINE_SURFACE ( (
 ( 1.000000000000000000, 0.8321116870725290271, 0.8947095730987677520),
 ( 1.000000000000000000, 0.8310352245410934646, 0.8940344742934862587),
 ( 1.000000000000000000, 0.8294167734966036987, 0.8930194697442019880),
 ( 1.000000000000000000, 0.8252348168936592954, 0.8903967738082634309),
 ( 1.000000000000000000, 0.8226701617747225193, 0.8887883614797416065),
 ( 1.000000000000000000, 0.8168080273763439481, 0.8851119493305270591),
 ( 1.000000000000000000, 0.8135109372133895178, 0.8830441935425510369),
 ( 1.000000000000000000, 0.8064742262166901821, 0.8786311507767741169),
 ( 1.000000000000000000, 0.8027360291199516773, 0.8762867566894585458),
 ( 1.000000000000000000, 0.7989501367710052371, 0.8739124507316942125) ) ) 
 REPRESENTATION_ITEM ( '' )  SURFACE ( )  );
#4003 = CIRCLE ( 'NONE', #4456, 3.499999999999996003 ) ;
#4004 = VERTEX_POINT ( 'NONE', #2578 ) ;
#4005 = VERTEX_POINT ( 'NONE', #849 ) ;
#4006 = CYLINDRICAL_SURFACE ( 'NONE', #2706, 1.250000000000001110 ) ;
#4007 = VECTOR ( 'NONE', #4104, 1000.000000000000000 ) ;
#4008 = VERTEX_POINT ( 'NONE', #436 ) ;
#4009 = DIRECTION ( 'NONE',  ( 0.000000000000000000, 1.000000000000000000, 0.000000000000000000 ) ) ;
#4010 = ORIENTED_EDGE ( 'NONE', *, *, #1168, .F. ) ;
#4011 = DIRECTION ( 'NONE',  ( -0.000000000000000000, 1.000000000000000000, -0.000000000000000000 ) ) ;
#4012 = VECTOR ( 'NONE', #3151, 1000.000000000000000 ) ;
#4013 = VERTEX_POINT ( 'NONE', #1169 ) ;
#4014 = CARTESIAN_POINT ( 'NONE',  ( -18.92999999999999616, 31.00000000000000000, 31.75000000000000711 ) ) ;
#4015 = CARTESIAN_POINT ( 'NONE',  ( 72.88115079700838805, 14.64302378775747471, -20.77049668565207696 ) ) ;
#4016 = DIRECTION ( 'NONE',  ( 0.000000000000000000, 1.000000000000000000, 0.000000000000000000 ) ) ;
#4017 = CARTESIAN_POINT ( 'NONE',  ( 1.657496271455031644, 25.00000000000000000, -50.91246843055469640 ) ) ;
#4018 = CARTESIAN_POINT ( 'NONE',  ( -17.17126945179826336, 13.76645602509050192, 73.06095859642175583 ) ) ;
#4019 = CARTESIAN_POINT ( 'NONE',  ( 54.09335913097046955, 15.00000000000000000, 55.78179771706006562 ) ) ;
#4020 = DIRECTION ( 'NONE',  ( 0.000000000000000000, 1.000000000000000000, 0.000000000000000000 ) ) ;
#4021 = CARTESIAN_POINT ( 'NONE',  ( -17.98773072993491340, 14.84782821750933124, 72.81161074816586165 ) ) ;
#4022 = CIRCLE ( 'NONE', #3727, 3.499999999999999556 ) ;
#4023 = CARTESIAN_POINT ( 'NONE',  ( -53.85507452722801247, 15.00000000000000000, -52.19799754460623120 ) ) ;
#4024 = EDGE_CURVE ( 'NONE', #4329, #3560, #1490, .T. ) ;
#4025 = CARTESIAN_POINT ( 'NONE',  ( -18.92999999999999616, 31.00000000000000000, 31.75000000000000711 ) ) ;
#4026 = VECTOR ( 'NONE', #433, 1000.000000000000114 ) ;
#4027 = EDGE_CURVE ( 'NONE', #2693, #839, #2837, .T. ) ;
#4028 = ORIENTED_EDGE ( 'NONE', *, *, #3940, .F. ) ;
#4029 = ORIENTED_EDGE ( 'NONE', *, *, #4447, .T. ) ;
#4030 = CARTESIAN_POINT ( 'NONE',  ( -54.66920960491976444, 13.25235129953026281, -53.36974697372281895 ) ) ;
#4031 = EDGE_LOOP ( 'NONE', ( #3592, #919 ) ) ;
#4032 =( BOUNDED_CURVE ( )  B_SPLINE_CURVE ( 3, ( #3263, #120, #1524, #4333 ),
 .UNSPECIFIED., .F., .F. ) 
 B_SPLINE_CURVE_WITH_KNOTS ( ( 4, 4 ),
 ( 2.654924803260371391, 3.141592653589786455 ),
 .UNSPECIFIED. ) 
 CURVE ( )  GEOMETRIC_REPRESENTATION_ITEM ( )  RATIONAL_B_SPLINE_CURVE ( ( 1.000000000000000000, 0.9803600635457786483, 0.9803600635457786483, 1.000000000000000000 ) ) 
 REPRESENTATION_ITEM ( '' )  );
#4033 = CARTESIAN_POINT ( 'NONE',  ( -18.75936382650728618, 14.54955640616540791, 73.81360556701861242 ) ) ;
#4034 = ORIENTED_EDGE ( 'NONE', *, *, #2092, .F. ) ;
#4035 = LINE ( 'NONE', #246, #787 ) ;
#4036 = AXIS2_PLACEMENT_3D ( 'NONE', #1323, #2347, #3768 ) ;
#4037 = ORIENTED_EDGE ( 'NONE', *, *, #1421, .T. ) ;
#4038 = CARTESIAN_POINT ( 'NONE',  ( 60.48602137415040403, 53.17918556671646968, -12.98006374891829040 ) ) ;
#4039 = CARTESIAN_POINT ( 'NONE',  ( 72.67626465195047558, 14.68787669031223686, -20.86083919057893610 ) ) ;
#4040 = DIRECTION ( 'NONE',  ( 0.9998364509556317836, 0.000000000000000000, 0.01808511378030476513 ) ) ;
#4041 = CARTESIAN_POINT ( 'NONE',  ( -54.95363206267651890, 0.000000000000000000, -51.04016382340454072 ) ) ;
#4042 = DIRECTION ( 'NONE',  ( -0.8660254037844362651, 0.000000000000000000, 0.5000000000000039968 ) ) ;
#4043 = CYLINDRICAL_SURFACE ( 'NONE', #1364, 4.000000000000000000 ) ;
#4044 = DIRECTION ( 'NONE',  ( 0.5098761939008187305, -0.1483404529302446706, -0.8473614204798710636 ) ) ;
#4045 = ADVANCED_FACE ( 'NONE', ( #2534, #59 ), #804, .T. ) ;
#4046 = CARTESIAN_POINT ( 'NONE',  ( 0.000000000000000000, 65.00000000000000000, 0.000000000000000000 ) ) ;
#4047 = CARTESIAN_POINT ( 'NONE',  ( 72.76300724667429165, 13.25176592379590268, 23.29473709704460660 ) ) ;
#4048 = CARTESIAN_POINT ( 'NONE',  ( -74.98773382167236434, 15.00000000000000000, -1.356383533523269902 ) ) ;
#4049 = ORIENTED_EDGE ( 'NONE', *, *, #2818, .F. ) ;
#4050 = CARTESIAN_POINT ( 'NONE',  ( -16.20902163111398053, 14.50115431522551646, -74.62548393192182061 ) ) ;
#4051 = ORIENTED_EDGE ( 'NONE', *, *, #4089, .T. ) ;
#4052 = ORIENTED_EDGE ( 'NONE', *, *, #230, .F. ) ;
#4053 = CARTESIAN_POINT ( 'NONE',  ( 55.63529518647957417, 15.00000000000000000, -51.51011150838827746 ) ) ;
#4054 = EDGE_LOOP ( 'NONE', ( #2888, #2553 ) ) ;
#4055 = CARTESIAN_POINT ( 'NONE',  ( 72.79917747423492358, 13.25176592379590268, 21.29506419513334592 ) ) ;
#4056 = CARTESIAN_POINT ( 'NONE',  ( 73.04576584303673314, 15.00709905046796955, 22.22134697635045342 ) ) ;
#4057 = ADVANCED_FACE ( 'NONE', ( #4292, #85, #505 ), #1145, .T. ) ;
#4058 = EDGE_LOOP ( 'NONE', ( #3968, #3646, #1962, #196 ) ) ;
#4059 = CARTESIAN_POINT ( 'NONE',  ( 0.000000000000000000, 15.00000000000000000, 0.000000000000000000 ) ) ;
#4060 = ADVANCED_FACE ( 'NONE', ( #3947 ), #2192, .F. ) ;
#4061 = DIRECTION ( 'NONE',  ( -0.000000000000000000, -1.000000000000000000, -0.000000000000000000 ) ) ;
#4062 = VERTEX_POINT ( 'NONE', #1558 ) ;
#4063 = PLANE ( 'NONE',  #3340 ) ;
#4064 = EDGE_CURVE ( 'NONE', #2542, #635, #274, .T. ) ;
#4065 = EDGE_CURVE ( 'NONE', #2353, #2009, #3676, .T. ) ;
#4066 = CARTESIAN_POINT ( 'NONE',  ( 0.000000000000000000, 55.00000000000000000, 0.000000000000000000 ) ) ;
#4067 = VECTOR ( 'NONE', #1520, 1000.000000000000000 ) ;
#4068 = LINE ( 'NONE', #4440, #3731 ) ;
#4069 = CARTESIAN_POINT ( 'NONE',  ( 1.657496271455031644, 45.00000000000000000, -50.91246843055469640 ) ) ;
#4070 = DIRECTION ( 'NONE',  ( 0.000000000000000000, 0.000000000000000000, -1.000000000000000000 ) ) ;
#4071 = ADVANCED_BREP_SHAPE_REPRESENTATION ( 'robot_arm_base_v1', ( #4098, #778 ), #419 ) ;
#4072 = CARTESIAN_POINT ( 'NONE',  ( -175.3690146371354501, 15.00000000000000000, 18.81841643431030775 ) ) ;
#4073 = CARTESIAN_POINT ( 'NONE',  ( -58.26902014239161787, 65.00000000000000000, 50.33608339596518277 ) ) ;
#4074 = CARTESIAN_POINT ( 'NONE',  ( 15.84642645616828105, 13.47555851928979465, 74.00930783755764253 ) ) ;
#4075 = FACE_OUTER_BOUND ( 'NONE', #3930, .T. ) ;
#4076 = VERTEX_POINT ( 'NONE', #2149 ) ;
#4077 = DIRECTION ( 'NONE',  ( 0.01808511378030476513, 0.000000000000000000, -0.9998364509556316726 ) ) ;
#4078 = ORIENTED_EDGE ( 'NONE', *, *, #2580, .T. ) ;
#4079 = CARTESIAN_POINT ( 'NONE',  ( -73.30413947921962858, 14.54955640616499934, 20.66071715092001781 ) ) ;
#4080 = CIRCLE ( 'NONE', #1508, 2.400000000000000799 ) ;
#4081 = CARTESIAN_POINT ( 'NONE',  ( 60.79683123321508020, 51.11181322806328353, 14.49167585362789268 ) ) ;
#4082 = VERTEX_POINT ( 'NONE', #3546 ) ;
#4083 = DIRECTION ( 'NONE',  ( 0.000000000000000000, 0.000000000000000000, 1.000000000000000000 ) ) ;
#4084 = CIRCLE ( 'NONE', #4300, 1.999999999999999334 ) ;
#4085 = ADVANCED_FACE ( 'NONE', ( #413 ), #1838, .F. ) ;
#4086 = CYLINDRICAL_SURFACE ( 'NONE', #4533, 2.000000000000001776 ) ;
#4087 = AXIS2_PLACEMENT_3D ( 'NONE', #78, #54, #823 ) ;
#4088 = CARTESIAN_POINT ( 'NONE',  ( -71.25179069862797121, 13.70162369194455465, -23.92749486315416974 ) ) ;
#4089 = EDGE_CURVE ( 'NONE', #3329, #3529, #4271, .T. ) ;
#4090 = DIRECTION ( 'NONE',  ( 0.000000000000000000, 0.000000000000000000, 1.000000000000000000 ) ) ;
#4091 = ADVANCED_FACE ( 'NONE', ( #551 ), #3314, .F. ) ;
#4092 = DIRECTION ( 'NONE',  ( 0.000000000000000000, 1.000000000000000000, 0.000000000000000000 ) ) ;
#4093 = DIRECTION ( 'NONE',  ( -0.07648142908512350902, -0.9889363528682975080, 0.1271042130719802210 ) ) ;
#4094 = FACE_OUTER_BOUND ( 'NONE', #4106, .T. ) ;
#4095 = CARTESIAN_POINT ( 'NONE',  ( -30.35722144775308351, 55.00000000000000000, -9.162049188273725164 ) ) ;
#4096 = FACE_OUTER_BOUND ( 'NONE', #1673, .T. ) ;
#4097 = CARTESIAN_POINT ( 'NONE',  ( -14.29080784287651440, 15.47819391444462234, -72.70474889883678316 ) ) ;
#4098 = MANIFOLD_SOLID_BREP ( 'Fillet6', #893 ) ;
#4099 = ORIENTED_EDGE ( 'NONE', *, *, #3143, .T. ) ;
#4100 = FACE_OUTER_BOUND ( 'NONE', #3898, .T. ) ;
#4101 = ORIENTED_EDGE ( 'NONE', *, *, #943, .F. ) ;
#4102 = CARTESIAN_POINT ( 'NONE',  ( -71.68866463321943172, 14.90307291276054968, 22.03836248166255984 ) ) ;
#4103 = VECTOR ( 'NONE', #2476, 1000.000000000000000 ) ;
#4104 = DIRECTION ( 'NONE',  ( -0.000000000000000000, 1.000000000000000000, -0.000000000000000000 ) ) ;
#4105 = ADVANCED_FACE ( 'NONE', ( #3734 ), #4063, .F. ) ;
#4106 = EDGE_LOOP ( 'NONE', ( #143, #3182, #4109, #940 ) ) ;
#4107 = CARTESIAN_POINT ( 'NONE',  ( 57.34465222361586001, 13.02212729426341120, -52.67900312300310617 ) ) ;
#4108 = VECTOR ( 'NONE', #4419, 1000.000000000000000 ) ;
#4109 = ORIENTED_EDGE ( 'NONE', *, *, #3104, .T. ) ;
#4110 = LINE ( 'NONE', #3755, #935 ) ;
#4111 = AXIS2_PLACEMENT_3D ( 'NONE', #3155, #660, #1008 ) ;
#4112 = CARTESIAN_POINT ( 'NONE',  ( -72.73093342984073217, 15.00000000000000178, -22.31683142351004534 ) ) ;
#4113 = B_SPLINE_CURVE_WITH_KNOTS ( 'NONE', 3,
 ( #1367, #2761, #4165, #1022, #1734, #3128 ),
 .UNSPECIFIED., .F., .F.,
 ( 4, 2, 4 ),
 ( 0.000000000000000000, 0.0009917329949734189198, 0.001983465989946837840 ),
 .UNSPECIFIED. ) ;
#4114 = CARTESIAN_POINT ( 'NONE',  ( -71.67889451572634130, 13.82249539609410682, 22.07115948479778567 ) ) ;
#4115 = LINE ( 'NONE', #2605, #2021 ) ;
#4116 = CYLINDRICAL_SURFACE ( 'NONE', #2385, 1.999999999999989120 ) ;
#4117 = VERTEX_POINT ( 'NONE', #575 ) ;
#4118 = CIRCLE ( 'NONE', #2194, 73.00000000000001421 ) ;
#4119 = CARTESIAN_POINT ( 'NONE',  ( -56.25930981431688593, 14.68811650807069569, 50.51667895833778488 ) ) ;
#4120 = EDGE_CURVE ( 'NONE', #459, #1118, #1883, .T. ) ;
#4121 = CARTESIAN_POINT ( 'NONE',  ( -14.32118828122147747, 14.04610070029876212, -73.62039611851810150 ) ) ;
#4122 = DIRECTION ( 'NONE',  ( -0.8568412092670969482, 0.000000000000000000, -0.5155803934418949908 ) ) ;
#4123 = EDGE_CURVE ( 'NONE', #219, #3357, #1631, .T. ) ;
#4124 = CARTESIAN_POINT ( 'NONE',  ( -13.96582406801135257, 15.49482668900824756, -72.76702479352412922 ) ) ;
#4125 = ORIENTED_EDGE ( 'NONE', *, *, #1550, .F. ) ;
#4126 = DIRECTION ( 'NONE',  ( 0.000000000000000000, 1.000000000000000000, 0.000000000000000000 ) ) ;
#4127 = ORIENTED_EDGE ( 'NONE', *, *, #3099, .T. ) ;
#4128 = CARTESIAN_POINT ( 'NONE',  ( -73.13435929799780411, 13.37849394507852985, 20.70107718263504992 ) ) ;
#4129 = ORIENTED_EDGE ( 'NONE', *, *, #1056, .T. ) ;
#4130 = CARTESIAN_POINT ( 'NONE',  ( 24.16999999999999815, 25.00000000000000000, -19.04999999999999005 ) ) ;
#4131 = DIRECTION ( 'NONE',  ( 0.000000000000000000, 0.000000000000000000, -1.000000000000000000 ) ) ;
#4132 = CARTESIAN_POINT ( 'NONE',  ( -16.20766952281761775, 0.000000000000000000, -74.66198127989325428 ) ) ;
#4133 = CARTESIAN_POINT ( 'NONE',  ( 56.71566630909902074, 24.99999999999999645, -10.33817265605800806 ) ) ;
#4134 = DIRECTION ( 'NONE',  ( 0.000000000000000000, 0.000000000000000000, 1.000000000000000000 ) ) ;
#4135 = CYLINDRICAL_SURFACE ( 'NONE', #1950, 2.000000000000001776 ) ;
#4136 = ORIENTED_EDGE ( 'NONE', *, *, #2833, .T. ) ;
#4137 = CARTESIAN_POINT ( 'NONE',  ( -56.34771374972677904, 13.70162369194453333, 49.74211337856726800 ) ) ;
#4138 = CARTESIAN_POINT ( 'NONE',  ( 53.74582414870447167, 15.00000000000000178, 53.48049966883499451 ) ) ;
#4139 = CARTESIAN_POINT ( 'NONE',  ( -71.04085550945048055, 14.86438140965696775, -24.19243649071084690 ) ) ;
#4140 = EDGE_CURVE ( 'NONE', #3177, #79, #4110, .T. ) ;
#4141 = CARTESIAN_POINT ( 'NONE',  ( -16.19100397380303846, 15.26357696537448128, -73.16802379509719856 ) ) ;
#4142 = CARTESIAN_POINT ( 'NONE',  ( -18.92999999999999616, 25.00000000000000000, 31.75000000000000711 ) ) ;
#4143 = DIRECTION ( 'NONE',  ( 0.9887746132728449933, -0.1483404529302446706, 0.01788502646310304034 ) ) ;
#4144 = CARTESIAN_POINT ( 'NONE',  ( 73.55416147525176029, 13.25235129953025748, -20.66005083581446300 ) ) ;
#4145 = EDGE_CURVE ( 'NONE', #2290, #2432, #3027, .T. ) ;
#4146 = VERTEX_POINT ( 'NONE', #4391 ) ;
#4147 = ADVANCED_FACE ( 'NONE', ( #249, #4437, #1654, #1265, #601, #920 ), #3051, .T. ) ;
#4148 = DIRECTION ( 'NONE',  ( 0.9998364509556315616, -0.000000000000000000, 0.01808511378031029196 ) ) ;
#4149 = CARTESIAN_POINT ( 'NONE',  ( -56.43140390567410947, 14.26597694346623157, 49.40208579674333578 ) ) ;
#4150 = ORIENTED_EDGE ( 'NONE', *, *, #3104, .F. ) ;
#4151 = CARTESIAN_POINT ( 'NONE',  ( -55.77831909150398104, 15.00000000000000000, 52.14084222697053406 ) ) ;
#4152 = AXIS2_PLACEMENT_3D ( 'NONE', #4216, #3153, #7 ) ;
#4153 = CARTESIAN_POINT ( 'NONE',  ( 22.87179452855879447, 55.00000000000000000, 6.303132937829255766 ) ) ;
#4154 =( BOUNDED_CURVE ( )  B_SPLINE_CURVE ( 3, ( #1578, #2577, #1002, #3337 ),
 .UNSPECIFIED., .F., .F. ) 
 B_SPLINE_CURVE_WITH_KNOTS ( ( 4, 4 ),
 ( 1.570796326794900111, 2.824964990453909142 ),
 .UNSPECIFIED. ) 
 CURVE ( )  GEOMETRIC_REPRESENTATION_ITEM ( )  RATIONAL_B_SPLINE_CURVE ( ( 1.000000000000000000, 0.8731612146197134106, 0.8731612146197134106, 1.000000000000000000 ) ) 
 REPRESENTATION_ITEM ( '' )  );
#4155 = VERTEX_POINT ( 'NONE', #1286 ) ;
#4156 = DIRECTION ( 'NONE',  ( 0.4788984193720283722, 0.1483404529302446706, 0.8652464469429635985 ) ) ;
#4157 = AXIS2_PLACEMENT_3D ( 'NONE', #1944, #3339, #1243 ) ;
#4158 = FACE_BOUND ( 'NONE', #4482, .T. ) ;
#4159 = DIRECTION ( 'NONE',  ( 0.8660254037844328234, 0.000000000000000000, -0.5000000000000101030 ) ) ;
#4160 = VERTEX_POINT ( 'NONE', #2673 ) ;
#4161 = PLANE ( 'NONE',  #1831 ) ;
#4162 = CARTESIAN_POINT ( 'NONE',  ( 71.83199688147749384, 55.00000000000000000, 9.939178439855684388 ) ) ;
#4163 = DIRECTION ( 'NONE',  ( 0.2230034993739967164, -0.000000000000000000, -0.9748176441093748812 ) ) ;
#4164 = CARTESIAN_POINT ( 'NONE',  ( 58.26902014239125549, 0.000000000000000000, -50.33608339596558068 ) ) ;
#4165 = CARTESIAN_POINT ( 'NONE',  ( 71.97311061088019812, 14.66607261105223792, -21.09361731904578363 ) ) ;
#4166 = DIRECTION ( 'NONE',  ( 1.734723475976807094E-15, 0.000000000000000000, 1.000000000000000000 ) ) ;
#4167 = CARTESIAN_POINT ( 'NONE',  ( 72.72683701911367393, 65.00000000000000000, 25.29440999895586728 ) ) ;
#4168 = ORIENTED_EDGE ( 'NONE', *, *, #3361, .T. ) ;
#4169 = CARTESIAN_POINT ( 'NONE',  ( 71.83199688147749384, 65.00000000000000000, 9.939178439855682612 ) ) ;
#4170 = ORIENTED_EDGE ( 'NONE', *, *, #1088, .F. ) ;
#4171 = DIRECTION ( 'NONE',  ( -0.000000000000000000, 1.000000000000000000, -0.000000000000000000 ) ) ;
#4172 = ADVANCED_FACE ( 'NONE', ( #277 ), #4086, .F. ) ;
#4173 = AXIS2_PLACEMENT_3D ( 'NONE', #2088, #327, #4497 ) ;
#4174 = LINE ( 'NONE', #1677, #2104 ) ;
#4175 = ORIENTED_EDGE ( 'NONE', *, *, #1747, .F. ) ;
#4176 = VECTOR ( 'NONE', #104, 1000.000000000000000 ) ;
#4177 = CARTESIAN_POINT ( 'NONE',  ( 73.59033170281239222, 0.000000000000000000, -22.65972373772572723 ) ) ;
#4178 = VECTOR ( 'NONE', #2467, 1000.000000000000000 ) ;
#4179 = FACE_OUTER_BOUND ( 'NONE', #193, .T. ) ;
#4180 =( BOUNDED_CURVE ( )  B_SPLINE_CURVE ( 3, ( #556, #971, #2632, #4018 ),
 .UNSPECIFIED., .F., .F. ) 
 B_SPLINE_CURVE_WITH_KNOTS ( ( 4, 4 ),
 ( 3.458383050241006895, 3.683277528967262793 ),
 .UNSPECIFIED. ) 
 CURVE ( )  GEOMETRIC_REPRESENTATION_ITEM ( )  RATIONAL_B_SPLINE_CURVE ( ( 1.000000000000000000, 0.9957896453703147799, 0.9957896453703147799, 1.000000000000000000 ) ) 
 REPRESENTATION_ITEM ( '' )  );
#4181 = FACE_OUTER_BOUND ( 'NONE', #3857, .T. ) ;
#4182 = EDGE_LOOP ( 'NONE', ( #2229, #1210, #3042, #2232, #2491, #545, #2877, #1963, #1155, #4383, #1619, #106, #191, #3524, #2067, #3292, #1140, #25, #4127, #3116, #164, #464, #363, #1868, #1491, #2721, #2309, #2647, #2712 ) ) ;
#4183 = FACE_OUTER_BOUND ( 'NONE', #4058, .T. ) ;
#4184 = CARTESIAN_POINT ( 'NONE',  ( -174.6101287694738176, 0.000000000000000000, -23.13662801939297964 ) ) ;
#4185 = FACE_OUTER_BOUND ( 'NONE', #2199, .T. ) ;
#4186 = CARTESIAN_POINT ( 'NONE',  ( -64.43596851727879482, 0.000000000000000000, 149.7308692303508053 ) ) ;
#4187 = EDGE_CURVE ( 'NONE', #1464, #2926, #857, .T. ) ;
#4188 = CIRCLE ( 'NONE', #305, 3.499999999999999556 ) ;
#4189 = CARTESIAN_POINT ( 'NONE',  ( 67.26815676203257510, 0.000000000000000000, 162.7851212821325646 ) ) ;
#4190 = DIRECTION ( 'NONE',  ( 0.000000000000000000, 0.000000000000000000, 1.000000000000000000 ) ) ;
#4191 = CARTESIAN_POINT ( 'NONE',  ( -56.16003602230038183, 24.99999999999999645, -16.37987649446486316 ) ) ;
#4192 = ORIENTED_EDGE ( 'NONE', *, *, #4120, .F. ) ;
#4193 = CARTESIAN_POINT ( 'NONE',  ( 72.19369915708359997, 55.00000000000000000, -10.05755057925694906 ) ) ;
#4194 = ORIENTED_EDGE ( 'NONE', *, *, #1921, .F. ) ;
#4195 = CARTESIAN_POINT ( 'NONE',  ( 16.89912139471971031, 15.47811634594413910, -72.14409084383500215 ) ) ;
#4196 = ORIENTED_EDGE ( 'NONE', *, *, #3714, .T. ) ;
#4197 = EDGE_CURVE ( 'NONE', #3398, #571, #3127, .T. ) ;
#4198 = CARTESIAN_POINT ( 'NONE',  ( 18.89254068399434416, 15.00000000000000000, -72.95662795166852277 ) ) ;
#4199 = ORIENTED_EDGE ( 'NONE', *, *, #3994, .T. ) ;
#4200 = ADVANCED_FACE ( 'NONE', ( #2400 ), #4483, .F. ) ;
#4201 = LINE ( 'NONE', #3899, #4026 ) ;
#4202 = CARTESIAN_POINT ( 'NONE',  ( 56.41906225101417505, 65.00000000000000000, 52.40123485869571596 ) ) ;
#4203 = EDGE_CURVE ( 'NONE', #1548, #4013, #3083, .T. ) ;
#4204 = EDGE_CURVE ( 'NONE', #2234, #48, #298, .T. ) ;
#4205 = PLANE ( 'NONE',  #4377 ) ;
#4206 = ORIENTED_EDGE ( 'NONE', *, *, #39, .F. ) ;
#4207 = CARTESIAN_POINT ( 'NONE',  ( -56.47169233512369857, 14.86438140965841548, 49.42696733240803297 ) ) ;
#4208 = CARTESIAN_POINT ( 'NONE',  ( -16.20766952281761775, 15.00000000000000000, -74.66198127989325428 ) ) ;
#4209 = EDGE_LOOP ( 'NONE', ( #1513, #1824, #1523, #2085 ) ) ;
#4210 = DIRECTION ( 'NONE',  ( 0.000000000000000000, -1.000000000000000000, 0.000000000000000000 ) ) ;
#4211 = LINE ( 'NONE', #1089, #3742 ) ;
#4212 = CARTESIAN_POINT ( 'NONE',  ( 75.34919931401169890, 15.00000000000000000, -18.62725491042946402 ) ) ;
#4213 = AXIS2_PLACEMENT_3D ( 'NONE', #3036, #2990, #4425 ) ;
#4214 = CARTESIAN_POINT ( 'NONE',  ( 54.66920960491935233, 0.000000000000000000, 53.36974697372316712 ) ) ;
#4215 = ORIENTED_EDGE ( 'NONE', *, *, #3052, .F. ) ;
#4216 = CARTESIAN_POINT ( 'NONE',  ( 0.000000000000000000, 65.00000000000000000, 0.000000000000000000 ) ) ;
#4217 = ORIENTED_EDGE ( 'NONE', *, *, #2131, .F. ) ;
#4218 = CARTESIAN_POINT ( 'NONE',  ( 16.75855054967939850, 14.90307291276055146, -73.10338597658251558 ) ) ;
#4219 = DIRECTION ( 'NONE',  ( 0.000000000000000000, 0.000000000000000000, 1.000000000000000000 ) ) ;
#4220 = AXIS2_PLACEMENT_3D ( 'NONE', #624, #4092, #154 ) ;
#4221 = EDGE_LOOP ( 'NONE', ( #4320, #430, #3933, #1745, #40 ) ) ;
#4222 = TOROIDAL_SURFACE ( 'NONE', #3054, 73.00000000000001421, 2.000000000000000000 ) ;
#4223 = CARTESIAN_POINT ( 'NONE',  ( 14.56916317432861163, 14.86438140965782750, 73.61940382312165809 ) ) ;
#4224 = PLANE ( 'NONE',  #555 ) ;
#4225 = CARTESIAN_POINT ( 'NONE',  ( 71.38728062745892089, 15.00000000000000000, -161.2832299295601501 ) ) ;
#4226 = AXIS2_PLACEMENT_3D ( 'NONE', #1980, #1636, #3690 ) ;
#4227 = ORIENTED_EDGE ( 'NONE', *, *, #2563, .F. ) ;
#4228 = EDGE_CURVE ( 'NONE', #2290, #2215, #2168, .T. ) ;
#4229 = CARTESIAN_POINT ( 'NONE',  ( 0.000000000000000000, 25.00000000000000000, 62.50000000000000000 ) ) ;
#4230 = AXIS2_PLACEMENT_3D ( 'NONE', #3831, #4559, #1057 ) ;
#4231 = DIRECTION ( 'NONE',  ( 0.000000000000000000, -0.000000000000000000, -1.000000000000000000 ) ) ;
#4232 = CIRCLE ( 'NONE', #3486, 2.000000000000000444 ) ;
#4233 = CARTESIAN_POINT ( 'NONE',  ( 0.000000000000000000, 65.00000000000000000, 62.50000000000000000 ) ) ;
#4234 = PLANE ( 'NONE',  #2631 ) ;
#4235 = CARTESIAN_POINT ( 'NONE',  ( 72.72683701911367393, 65.00000000000000000, 25.29440999895586728 ) ) ;
#4236 = VERTEX_POINT ( 'NONE', #1378 ) ;
#4237 = CARTESIAN_POINT ( 'NONE',  ( 14.45781687672228699, 65.00000000000000000, 75.63049339492083334 ) ) ;
#4238 = ORIENTED_EDGE ( 'NONE', *, *, #216, .T. ) ;
#4239 = CARTESIAN_POINT ( 'NONE',  ( 7.654042494670957804E-15, 25.00000000000000000, -62.50000000000000000 ) ) ;
#4240 = EDGE_LOOP ( 'NONE', ( #1832, #2571, #4249, #4330 ) ) ;
#4241 = CARTESIAN_POINT ( 'NONE',  ( 71.04085550945244165, 14.86438140965756283, 24.19243649071112401 ) ) ;
#4242 = ADVANCED_FACE ( 'NONE', ( #2124 ), #2105, .F. ) ;
#4243 = VERTEX_POINT ( 'NONE', #1332 ) ;
#4244 = EDGE_LOOP ( 'NONE', ( #3305, #4378, #797, #1542 ) ) ;
#4245 = CARTESIAN_POINT ( 'NONE',  ( 15.10886749711535160, 13.65660588018446830, 73.72777120664582640 ) ) ;
#4246 = CARTESIAN_POINT ( 'NONE',  ( -18.45279761950837383, 14.64302378775772340, 73.50217639008079118 ) ) ;
#4247 = CARTESIAN_POINT ( 'NONE',  ( 24.16999999999999815, 31.00000000000000000, -19.04999999999999005 ) ) ;
#4248 = VECTOR ( 'NONE', #2408, 1000.000000000000114 ) ;
#4249 = ORIENTED_EDGE ( 'NONE', *, *, #3045, .F. ) ;
#4250 = CARTESIAN_POINT ( 'NONE',  ( 56.42315675560693933, 14.54981794712755772, -51.15509483963651860 ) ) ;
#4251 = VECTOR ( 'NONE', #4537, 1000.000000000000000 ) ;
#4252 = AXIS2_PLACEMENT_3D ( 'NONE', #1681, #2081, #2043 ) ;
#4253 = CYLINDRICAL_SURFACE ( 'NONE', #1440, 3.499999999999999556 ) ;
#4254 = EDGE_CURVE ( 'NONE', #151, #3934, #2603, .T. ) ;
#4255 = VECTOR ( 'NONE', #3675, 999.9999999999998863 ) ;
#4256 = CARTESIAN_POINT ( 'NONE',  ( 108.3458239266177827, 0.000000000000000000, -139.0444532587717106 ) ) ;
#4257 = EDGE_CURVE ( 'NONE', #4062, #2373, #2755, .T. ) ;
#4258 = CARTESIAN_POINT ( 'NONE',  ( -60.00003848536366746, 51.00000000000000711, -17.49986804964195031 ) ) ;
#4259 = CARTESIAN_POINT ( 'NONE',  ( 18.42304324332894438, 13.52112138827591536, -73.26215351668589904 ) ) ;
#4260 = ORIENTED_EDGE ( 'NONE', *, *, #2226, .T. ) ;
#4261 = EDGE_LOOP ( 'NONE', ( #225, #1026, #2506, #3995, #364 ) ) ;
#4262 = LINE ( 'NONE', #424, #342 ) ;
#4263 = EDGE_CURVE ( 'NONE', #3515, #865, #4232, .T. ) ;
#4264 = ORIENTED_EDGE ( 'NONE', *, *, #1161, .T. ) ;
#4265 = ORIENTED_EDGE ( 'NONE', *, *, #1957, .T. ) ;
#4266 = CARTESIAN_POINT ( 'NONE',  ( 175.3690146371354501, 15.00000000000000000, -18.81841643431030775 ) ) ;
#4267 = CARTESIAN_POINT ( 'NONE',  ( -54.95363206267652600, 13.82249539609411215, -51.04016382340453362 ) ) ;
#4268 = VERTEX_POINT ( 'NONE', #3093 ) ;
#4269 = CARTESIAN_POINT ( 'NONE',  ( 14.33949745784054741, 14.88768880342935574, 73.62011976616651054 ) ) ;
#4270 = CARTESIAN_POINT ( 'NONE',  ( -17.65663639558502140, 14.80485542351301476, 73.10457998296853077 ) ) ;
#4271 = LINE ( 'NONE', #3228, #1300 ) ;
#4272 = ORIENTED_EDGE ( 'NONE', *, *, #687, .T. ) ;
#4273 = B_SPLINE_CURVE_WITH_KNOTS ( 'NONE', 3,
 ( #1045, #1346, #3084, #3107, #3767, #2458 ),
 .UNSPECIFIED., .F., .F.,
 ( 4, 2, 4 ),
 ( -8.944528321379757277E-06, 0.0009833539879797810641, 0.001975652504280942141 ),
 .UNSPECIFIED. ) ;
#4274 = DIRECTION ( 'NONE',  ( 0.000000000000000000, 1.000000000000000000, 0.000000000000000000 ) ) ;
#4275 = CIRCLE ( 'NONE', #1553, 1.999999999999999778 ) ;
#4276 = CARTESIAN_POINT ( 'NONE',  ( 23.13402867837321963, 55.00000000000000000, -5.794495601027412235 ) ) ;
#4277 = LINE ( 'NONE', #813, #145 ) ;
#4278 = CARTESIAN_POINT ( 'NONE',  ( -59.53855435424125631, 53.95145328292948506, -14.22099150949440904 ) ) ;
#4279 = EDGE_CURVE ( 'NONE', #4236, #4390, #2470, .T. ) ;
#4280 = CARTESIAN_POINT ( 'NONE',  ( 175.3328929353346552, 0.000000000000000000, -17.99337882059164784 ) ) ;
#4281 = ORIENTED_EDGE ( 'NONE', *, *, #1481, .F. ) ;
#4282 = ORIENTED_EDGE ( 'NONE', *, *, #2945, .F. ) ;
#4283 = CARTESIAN_POINT ( 'NONE',  ( 70.99916325275522411, 14.26597694346648382, 24.16998645516243371 ) ) ;
#4285 = ORIENTED_EDGE ( 'NONE', *, *, #2093, .F. ) ;
#4284 = AXIS2_PLACEMENT_3D ( 'NONE', #859, #3932, #1154 ) ;
#4286 = DIRECTION ( 'NONE',  ( 0.000000000000000000, 0.000000000000000000, 1.000000000000000000 ) ) ;
#4287 = CARTESIAN_POINT ( 'NONE',  ( 70.00100406300938971, 15.49482668900824933, 24.28875396908091489 ) ) ;
#4288 = ORIENTED_EDGE ( 'NONE', *, *, #1990, .T. ) ;
#4289 = CARTESIAN_POINT ( 'NONE',  ( -53.56977765769109112, 15.11316379282901856, -53.53421425543334067 ) ) ;
#4290 = CARTESIAN_POINT ( 'NONE',  ( 16.20766952281709550, 13.25176592379589025, 74.66198127989335376 ) ) ;
#4291 = CARTESIAN_POINT ( 'NONE',  ( -16.98060280924212151, 14.88749537471594309, 73.05615774163018727 ) ) ;
#4292 = FACE_BOUND ( 'NONE', #2960, .T. ) ;
#4293 = AXIS2_PLACEMENT_3D ( 'NONE', #4420, #3009, #207 ) ;
#4294 = EDGE_LOOP ( 'NONE', ( #3635, #499, #795, #3499 ) ) ;
#4295 = DIRECTION ( 'NONE',  ( 0.000000000000000000, -1.000000000000000000, 0.000000000000000000 ) ) ;
#4296 = VECTOR ( 'NONE', #771, 1000.000000000000000 ) ;
#4297 = LINE ( 'NONE', #155, #2163 ) ;
#4298 = EDGE_CURVE ( 'NONE', #4500, #3331, #2063, .T. ) ;
#4299 = CARTESIAN_POINT ( 'NONE',  ( 0.000000000000000000, 65.00000000000000000, 0.000000000000000000 ) ) ;
#4300 = AXIS2_PLACEMENT_3D ( 'NONE', #1683, #3077, #4492 ) ;
#4301 = LINE ( 'NONE', #113, #1165 ) ;
#4302 = CARTESIAN_POINT ( 'NONE',  ( 22.87179452855879447, 55.00000000000000000, 3.903132937829254967 ) ) ;
#4303 = ORIENTED_EDGE ( 'NONE', *, *, #2584, .F. ) ;
#4304 = CARTESIAN_POINT ( 'NONE',  ( 60.76982596527026459, 51.00000000000000711, 14.60404916969140032 ) ) ;
#4305 = AXIS2_PLACEMENT_3D ( 'NONE', #2375, #4507, #2041 ) ;
#4306 = EDGE_CURVE ( 'NONE', #2215, #2290, #417, .T. ) ;
#4307 = AXIS2_PLACEMENT_3D ( 'NONE', #228, #2136, #3820 ) ;
#4308 = ORIENTED_EDGE ( 'NONE', *, *, #4306, .F. ) ;
#4309 = EDGE_LOOP ( 'NONE', ( #2206, #3424, #894, #1891 ) ) ;
#4310 = CARTESIAN_POINT ( 'NONE',  ( -18.92999999999999616, 31.00000000000000000, 33.00000000000000711 ) ) ;
#4311 = ORIENTED_EDGE ( 'NONE', *, *, #3654, .F. ) ;
#4312 = CARTESIAN_POINT ( 'NONE',  ( 72.08643699991695541, 14.64327055311507131, 23.38076087861592711 ) ) ;
#4313 = ORIENTED_EDGE ( 'NONE', *, *, #4263, .F. ) ;
#4314 = CYLINDRICAL_SURFACE ( 'NONE', #960, 3.499999999999999556 ) ;
#4315 = EDGE_CURVE ( 'NONE', #865, #1695, #1552, .T. ) ;
#4316 = ORIENTED_EDGE ( 'NONE', *, *, #2165, .T. ) ;
#4317 = CARTESIAN_POINT ( 'NONE',  ( 14.62557573765669616, 15.45328883575789192, 72.69550965939519926 ) ) ;
#4318 = ORIENTED_EDGE ( 'NONE', *, *, #3911, .F. ) ;
#4319 = CARTESIAN_POINT ( 'NONE',  ( 24.16999999999999815, 25.00000000000000000, -17.79999999999999005 ) ) ;
#4320 = ORIENTED_EDGE ( 'NONE', *, *, #2269, .F. ) ;
#4321 = DIRECTION ( 'NONE',  ( 0.8660254037844432595, 0.000000000000000000, 0.4999999999999919509 ) ) ;
#4322 = CIRCLE ( 'NONE', #1244, 62.50000000000000000 ) ;
#4323 = DIRECTION ( 'NONE',  ( 0.000000000000000000, -0.000000000000000000, 1.000000000000000000 ) ) ;
#4324 = CARTESIAN_POINT ( 'NONE',  ( -18.92999999999999616, 25.00000000000000000, 31.75000000000000711 ) ) ;
#4325 = CIRCLE ( 'NONE', #4252, 2.000000000000000000 ) ;
#4326 = CARTESIAN_POINT ( 'NONE',  ( 53.85507452722760036, 15.00000000000000000, 52.19799754460665753 ) ) ;
#4327 = CARTESIAN_POINT ( 'NONE',  ( 71.12732356266261036, 13.73962204665798659, 23.80505145909035392 ) ) ;
#4328 = EDGE_CURVE ( 'NONE', #4416, #4160, #4174, .T. ) ;
#4329 = VERTEX_POINT ( 'NONE', #3071 ) ;
#4330 = ORIENTED_EDGE ( 'NONE', *, *, #3537, .F. ) ;
#4331 = CARTESIAN_POINT ( 'NONE',  ( 0.000000000000000000, 63.00000000000000000, 0.000000000000000000 ) ) ;
#4332 = ORIENTED_EDGE ( 'NONE', *, *, #4491, .F. ) ;
#4333 = CARTESIAN_POINT ( 'NONE',  ( -55.78393266325232247, 15.00000000000000000, 53.96437233603046479 ) ) ;
#4334 = ORIENTED_EDGE ( 'NONE', *, *, #278, .T. ) ;
#4335 = CARTESIAN_POINT ( 'NONE',  ( 60.59366058664426902, 65.00000000000000000, -15.31856052997650686 ) ) ;
#4336 = AXIS2_PLACEMENT_3D ( 'NONE', #2200, #3597, #2826 ) ;
#4337 = ORIENTED_EDGE ( 'NONE', *, *, #2139, .T. ) ;
#4338 = CARTESIAN_POINT ( 'NONE',  ( 58.18403602371388672, 54.96053027551902659, -10.60400212335199122 ) ) ;
#4339 = CARTESIAN_POINT ( 'NONE',  ( 73.79784990957718094, 15.00710262026255926, -19.57827059198236341 ) ) ;
#4340 = EDGE_CURVE ( 'NONE', #3779, #3583, #3456, .T. ) ;
#4341 = ORIENTED_EDGE ( 'NONE', *, *, #4328, .F. ) ;
#4342 = DIRECTION ( 'NONE',  ( -0.000000000000000000, -1.000000000000000000, -0.000000000000000000 ) ) ;
#4343 = EDGE_CURVE ( 'NONE', #4390, #2106, #347, .T. ) ;
#4344 = DIRECTION ( 'NONE',  ( -0.000000000000000000, -1.000000000000000000, -0.000000000000000000 ) ) ;
#4345 = EDGE_CURVE ( 'NONE', #3583, #400, #3186, .T. ) ;
#4346 = EDGE_CURVE ( 'NONE', #1643, #3729, #1515, .T. ) ;
#4347 = DIRECTION ( 'NONE',  ( 0.000000000000000000, 0.1301231341334357638, -0.9914978416331988731 ) ) ;
#4348 = DIRECTION ( 'NONE',  ( 0.000000000000000000, 0.000000000000000000, 1.000000000000000000 ) ) ;
#4349 = DIRECTION ( 'NONE',  ( -0.000000000000000000, 1.000000000000000000, -0.000000000000000000 ) ) ;
#4350 = CARTESIAN_POINT ( 'NONE',  ( -174.5739585419132140, 0.000000000000000000, -25.13630092130423321 ) ) ;
#4351 = CARTESIAN_POINT ( 'NONE',  ( -161.8887207428489603, 0.000000000000000000, 19.06224896175727679 ) ) ;
#4352 = VERTEX_POINT ( 'NONE', #3964 ) ;
#4353 = VERTEX_POINT ( 'NONE', #2575 ) ;
#4354 = LINE ( 'NONE', #3629, #1261 ) ;
#4355 = ORIENTED_EDGE ( 'NONE', *, *, #663, .T. ) ;
#4356 = ORIENTED_EDGE ( 'NONE', *, *, #1733, .F. ) ;
#4357 = CARTESIAN_POINT ( 'NONE',  ( 8.970000000000002416, 25.00000000000000000, 30.50000000000000711 ) ) ;
#4358 = ORIENTED_EDGE ( 'NONE', *, *, #2898, .T. ) ;
#4359 = CARTESIAN_POINT ( 'NONE',  ( -53.69030803561373943, 15.05989072971310350, -53.84191329870822784 ) ) ;
#4360 = ORIENTED_EDGE ( 'NONE', *, *, #1722, .T. ) ;
#4361 = CARTESIAN_POINT ( 'NONE',  ( 73.73424174524602392, 14.45308281131670469, -20.65679353091292469 ) ) ;
#4362 = AXIS2_PLACEMENT_3D ( 'NONE', #1201, #2202, #3599 ) ;
#4363 = ORIENTED_EDGE ( 'NONE', *, *, #3045, .T. ) ;
#4364 = SURFACE_SIDE_STYLE ('',( #621 ) ) ;
#4365 = UNCERTAINTY_MEASURE_WITH_UNIT (LENGTH_MEASURE( 1.000000000000000082E-05 ), #2696, 'distance_accuracy_value', 'NONE');
#4366 = DIRECTION ( 'NONE',  ( -0.000000000000000000, -1.000000000000000000, -0.000000000000000000 ) ) ;
#4367 = DIRECTION ( 'NONE',  ( 0.000000000000000000, -1.000000000000000000, 0.000000000000000000 ) ) ;
#4368 = EDGE_CURVE ( 'NONE', #3396, #3267, #389, .T. ) ;
#4369 = PLANE ( 'NONE',  #38 ) ;
#4370 = ORIENTED_EDGE ( 'NONE', *, *, #3073, .T. ) ;
#4372 = DIRECTION ( 'NONE',  ( -0.000000000000000000, -1.000000000000000000, -0.000000000000000000 ) ) ;
#4371 = AXIS2_PLACEMENT_3D ( 'NONE', #2450, #2473, #2776 ) ;
#4373 = CARTESIAN_POINT ( 'NONE',  ( -57.46528525579113023, 55.00000000000000711, -12.58468550230292315 ) ) ;
#4374 = CIRCLE ( 'NONE', #3701, 2.000000000000001776 ) ;
#4375 = PLANE ( 'NONE',  #4284 ) ;
#4376 = LINE ( 'NONE', #2182, #4528 ) ;
#4377 = AXIS2_PLACEMENT_3D ( 'NONE', #4225, #3786, #1382 ) ;
#4378 = ORIENTED_EDGE ( 'NONE', *, *, #1141, .T. ) ;
#4379 = CARTESIAN_POINT ( 'NONE',  ( -24.13000000000000256, 31.00000000000000000, -21.10999999999998877 ) ) ;
#4380 = VECTOR ( 'NONE', #757, 1000.000000000000114 ) ;
#4381 = VERTEX_POINT ( 'NONE', #4335 ) ;
#4382 = LINE ( 'NONE', #2128, #2160 ) ;
#4383 = ORIENTED_EDGE ( 'NONE', *, *, #1285, .T. ) ;
#4384 = CARTESIAN_POINT ( 'NONE',  ( 60.76982596527026459, 51.00000000000000711, 14.60404916969140032 ) ) ;
#4385 = ORIENTED_EDGE ( 'NONE', *, *, #2328, .F. ) ;
#4386 = CARTESIAN_POINT ( 'NONE',  ( 60.39465261010293773, 53.37996830016486172, -12.74686214196205647 ) ) ;
#4387 = ORIENTED_EDGE ( 'NONE', *, *, #2292, .F. ) ;
#4388 = CARTESIAN_POINT ( 'NONE',  ( 0.000000000000000000, 51.00000000000000711, 0.000000000000000000 ) ) ;
#4389 = ADVANCED_FACE ( 'NONE', ( #2210 ), #1830, .T. ) ;
#4390 = VERTEX_POINT ( 'NONE', #3607 ) ;
#4391 = CARTESIAN_POINT ( 'NONE',  ( 8.970000000000002416, 31.00000000000000000, 33.00000000000000711 ) ) ;
#4392 = DIRECTION ( 'NONE',  ( 0.000000000000000000, 1.000000000000000000, 0.000000000000000000 ) ) ;
#4393 = DIRECTION ( 'NONE',  ( -0.8749263230474074726, 0.000000000000000000, 0.4842560575137328516 ) ) ;
#4394 = CYLINDRICAL_SURFACE ( 'NONE', #1880, 1.250000000000001110 ) ;
#4395 = ORIENTED_EDGE ( 'NONE', *, *, #2847, .T. ) ;
#4396 = DIRECTION ( 'NONE',  ( -0.000000000000000000, 0.000000000000000000, 1.000000000000000000 ) ) ;
#4397 = DIRECTION ( 'NONE',  ( 0.000000000000000000, 0.000000000000000000, 1.000000000000000000 ) ) ;
#4398 = VECTOR ( 'NONE', #3256, 1000.000000000000000 ) ;
#4399 = DIRECTION ( 'NONE',  ( 0.000000000000000000, 1.000000000000000000, 0.000000000000000000 ) ) ;
#4400 = EDGE_CURVE ( 'NONE', #3515, #8, #3985, .T. ) ;
#4401 = CARTESIAN_POINT ( 'NONE',  ( -15.27984110452159783, 15.38965839145005354, -72.78284066817076337 ) ) ;
#4402 = VECTOR ( 'NONE', #554, 1000.000000000000227 ) ;
#4403 = EDGE_CURVE ( 'NONE', #3378, #872, #124, .T. ) ;
#4404 = ORIENTED_EDGE ( 'NONE', *, *, #233, .F. ) ;
#4405 = CARTESIAN_POINT ( 'NONE',  ( -55.69871066774290114, 15.00000000000000000, 50.22602542458505326 ) ) ;
#4406 = CIRCLE ( 'NONE', #2629, 4.000000000000000000 ) ;
#4407 = ORIENTED_EDGE ( 'NONE', *, *, #1421, .F. ) ;
#4408 = EDGE_CURVE ( 'NONE', #2576, #3357, #3218, .T. ) ;
#4409 = CARTESIAN_POINT ( 'NONE',  ( -26.66984385664081714, 65.00000000000000000, 8.157470045832143413 ) ) ;
#4410 = EDGE_LOOP ( 'NONE', ( #4457, #2652, #453, #3621 ) ) ;
#4411 = CARTESIAN_POINT ( 'NONE',  ( -17.26613439752155443, 15.00000000000000000, -74.37586242712211515 ) ) ;
#4412 = ORIENTED_EDGE ( 'NONE', *, *, #4204, .F. ) ;
#4413 = CARTESIAN_POINT ( 'NONE',  ( 175.0362120255937555, -1.977872705736708925, -16.82410904033793031 ) ) ;
#4414 = CARTESIAN_POINT ( 'NONE',  ( 70.83098118615383498, 15.49475399352870753, -21.75311630825745013 ) ) ;
#4415 = VECTOR ( 'NONE', #4443, 1000.000000000000114 ) ;
#4416 = VERTEX_POINT ( 'NONE', #477 ) ;
#4417 = CARTESIAN_POINT ( 'NONE',  ( -72.55274353245772545, 13.31485535627716743, -23.29093383182873112 ) ) ;
#4418 = VECTOR ( 'NONE', #840, 1000.000000000000000 ) ;
#4419 = DIRECTION ( 'NONE',  ( -0.000000000000000000, -1.000000000000000000, -0.000000000000000000 ) ) ;
#4420 = CARTESIAN_POINT ( 'NONE',  ( 0.000000000000000000, 15.00000000000000000, 0.000000000000000000 ) ) ;
#4421 = CARTESIAN_POINT ( 'NONE',  ( -16.20766952281761775, 13.25176592379590446, -74.66198127989325428 ) ) ;
#4422 = CIRCLE ( 'NONE', #3018, 75.00000000000001421 ) ;
#4423 = CARTESIAN_POINT ( 'NONE',  ( 16.72526245304975490, 13.82249539609410682, -73.11132330820312575 ) ) ;
#4424 = FACE_OUTER_BOUND ( 'NONE', #2150, .T. ) ;
#4425 = DIRECTION ( 'NONE',  ( 0.000000000000000000, 0.000000000000000000, 1.000000000000000000 ) ) ;
#4426 = PLANE ( 'NONE',  #779 ) ;
#4427 = EDGE_CURVE ( 'NONE', #2373, #119, #4458, .T. ) ;
#4428 = ORIENTED_EDGE ( 'NONE', *, *, #1517, .F. ) ;
#4429 = ORIENTED_EDGE ( 'NONE', *, *, #2956, .F. ) ;
#4430 = DIRECTION ( 'NONE',  ( 0.000000000000000000, 1.000000000000000000, 0.000000000000000000 ) ) ;
#4431 = CARTESIAN_POINT ( 'NONE',  ( -73.14687834569092217, 15.11316379282918376, 19.62568119892668150 ) ) ;
#4432 = PRODUCT_DEFINITION_SHAPE ( 'NONE', 'NONE',  #456 ) ;
#4433 = ADVANCED_FACE ( 'NONE', ( #2236 ), #790, .T. ) ;
#4434 = DIRECTION ( 'NONE',  ( 1.224646799147349509E-16, 0.000000000000000000, -1.000000000000000000 ) ) ;
#4435 = VERTEX_POINT ( 'NONE', #3044 ) ;
#4436 = CARTESIAN_POINT ( 'NONE',  ( -55.60291288835127688, 15.00000000000000178, 50.86317476478647848 ) ) ;
#4437 = FACE_BOUND ( 'NONE', #4031, .T. ) ;
#4438 = DIRECTION ( 'NONE',  ( -0.000000000000000000, -1.000000000000000000, 0.000000000000000000 ) ) ;
#4439 = CIRCLE ( 'NONE', #2813, 1.250000000000001110 ) ;
#4440 = CARTESIAN_POINT ( 'NONE',  ( -30.35722144775308351, 50.00000000000000000, -6.762049188273723921 ) ) ;
#4441 = DIRECTION ( 'NONE',  ( -0.4788984193720177696, 0.1483404529302446151, -0.8652464469429695937 ) ) ;
#4442 = DIRECTION ( 'NONE',  ( -0.000000000000000000, -1.000000000000000000, -0.000000000000000000 ) ) ;
#4443 = DIRECTION ( 'NONE',  ( 0.4788984193720222660, -0.1483404529302446151, 0.8652464469429669292 ) ) ;
#4444 = DIRECTION ( 'NONE',  ( -0.000000000000000000, -1.000000000000000000, -0.000000000000000000 ) ) ;
#4445 = PLANE ( 'NONE',  #97 ) ;
#4446 = CARTESIAN_POINT ( 'NONE',  ( -15.79488561926899592, 14.64327055311479064, -74.11906614954574479 ) ) ;
#4447 = EDGE_CURVE ( 'NONE', #734, #1839, #1603, .T. ) ;
#4448 = ORIENTED_EDGE ( 'NONE', *, *, #24, .T. ) ;
#4449 = CARTESIAN_POINT ( 'NONE',  ( -175.3328444095748466, 0.000000000000000000, 16.81874353239905417 ) ) ;
#4450 = ORIENTED_EDGE ( 'NONE', *, *, #1233, .T. ) ;
#4451 = CARTESIAN_POINT ( 'NONE',  ( -71.75878991175565602, 14.88749537471572282, 21.82244546643731198 ) ) ;
#4452 = AXIS2_PLACEMENT_3D ( 'NONE', #3823, #4547, #2790 ) ;
#4453 = CARTESIAN_POINT ( 'NONE',  ( 8.970000000000002416, 31.00000000000000000, 31.75000000000000711 ) ) ;
#4454 = ORIENTED_EDGE ( 'NONE', *, *, #2731, .T. ) ;
#4455 = CARTESIAN_POINT ( 'NONE',  ( -73.79703210361148535, 15.00000000000000000, 19.59196809082504842 ) ) ;
#4456 = AXIS2_PLACEMENT_3D ( 'NONE', #3206, #3928, #2176 ) ;
#4457 = ORIENTED_EDGE ( 'NONE', *, *, #209, .F. ) ;
#4458 = B_SPLINE_CURVE_WITH_KNOTS ( 'NONE', 3,
 ( #101, #1484, #2881, #1786, #1872, #4267 ),
 .UNSPECIFIED., .F., .F.,
 ( 4, 2, 4 ),
 ( 0.000000000000000000, 0.0009917329949732627947, 0.001983465989946525589 ),
 .UNSPECIFIED. ) ;
#4459 = SURFACE_STYLE_USAGE ( .BOTH. , #4364 ) ;
#4460 = VECTOR ( 'NONE', #873, 1000.000000000000114 ) ;
#4461 = EDGE_CURVE ( 'NONE', #2509, #4329, #2982, .T. ) ;
#4462 = CARTESIAN_POINT ( 'NONE',  ( -71.40455657791929411, 13.65660588018447363, -23.77922252840864203 ) ) ;
#4463 = EDGE_CURVE ( 'NONE', #3331, #1873, #949, .T. ) ;
#4464 = CARTESIAN_POINT ( 'NONE',  ( -24.13000000000000256, 31.00000000000000000, -17.60999999999998877 ) ) ;
#4465 = CARTESIAN_POINT ( 'NONE',  ( -56.75553909973208988, 0.000000000000000000, 49.02865265840764408 ) ) ;
#4466 = CARTESIAN_POINT ( 'NONE',  ( -14.08228916563911071, 13.82194042948881041, -73.66606499505266470 ) ) ;
#4467 = ORIENTED_EDGE ( 'NONE', *, *, #4254, .F. ) ;
#4468 = CARTESIAN_POINT ( 'NONE',  ( -56.27035472976958630, 14.76896567921187575, 50.07188376989559231 ) ) ;
#4469 = CARTESIAN_POINT ( 'NONE',  ( 14.08228916563859201, 13.82194042948881041, 73.66606499505276417 ) ) ;
#4470 = DIRECTION ( 'NONE',  ( 0.000000000000000000, 1.000000000000000000, 0.000000000000000000 ) ) ;
#4471 = CARTESIAN_POINT ( 'NONE',  ( -16.10583139000376462, 13.31485535627944827, -74.47798592927998129 ) ) ;
#4472 = ORIENTED_EDGE ( 'NONE', *, *, #2279, .F. ) ;
#4473 = CARTESIAN_POINT ( 'NONE',  ( 19.18441693744652810, 65.00000000000000000, -11.01638629627661992 ) ) ;
#4474 = EDGE_CURVE ( 'NONE', #4352, #3729, #2327, .T. ) ;
#4475 = ORIENTED_EDGE ( 'NONE', *, *, #1310, .T. ) ;
#4476 = CARTESIAN_POINT ( 'NONE',  ( -72.13874159603373926, 14.80485542351245876, 21.26119432752170013 ) ) ;
#4477 = CIRCLE ( 'NONE', #292, 2.400000000000001243 ) ;
#4478 =( LENGTH_UNIT ( ) NAMED_UNIT ( * ) SI_UNIT ( .MILLI., .METRE. ) );
#4479 = VERTEX_POINT ( 'NONE', #3383 ) ;
#4480 = DIRECTION ( 'NONE',  ( 0.000000000000000000, 1.000000000000000000, -0.000000000000000000 ) ) ;
#4481 = AXIS2_PLACEMENT_3D ( 'NONE', #506, #3663, #1560 ) ;
#4482 = EDGE_LOOP ( 'NONE', ( #4428, #938 ) ) ;
#4483 = PLANE ( 'NONE',  #4305 ) ;
#4484 = AXIS2_PLACEMENT_3D ( 'NONE', #310, #2438, #4542 ) ;
#4485 = EDGE_CURVE ( 'NONE', #2274, #1426, #963, .T. ) ;
#4486 =( BOUNDED_CURVE ( )  B_SPLINE_CURVE ( 3, ( #139, #447, #1912, #192 ),
 .UNSPECIFIED., .F., .F. ) 
 B_SPLINE_CURVE_WITH_KNOTS ( ( 4, 4 ),
 ( 4.712388980384688786, 6.283185307179586232 ),
 .UNSPECIFIED. ) 
 CURVE ( )  GEOMETRIC_REPRESENTATION_ITEM ( )  RATIONAL_B_SPLINE_CURVE ( ( 1.000000000000000000, 0.8047378541243648264, 0.8047378541243648264, 1.000000000000000000 ) ) 
 REPRESENTATION_ITEM ( '' )  );
#4487 = DIRECTION ( 'NONE',  ( -0.000000000000000000, 1.000000000000000000, -0.000000000000000000 ) ) ;
#4488 = EDGE_CURVE ( 'NONE', #2137, #8, #4035, .T. ) ;
#4489 = CARTESIAN_POINT ( 'NONE',  ( 174.3134963854919874, -1.977872705736595238, 23.13126251145406087 ) ) ;
#4490 = DIRECTION ( 'NONE',  ( 0.4788984193720207672, -0.1483404529302452257, 0.8652464469429677063 ) ) ;
#4491 = EDGE_CURVE ( 'NONE', #1111, #4082, #2682, .T. ) ;
#4492 = DIRECTION ( 'NONE',  ( -0.8568412092671028324, 0.000000000000000000, -0.5155803934418849988 ) ) ;
#4493 = ORIENTED_EDGE ( 'NONE', *, *, #3862, .F. ) ;
#4494 = VECTOR ( 'NONE', #3817, 1000.000000000000000 ) ;
#4495 = DIRECTION ( 'NONE',  ( 0.000000000000000000, 0.000000000000000000, -1.000000000000000000 ) ) ;
#4496 = EDGE_CURVE ( 'NONE', #4146, #1426, #3936, .T. ) ;
#4497 = DIRECTION ( 'NONE',  ( 0.000000000000000000, 0.000000000000000000, -1.000000000000000000 ) ) ;
#4498 = CARTESIAN_POINT ( 'NONE',  ( -18.24828002125838822, 25.00000000000000000, -55.46619988777170107 ) ) ;
#4499 = CARTESIAN_POINT ( 'NONE',  ( -15.49036464546958669, 13.55472054524720171, -73.90478665815315651 ) ) ;
#4500 = VERTEX_POINT ( 'NONE', #1303 ) ;
#4501 = FACE_OUTER_BOUND ( 'NONE', #2475, .T. ) ;
#4502 = CARTESIAN_POINT ( 'NONE',  ( 73.30413947921690010, 14.54955640616569745, -20.66071715091989702 ) ) ;
#4503 = EDGE_LOOP ( 'NONE', ( #520, #4387, #1502, #1576, #2462 ) ) ;
#4504 = CARTESIAN_POINT ( 'NONE',  ( -73.79784990957719515, 15.00710262026255215, 19.57827059198235276 ) ) ;
#4505 = ORIENTED_EDGE ( 'NONE', *, *, #4340, .F. ) ;
#4506 = DIRECTION ( 'NONE',  ( 0.000000000000000000, 0.000000000000000000, 1.000000000000000000 ) ) ;
#4507 = DIRECTION ( 'NONE',  ( 0.000000000000000000, -1.000000000000000000, 0.000000000000000000 ) ) ;
#4508 = CARTESIAN_POINT ( 'NONE',  ( 0.000000000000000000, 0.000000000000000000, 0.000000000000000000 ) ) ;
#4509 = PLANE ( 'NONE',  #2547 ) ;
#4510 = FACE_OUTER_BOUND ( 'NONE', #2933, .T. ) ;
#4511 =( BOUNDED_CURVE ( )  B_SPLINE_CURVE ( 3, ( #1431, #2734, #1756, #679 ),
 .UNSPECIFIED., .F., .F. ) 
 B_SPLINE_CURVE_WITH_KNOTS ( ( 4, 4 ),
 ( 3.141592653589791340, 4.712388980384689674 ),
 .UNSPECIFIED. ) 
 CURVE ( )  GEOMETRIC_REPRESENTATION_ITEM ( )  RATIONAL_B_SPLINE_CURVE ( ( 1.000000000000000000, 0.8047378541243646044, 0.8047378541243646044, 1.000000000000000000 ) ) 
 REPRESENTATION_ITEM ( '' )  );
#4512 = FACE_OUTER_BOUND ( 'NONE', #2666, .T. ) ;
#4513 = EDGE_LOOP ( 'NONE', ( #1277, #3066, #3582, #769 ) ) ;
#4514 = DIRECTION ( 'NONE',  ( 0.000000000000000000, 1.000000000000000000, 0.000000000000000000 ) ) ;
#4515 = ADVANCED_FACE ( 'NONE', ( #3286 ), #1549, .F. ) ;
#4516 = DIRECTION ( 'NONE',  ( 0.000000000000000000, 1.000000000000000000, 0.000000000000000000 ) ) ;
#4517 = DIRECTION ( 'NONE',  ( 0.000000000000000000, 0.000000000000000000, 1.000000000000000000 ) ) ;
#4518 = EDGE_CURVE ( 'NONE', #635, #2809, #2233, .T. ) ;
#4519 = CARTESIAN_POINT ( 'NONE',  ( -73.79703210361148535, 15.00000000000000000, 19.59196809082504842 ) ) ;
#4520 = FACE_OUTER_BOUND ( 'NONE', #1593, .T. ) ;
#4521 = CARTESIAN_POINT ( 'NONE',  ( 16.72526245304975490, 13.82249539609410682, -73.11132330820312575 ) ) ;
#4522 = ORIENTED_EDGE ( 'NONE', *, *, #578, .F. ) ;
#4523 = CARTESIAN_POINT ( 'NONE',  ( -71.46026716935737966, 15.38958280064324136, 20.60017263353466888 ) ) ;
#4524 = AXIS2_PLACEMENT_3D ( 'NONE', #2659, #3389, #1268 ) ;
#4525 = VERTEX_POINT ( 'NONE', #293 ) ;
#4526 = CARTESIAN_POINT ( 'NONE',  ( 17.23318272111313121, 15.45320977583410382, -72.12281506897555516 ) ) ;
#4527 = CIRCLE ( 'NONE', #3474, 2.000000000000001776 ) ;
#4528 = VECTOR ( 'NONE', #3280, 1000.000000000000000 ) ;
#4529 = CARTESIAN_POINT ( 'NONE',  ( -19.44255924594430240, 15.00000000000000178, 73.28549889452665411 ) ) ;
#4530 = EDGE_LOOP ( 'NONE', ( #659, #910, #686, #2822 ) ) ;
#4531 = LINE ( 'NONE', #1380, #135 ) ;
#4532 = EDGE_CURVE ( 'NONE', #1372, #1973, #1131, .T. ) ;
#4533 = AXIS2_PLACEMENT_3D ( 'NONE', #968, #2953, #3662 ) ;
#4534 = LINE ( 'NONE', #1381, #631 ) ;
#4535 = CARTESIAN_POINT ( 'NONE',  ( 54.48210520044773375, 14.80485542351205730, 51.84338565544747013 ) ) ;
#4536 = EDGE_LOOP ( 'NONE', ( #2830, #4505, #1099, #2645 ) ) ;
#4537 = DIRECTION ( 'NONE',  ( -0.000000000000000000, 1.000000000000000000, -0.000000000000000000 ) ) ;
#4538 = CARTESIAN_POINT ( 'NONE',  ( 8.970000000000002416, 31.00000000000000000, 31.75000000000000711 ) ) ;
#4539 = DIRECTION ( 'NONE',  ( 0.4788984193720237648, 0.1483404529302446151, 0.8652464469429660410 ) ) ;
#4540 = LINE ( 'NONE', #1388, #3123 ) ;
#4541 = CARTESIAN_POINT ( 'NONE',  ( 73.55416147525176029, 13.25235129953025570, -20.66005083581446655 ) ) ;
#4542 = DIRECTION ( 'NONE',  ( 0.000000000000000000, 0.000000000000000000, 1.000000000000000000 ) ) ;
#4543 = B_SPLINE_CURVE_WITH_KNOTS ( 'NONE', 3,
 ( #884, #470, #4283, #3303, #3958, #3324 ),
 .UNSPECIFIED., .F., .F.,
 ( 4, 2, 4 ),
 ( -8.944528321736993422E-06, 0.0009833539879796240717, 0.001975652504280985076 ),
 .UNSPECIFIED. ) ;
#4544 = EDGE_CURVE ( 'NONE', #4525, #1455, #1819, .T. ) ;
#4545 = DIRECTION ( 'NONE',  ( 0.4788984193720177140, -0.1483404529302446151, 0.8652464469429694827 ) ) ;
#4546 = ORIENTED_EDGE ( 'NONE', *, *, #2811, .F. ) ;
#4547 = DIRECTION ( 'NONE',  ( 0.000000000000000000, 1.000000000000000000, 0.000000000000000000 ) ) ;
#4548 = EDGE_CURVE ( 'NONE', #2064, #1016, #3240, .T. ) ;
#4549 = ORIENTED_EDGE ( 'NONE', *, *, #4279, .T. ) ;
#4550 = CARTESIAN_POINT ( 'NONE',  ( 16.71060609059340862, 13.82388556941332247, -73.11473423431871765 ) ) ;
#4551 = EDGE_CURVE ( 'NONE', #835, #1401, #2112, .T. ) ;
#4552 = VECTOR ( 'NONE', #3814, 1000.000000000000114 ) ;
#4553 = CARTESIAN_POINT ( 'NONE',  ( 19.93137397501647001, 15.00000000000000000, -73.70608857103603384 ) ) ;
#4554 = EDGE_LOOP ( 'NONE', ( #3921, #4272, #730 ) ) ;
#4555 = AXIS2_PLACEMENT_3D ( 'NONE', #2630, #4392, #4090 ) ;
#4556 = CARTESIAN_POINT ( 'NONE',  ( -72.65840770307011098, 13.52112138827592247, 20.67625329460016204 ) ) ;
#4557 = AXIS2_PLACEMENT_3D ( 'NONE', #3788, #2407, #4495 ) ;
#4558 = CARTESIAN_POINT ( 'NONE',  ( -70.83782826537046162, 0.000000000000000000, -24.63741233664532970 ) ) ;
#4559 = DIRECTION ( 'NONE',  ( -0.000000000000000000, 1.000000000000000000, -0.000000000000000000 ) ) ;
#4560 = ORIENTED_EDGE ( 'NONE', *, *, #2480, .T. ) ;
#4561 = CARTESIAN_POINT ( 'NONE',  ( 24.16999999999999815, 25.00000000000000000, -19.04999999999999005 ) ) ;
ENDSEC;
END-ISO-10303-21;
